﻿도봉구,덕릉로
도봉구,덕릉로
도봉구,도봉로
도봉구,도봉로
도봉구,도봉로
도봉구,도봉로
도봉구,도봉로
도봉구,삼양로
도봉구,삼양로
도봉구,노해로
도봉구,노해로
도봉구,노해로
도봉구,방학로
도봉구,방학로
도봉구,도당로
도봉구,도당로
도봉구,도당로
도봉구,시루봉로
도봉구,시루봉로
도봉구,시루봉로
도봉구,시루봉로
도봉구,해등로
도봉구,해등로
도봉구,해등로
도봉구,해등로
도봉구,마들로
도봉구,마들로
도봉구,마들로
도봉구,마들로
도봉구,우이천로
도봉구,우이천로
도봉구,우이천로
도봉구,평화로
도봉구,창포원로
도봉구,창포원로
도봉구,삼양로140길
도봉구,노해로37길
도봉구,노해로37길
도봉구,노해로38길
도봉구,노해로38길
도봉구,노해로40길
도봉구,노해로40길
도봉구,노해로41가길
도봉구,노해로41가길
도봉구,노해로41길
도봉구,노해로41길
도봉구,노해로41나길
도봉구,노해로41나길
도봉구,노해로42길
도봉구,노해로42길
도봉구,노해로44길
도봉구,노해로44길
도봉구,노해로45길
도봉구,노해로45길
도봉구,노해로46길
도봉구,노해로46길
도봉구,노해로48길
도봉구,노해로48길
도봉구,노해로49길
도봉구,노해로49길
도봉구,노해로51길
도봉구,노해로51길
도봉구,노해로53길
도봉구,노해로53길
도봉구,노해로54길
도봉구,노해로54길
도봉구,노해로55길
도봉구,노해로55길
도봉구,노해로57길
도봉구,노해로57길
도봉구,노해로59길
도봉구,노해로59길
도봉구,노해로60가길
도봉구,노해로60가길
도봉구,노해로60길
도봉구,노해로60길
도봉구,노해로61길
도봉구,노해로61길
도봉구,노해로62길
도봉구,노해로62길
도봉구,노해로63가길
도봉구,노해로63가길
도봉구,노해로63가길
도봉구,노해로63길
도봉구,노해로63길
도봉구,노해로63나길
도봉구,노해로63나길
도봉구,노해로63다길
도봉구,노해로63다길
도봉구,노해로65길
도봉구,노해로65길
도봉구,노해로66길
도봉구,노해로66길
도봉구,노해로67길
도봉구,노해로67길
도봉구,노해로69가길
도봉구,노해로69가길
도봉구,노해로69길
도봉구,노해로69길
도봉구,노해로70길
도봉구,노해로70길
도봉구,덕릉로53길
도봉구,덕릉로53길
도봉구,덕릉로54가길
도봉구,덕릉로54가길
도봉구,덕릉로54길
도봉구,덕릉로54길
도봉구,덕릉로55길
도봉구,덕릉로55길
도봉구,덕릉로57길
도봉구,덕릉로57길
도봉구,덕릉로58길
도봉구,덕릉로58길
도봉구,덕릉로59가길
도봉구,덕릉로59가길
도봉구,덕릉로59길
도봉구,덕릉로59길
도봉구,덕릉로59나길
도봉구,덕릉로59나길
도봉구,덕릉로59다길
도봉구,덕릉로59다길
도봉구,덕릉로59라길
도봉구,덕릉로59라길
도봉구,덕릉로59마길
도봉구,덕릉로59마길
도봉구,덕릉로59바길
도봉구,덕릉로59바길
도봉구,덕릉로59아길
도봉구,덕릉로59아길
도봉구,덕릉로59자길
도봉구,덕릉로59자길
도봉구,덕릉로59차길
도봉구,덕릉로59차길
도봉구,덕릉로60가길
도봉구,덕릉로60가길
도봉구,덕릉로60길
도봉구,덕릉로60길
도봉구,덕릉로60나길
도봉구,덕릉로60나길
도봉구,덕릉로60다길
도봉구,덕릉로60다길
도봉구,덕릉로60라길
도봉구,덕릉로60라길
도봉구,덕릉로60마길
도봉구,덕릉로60마길
도봉구,덕릉로60바길
도봉구,덕릉로60바길
도봉구,덕릉로60아길
도봉구,덕릉로60아길
도봉구,덕릉로60자길
도봉구,덕릉로60자길
도봉구,덕릉로60차길
도봉구,덕릉로60차길
도봉구,덕릉로60카길
도봉구,덕릉로60카길
도봉구,덕릉로60타길
도봉구,덕릉로60타길
도봉구,덕릉로61길
도봉구,덕릉로61길
도봉구,덕릉로62길
도봉구,덕릉로62길
도봉구,덕릉로63가길
도봉구,덕릉로63가길
도봉구,덕릉로63길
도봉구,덕릉로63길
도봉구,덕릉로66길
도봉구,덕릉로66길
도봉구,도당로10길
도봉구,도당로10길
도봉구,도당로11길
도봉구,도당로11길
도봉구,도당로13가길
도봉구,도당로13가길
도봉구,도당로13길
도봉구,도당로13길
도봉구,도당로13나길
도봉구,도당로13나길
도봉구,도당로13다길
도봉구,도당로13다길
도봉구,도당로13라길
도봉구,도당로13라길
도봉구,도당로13마길
도봉구,도당로13마길
도봉구,도당로13바길
도봉구,도당로13바길
도봉구,도당로15길
도봉구,도당로15길
도봉구,도당로17길
도봉구,도당로17길
도봉구,도당로19가길
도봉구,도당로19가길
도봉구,도당로19길
도봉구,도당로19길
도봉구,도당로19길
도봉구,도당로21길
도봉구,도당로21길
도봉구,도당로23길
도봉구,도당로23길
도봉구,도당로25길
도봉구,도당로25길
도봉구,도당로27길
도봉구,도당로27길
도봉구,도당로27길
도봉구,도당로29길
도봉구,도당로29길
도봉구,도당로29길
도봉구,도당로2길
도봉구,도당로2길
도봉구,도당로31길
도봉구,도당로31길
도봉구,도당로31길
도봉구,도당로6길
도봉구,도당로6길
도봉구,도당로6길
도봉구,도당로7길
도봉구,도당로7길
도봉구,도당로9길
도봉구,도당로9길
도봉구,도봉로103길
도봉구,도봉로103길
도봉구,도봉로104길
도봉구,도봉로104길
도봉구,도봉로106길
도봉구,도봉로106길
도봉구,도봉로108길
도봉구,도봉로108길
도봉구,도봉로109가길
도봉구,도봉로109가길
도봉구,도봉로109길
도봉구,도봉로109길
도봉구,도봉로110가길
도봉구,도봉로110가길
도봉구,도봉로110길
도봉구,도봉로110길
도봉구,도봉로110나길
도봉구,도봉로110나길
도봉구,도봉로110다길
도봉구,도봉로110다길
도봉구,도봉로110라길
도봉구,도봉로110라길
도봉구,도봉로110마길
도봉구,도봉로110마길
도봉구,도봉로110바길
도봉구,도봉로110바길
도봉구,도봉로110아길
도봉구,도봉로110아길
도봉구,도봉로112길
도봉구,도봉로112길
도봉구,도봉로113가길
도봉구,도봉로113가길
도봉구,도봉로113길
도봉구,도봉로113길
도봉구,도봉로114길
도봉구,도봉로114길
도봉구,도봉로115길
도봉구,도봉로115길
도봉구,도봉로116길
도봉구,도봉로116길
도봉구,도봉로117길
도봉구,도봉로117길
도봉구,도봉로118길
도봉구,도봉로118길
도봉구,도봉로120길
도봉구,도봉로120길
도봉구,도봉로121가길
도봉구,도봉로121가길
도봉구,도봉로121길
도봉구,도봉로121길
도봉구,도봉로123길
도봉구,도봉로123길
도봉구,도봉로125길
도봉구,도봉로125길
도봉구,도봉로126길
도봉구,도봉로126길
도봉구,도봉로127길
도봉구,도봉로127길
도봉구,도봉로129길
도봉구,도봉로129길
도봉구,도봉로130길
도봉구,도봉로130길
도봉구,도봉로131길
도봉구,도봉로131길
도봉구,도봉로133길
도봉구,도봉로133길
도봉구,도봉로134길
도봉구,도봉로134길
도봉구,도봉로135길
도봉구,도봉로135길
도봉구,도봉로136가길
도봉구,도봉로136가길
도봉구,도봉로136길
도봉구,도봉로136길
도봉구,도봉로136나길
도봉구,도봉로136나길
도봉구,도봉로136다길
도봉구,도봉로136다길
도봉구,도봉로137길
도봉구,도봉로137길
도봉구,도봉로139길
도봉구,도봉로139길
도봉구,도봉로140길
도봉구,도봉로140길
도봉구,도봉로141길
도봉구,도봉로141길
도봉구,도봉로143길
도봉구,도봉로143길
도봉구,도봉로145가길
도봉구,도봉로145가길
도봉구,도봉로145길
도봉구,도봉로145길
도봉구,도봉로145나길
도봉구,도봉로145나길
도봉구,도봉로146길
도봉구,도봉로146길
도봉구,도봉로147길
도봉구,도봉로147길
도봉구,도봉로149길
도봉구,도봉로149길
도봉구,도봉로150가길
도봉구,도봉로150가길
도봉구,도봉로150길
도봉구,도봉로150길
도봉구,도봉로150나길
도봉구,도봉로150나길
도봉구,도봉로150다길
도봉구,도봉로150다길
도봉구,도봉로150라길
도봉구,도봉로150라길
도봉구,도봉로150마길
도봉구,도봉로150마길
도봉구,도봉로150바길
도봉구,도봉로150바길
도봉구,도봉로151길
도봉구,도봉로151길
도봉구,도봉로152가길
도봉구,도봉로152가길
도봉구,도봉로152길
도봉구,도봉로152길
도봉구,도봉로152길
도봉구,도봉로153길
도봉구,도봉로153길
도봉구,도봉로153길
도봉구,도봉로154가길
도봉구,도봉로154가길
도봉구,도봉로154길
도봉구,도봉로154길
도봉구,도봉로155길
도봉구,도봉로155길
도봉구,도봉로156길
도봉구,도봉로156길
도봉구,도봉로157길
도봉구,도봉로157길
도봉구,도봉로159길
도봉구,도봉로159길
도봉구,도봉로160가길
도봉구,도봉로160가길
도봉구,도봉로160길
도봉구,도봉로160길
도봉구,도봉로162길
도봉구,도봉로162길
도봉구,도봉로163길
도봉구,도봉로163길
도봉구,도봉로164길
도봉구,도봉로164길
도봉구,도봉로165길
도봉구,도봉로165길
도봉구,도봉로167길
도봉구,도봉로167길
도봉구,도봉로168길
도봉구,도봉로168길
도봉구,도봉로169가길
도봉구,도봉로169가길
도봉구,도봉로169길
도봉구,도봉로169길
도봉구,도봉로169나길
도봉구,도봉로169나길
도봉구,도봉로169다길
도봉구,도봉로169다길
도봉구,도봉로169라길
도봉구,도봉로169라길
도봉구,도봉로170길
도봉구,도봉로170길
도봉구,도봉로171길
도봉구,도봉로171길
도봉구,도봉로173가길
도봉구,도봉로173가길
도봉구,도봉로173길
도봉구,도봉로173길
도봉구,도봉로173나길
도봉구,도봉로173나길
도봉구,도봉로173다길
도봉구,도봉로173다길
도봉구,도봉로175길
도봉구,도봉로175길
도봉구,도봉로177가길
도봉구,도봉로177가길
도봉구,도봉로177길
도봉구,도봉로177길
도봉구,도봉로179길
도봉구,도봉로179길
도봉구,도봉로180가길
도봉구,도봉로180가길
도봉구,도봉로180길
도봉구,도봉로180길
도봉구,도봉로180나길
도봉구,도봉로180나길
도봉구,도봉로181가길
도봉구,도봉로181가길
도봉구,도봉로181길
도봉구,도봉로181길
도봉구,도봉로181나길
도봉구,도봉로181나길
도봉구,도봉로183길
도봉구,도봉로183길
도봉구,도봉로185길
도봉구,도봉로185길
도봉구,도봉로187길
도봉구,도봉로187길
도봉구,도봉로191가길
도봉구,도봉로191가길
도봉구,도봉로191길
도봉구,도봉로191길
도봉구,도봉산1길
도봉구,도봉산1길
도봉구,도봉산3길
도봉구,도봉산3길
도봉구,도봉산4가길
도봉구,도봉산4가길
도봉구,도봉산4길
도봉구,도봉산4길
도봉구,도봉산4나길
도봉구,도봉산4나길
도봉구,도봉산길
도봉구,도봉산길
도봉구,마들로11가길
도봉구,마들로11가길
도봉구,마들로11길
도봉구,마들로11길
도봉구,마들로13길
도봉구,마들로13길
도봉구,마들로14길
도봉구,마들로14길
도봉구,마들로16길
도봉구,마들로16길
도봉구,마들로18길
도봉구,마들로18길
도봉구,마들로28가길
도봉구,마들로28가길
도봉구,마들로28길
도봉구,마들로28길
도봉구,마들로28나길
도봉구,마들로28나길
도봉구,방학로10길
도봉구,방학로10길
도봉구,방학로11길
도봉구,방학로11길
도봉구,방학로11길
도봉구,방학로12가길
도봉구,방학로12가길
도봉구,방학로12길
도봉구,방학로12길
도봉구,방학로15길
도봉구,방학로15길
도봉구,방학로17길
도봉구,방학로17길
도봉구,방학로2가길
도봉구,방학로2가길
도봉구,방학로2길
도봉구,방학로2길
도봉구,방학로3가길
도봉구,방학로3가길
도봉구,방학로3길
도봉구,방학로3길
도봉구,방학로3길
도봉구,방학로4길
도봉구,방학로4길
도봉구,방학로5길
도봉구,방학로5길
도봉구,방학로5길
도봉구,방학로6가길
도봉구,방학로6가길
도봉구,방학로6길
도봉구,방학로6길
도봉구,방학로7길
도봉구,방학로7길
도봉구,방학로7길
도봉구,방학로8길
도봉구,방학로8길
도봉구,삼양로142길
도봉구,삼양로142길
도봉구,삼양로144가길
도봉구,삼양로144가길
도봉구,삼양로144길
도봉구,삼양로144길
도봉구,삼양로144나길
도봉구,삼양로144나길
도봉구,삼양로146길
도봉구,삼양로146길
도봉구,삼양로154길
도봉구,삼양로154길
도봉구,삼양로162가길
도봉구,삼양로162가길
도봉구,삼양로162길
도봉구,삼양로162길
도봉구,시루봉로11길
도봉구,시루봉로11길
도봉구,시루봉로12길
도봉구,시루봉로12길
도봉구,시루봉로13가길
도봉구,시루봉로13가길
도봉구,시루봉로13길
도봉구,시루봉로13길
도봉구,시루봉로15가길
도봉구,시루봉로15가길
도봉구,시루봉로15길
도봉구,시루봉로15길
도봉구,시루봉로15나길
도봉구,시루봉로15나길
도봉구,시루봉로15다길
도봉구,시루봉로15다길
도봉구,시루봉로15라길
도봉구,시루봉로15라길
도봉구,시루봉로15마길
도봉구,시루봉로15마길
도봉구,시루봉로15바길
도봉구,시루봉로15바길
도봉구,시루봉로15아길
도봉구,시루봉로15아길
도봉구,시루봉로15자길
도봉구,시루봉로15자길
도봉구,시루봉로17가길
도봉구,시루봉로17가길
도봉구,시루봉로17길
도봉구,시루봉로17길
도봉구,시루봉로19길
도봉구,시루봉로19길
도봉구,시루봉로1길
도봉구,시루봉로1길
도봉구,시루봉로21길
도봉구,시루봉로21길
도봉구,시루봉로22길
도봉구,시루봉로22길
도봉구,시루봉로23가길
도봉구,시루봉로23가길
도봉구,시루봉로23가길
도봉구,시루봉로23길
도봉구,시루봉로23길
도봉구,시루봉로23길
도봉구,시루봉로23나길
도봉구,시루봉로23나길
도봉구,시루봉로23다길
도봉구,시루봉로23다길
도봉구,시루봉로25길
도봉구,시루봉로25길
도봉구,시루봉로27가길
도봉구,시루봉로27가길
도봉구,시루봉로27길
도봉구,시루봉로27길
도봉구,시루봉로27나길
도봉구,시루봉로27나길
도봉구,시루봉로29길
도봉구,시루봉로29길
도봉구,시루봉로2길
도봉구,시루봉로2길
도봉구,시루봉로5길
도봉구,시루봉로5길
도봉구,시루봉로6길
도봉구,시루봉로6길
도봉구,시루봉로6길
도봉구,우이천로10길
도봉구,우이천로10길
도봉구,우이천로12길
도봉구,우이천로12길
도봉구,우이천로16길
도봉구,우이천로16길
도봉구,우이천로20길
도봉구,우이천로20길
도봉구,우이천로22길
도봉구,우이천로22길
도봉구,우이천로24길
도봉구,우이천로24길
도봉구,우이천로30길
도봉구,우이천로30길
도봉구,우이천로32길
도봉구,우이천로32길
도봉구,우이천로34가길
도봉구,우이천로34가길
도봉구,우이천로34길
도봉구,우이천로34길
도봉구,우이천로34나길
도봉구,우이천로34나길
도봉구,우이천로36길
도봉구,우이천로36길
도봉구,우이천로38가길
도봉구,우이천로38가길
도봉구,우이천로38길
도봉구,우이천로38길
도봉구,우이천로38나길
도봉구,우이천로38나길
도봉구,우이천로38다길
도봉구,우이천로38다길
도봉구,우이천로38라길
도봉구,우이천로38라길
도봉구,우이천로38마길
도봉구,우이천로38마길
도봉구,우이천로39가길
도봉구,우이천로39가길
도봉구,우이천로39길
도봉구,우이천로39길
도봉구,우이천로39나길
도봉구,우이천로39나길
도봉구,우이천로42가길
도봉구,우이천로42가길
도봉구,우이천로42길
도봉구,우이천로42길
도봉구,우이천로42나길
도봉구,우이천로42나길
도봉구,우이천로44길
도봉구,우이천로44길
도봉구,우이천로45길
도봉구,우이천로45길
도봉구,우이천로46가길
도봉구,우이천로46가길
도봉구,우이천로46길
도봉구,우이천로46길
도봉구,우이천로47길
도봉구,우이천로47길
도봉구,우이천로48길
도봉구,우이천로48길
도봉구,우이천로4가길
도봉구,우이천로4가길
도봉구,우이천로4길
도봉구,우이천로4길
도봉구,우이천로4나길
도봉구,우이천로4나길
도봉구,우이천로4다길
도봉구,우이천로4다길
도봉구,우이천로4라길
도봉구,우이천로4라길
도봉구,우이천로50길
도봉구,우이천로50길
도봉구,우이천로6길
도봉구,우이천로6길
도봉구,우이천로8길
도봉구,우이천로8길
도봉구,평화로15번길
도봉구,평화로15번길
도봉구,해등로12길
도봉구,해등로12길
도봉구,해등로14길
도봉구,해등로14길
도봉구,해등로16가길
도봉구,해등로16가길
도봉구,해등로16길
도봉구,해등로16길
도봉구,해등로16나길
도봉구,해등로16나길
도봉구,해등로16다길
도봉구,해등로16다길
도봉구,해등로17길
도봉구,해등로17길
도봉구,해등로25길
도봉구,해등로25길
도봉구,해등로26길
도봉구,해등로26길
도봉구,해등로32가길
도봉구,해등로32가길
도봉구,해등로32길
도봉구,해등로32길
도봉구,해등로34길
도봉구,해등로34길
도봉구,해등로36길
도봉구,해등로36길
도봉구,해등로3길
도봉구,해등로3길
도봉구,해등로4길
도봉구,해등로4길
도봉구,마들로20길
도봉구,마들로24길
도봉구,마들로5길
도봉구,우이천로2길
도봉구,중랑천서자전거길
도봉구,우이천서자전거길
도봉구,우이천동자전거길