﻿동작구,남부순환로
동작구,남부순환로
동작구,동작대로
동작구,동작대로
동작구,동작대로
동작구,시흥대로
동작구,시흥대로
동작구,올림픽대로
동작구,보라매로
동작구,보라매로
동작구,보라매로
동작구,솔밭로
동작구,솔밭로
동작구,양녕로
동작구,양녕로
동작구,양녕로
동작구,노들로
동작구,노들로
동작구,노들로
동작구,대림로
동작구,대림로
동작구,여의대방로
동작구,여의대방로
동작구,여의대방로
동작구,등용로
동작구,등용로
동작구,등용로
동작구,만양로
동작구,만양로
동작구,만양로
동작구,매봉로
동작구,매봉로
동작구,매봉로
동작구,매봉로
동작구,사당로
동작구,사당로
동작구,사당로
동작구,상도로
동작구,상도로
동작구,상도로
동작구,상도로
동작구,상도로
동작구,서달로
동작구,서달로
동작구,서달로
동작구,성대로
동작구,성대로
동작구,장승배기로
동작구,장승배기로
동작구,장승배기로
동작구,현충로
동작구,현충로
동작구,현충로
동작구,현충로
동작구,흑석로
동작구,흑석로
동작구,흑석로
동작구,흑석로
동작구,노량진로
동작구,노량진로
동작구,노량진로
동작구,노량진로
동작구,흑석한강로
동작구,흑석한강로
동작구,강남초등2길
동작구,강남초등2길
동작구,강남초등4길
동작구,강남초등4길
동작구,강남초등6길
동작구,강남초등6길
동작구,강남초등8길
동작구,강남초등8길
동작구,강남초등길
동작구,강남초등길
동작구,강남초등길
동작구,국사봉10길
동작구,국사봉10길
동작구,국사봉12길
동작구,국사봉12길
동작구,국사봉14길
동작구,국사봉14길
동작구,국사봉16길
동작구,국사봉16길
동작구,국사봉18길
동작구,국사봉18길
동작구,국사봉1가길
동작구,국사봉1가길
동작구,국사봉1길
동작구,국사봉1길
동작구,국사봉1길
동작구,국사봉1나길
동작구,국사봉1나길
동작구,국사봉1다길
동작구,국사봉1다길
동작구,국사봉1라길
동작구,국사봉1라길
동작구,국사봉2가길
동작구,국사봉2가길
동작구,국사봉2길
동작구,국사봉2길
동작구,국사봉2나길
동작구,국사봉2나길
동작구,국사봉2나길
동작구,국사봉2다길
동작구,국사봉2다길
동작구,국사봉2라길
동작구,국사봉2라길
동작구,국사봉2라길
동작구,국사봉2마길
동작구,국사봉2마길
동작구,국사봉2바길
동작구,국사봉2바길
동작구,국사봉2바길
동작구,국사봉3길
동작구,국사봉3길
동작구,국사봉5길
동작구,국사봉5길
동작구,국사봉6길
동작구,국사봉6길
동작구,국사봉6길
동작구,국사봉7길
동작구,국사봉7길
동작구,국사봉8길
동작구,국사봉8길
동작구,국사봉길
동작구,국사봉길
동작구,국사봉길
동작구,국사봉길
동작구,남부순환로255가길
동작구,남부순환로255가길
동작구,남부순환로255길
동작구,남부순환로255길
동작구,남부순환로255나길
동작구,남부순환로255나길
동작구,남부순환로255다길
동작구,남부순환로255다길
동작구,남부순환로255라길
동작구,남부순환로255라길
동작구,남부순환로255마길
동작구,남부순환로255마길
동작구,남부순환로255바길
동작구,남부순환로255바길
동작구,남부순환로257가길
동작구,남부순환로257가길
동작구,남부순환로257길
동작구,남부순환로257길
동작구,남부순환로259가길
동작구,남부순환로259가길
동작구,남부순환로259길
동작구,남부순환로259길
동작구,남부순환로261길
동작구,남부순환로261길
동작구,남부순환로263길
동작구,남부순환로263길
동작구,남부순환로265가길
동작구,남부순환로265가길
동작구,남부순환로265길
동작구,남부순환로265길
동작구,남부순환로265나길
동작구,남부순환로265나길
동작구,남부순환로267가길
동작구,남부순환로267가길
동작구,남부순환로267길
동작구,남부순환로267길
동작구,남부순환로267나길
동작구,남부순환로267나길
동작구,남부순환로269가길
동작구,남부순환로269가길
동작구,남부순환로269길
동작구,남부순환로269길
동작구,남부순환로271가길
동작구,남부순환로271가길
동작구,남부순환로271길
동작구,남부순환로271길
동작구,노들로2길
동작구,노들로2길
동작구,노량진로10가길
동작구,노량진로10가길
동작구,노량진로10길
동작구,노량진로10길
동작구,노량진로12길
동작구,노량진로12길
동작구,노량진로14가길
동작구,노량진로14가길
동작구,노량진로14길
동작구,노량진로14길
동작구,노량진로14나길
동작구,노량진로14나길
동작구,노량진로14다길
동작구,노량진로14다길
동작구,노량진로16길
동작구,노량진로16길
동작구,노량진로17길
동작구,노량진로17길
동작구,노량진로17길
동작구,노량진로18가길
동작구,노량진로18가길
동작구,노량진로18길
동작구,노량진로18길
동작구,노량진로20길
동작구,노량진로20길
동작구,노량진로22길
동작구,노량진로22길
동작구,노량진로23가길
동작구,노량진로23가길
동작구,노량진로24길
동작구,노량진로24길
동작구,노량진로26길
동작구,노량진로26길
동작구,노량진로28길
동작구,노량진로28길
동작구,노량진로30가길
동작구,노량진로30가길
동작구,노량진로30길
동작구,노량진로30길
동작구,노량진로32길
동작구,노량진로32길
동작구,노량진로6가길
동작구,노량진로6가길
동작구,노량진로6길
동작구,노량진로6길
동작구,노량진로6나길
동작구,노량진로6나길
동작구,노량진로6다길
동작구,노량진로6다길
동작구,노량진로6라길
동작구,노량진로6라길
동작구,노량진로6마길
동작구,노량진로6마길
동작구,노량진로8가길
동작구,노량진로8가길
동작구,노량진로8길
동작구,노량진로8길
동작구,노량진로8나길
동작구,노량진로8나길
동작구,노량진로8다길
동작구,노량진로8다길
동작구,대방동11길
동작구,대방동11길
동작구,대방동13길
동작구,대방동13길
동작구,대방동15가길
동작구,대방동15가길
동작구,대방동15길
동작구,대방동15길
동작구,대방동15나길
동작구,대방동15나길
동작구,대방동15다길
동작구,대방동15다길
동작구,대방동17길
동작구,대방동17길
동작구,대방동19길
동작구,대방동19길
동작구,대방동1길
동작구,대방동1길
동작구,대방동21길
동작구,대방동21길
동작구,대방동23가길
동작구,대방동23가길
동작구,대방동23길
동작구,대방동23길
동작구,대방동25길
동작구,대방동25길
동작구,대방동27길
동작구,대방동27길
동작구,대방동2길
동작구,대방동2길
동작구,대방동3길
동작구,대방동3길
동작구,대방동5길
동작구,대방동5길
동작구,대방동6길
동작구,대방동6길
동작구,대방동6길
동작구,대방동7길
동작구,대방동7길
동작구,대방동9길
동작구,대방동9길
동작구,대방동길
동작구,대방동길
동작구,동작대로11가길
동작구,동작대로11가길
동작구,동작대로11길
동작구,동작대로11길
동작구,동작대로11나길
동작구,동작대로11나길
동작구,동작대로13길
동작구,동작대로13길
동작구,동작대로15가길
동작구,동작대로15가길
동작구,동작대로15길
동작구,동작대로15길
동작구,동작대로17길
동작구,동작대로17길
동작구,동작대로19길
동작구,동작대로19길
동작구,동작대로1길
동작구,동작대로1길
동작구,동작대로21길
동작구,동작대로21길
동작구,동작대로23길
동작구,동작대로23길
동작구,동작대로25길
동작구,동작대로25길
동작구,동작대로27가길
동작구,동작대로27가길
동작구,동작대로27길
동작구,동작대로27길
동작구,동작대로27나길
동작구,동작대로27나길
동작구,동작대로27다길
동작구,동작대로27다길
동작구,동작대로27라길
동작구,동작대로27라길
동작구,동작대로27마길
동작구,동작대로27마길
동작구,동작대로27바길
동작구,동작대로27바길
동작구,동작대로29가길
동작구,동작대로29가길
동작구,동작대로29길
동작구,동작대로29길
동작구,동작대로29길
동작구,동작대로29나길
동작구,동작대로29나길
동작구,동작대로29다길
동작구,동작대로29다길
동작구,동작대로29라길
동작구,동작대로29라길
동작구,동작대로29마길
동작구,동작대로29마길
동작구,동작대로29바길
동작구,동작대로29바길
동작구,동작대로31길
동작구,동작대로31길
동작구,동작대로33가길
동작구,동작대로33가길
동작구,동작대로33길
동작구,동작대로33길
동작구,동작대로33나길
동작구,동작대로33나길
동작구,동작대로33다길
동작구,동작대로33다길
동작구,동작대로33라길
동작구,동작대로33라길
동작구,동작대로33마길
동작구,동작대로33마길
동작구,동작대로33바길
동작구,동작대로33바길
동작구,동작대로35가길
동작구,동작대로35가길
동작구,동작대로35길
동작구,동작대로35길
동작구,동작대로35나길
동작구,동작대로35나길
동작구,동작대로35다길
동작구,동작대로35다길
동작구,동작대로35라길
동작구,동작대로35라길
동작구,동작대로35마길
동작구,동작대로35마길
동작구,동작대로35바길
동작구,동작대로35바길
동작구,동작대로35사길
동작구,동작대로35사길
동작구,동작대로35아길
동작구,동작대로35아길
동작구,동작대로35아길
동작구,동작대로35자길
동작구,동작대로35자길
동작구,동작대로35차길
동작구,동작대로35차길
동작구,동작대로37길
동작구,동작대로37길
동작구,동작대로39길
동작구,동작대로39길
동작구,동작대로39길
동작구,동작대로3가길
동작구,동작대로3가길
동작구,동작대로3길
동작구,동작대로3길
동작구,동작대로41길
동작구,동작대로41길
동작구,동작대로43길
동작구,동작대로43길
동작구,동작대로45길
동작구,동작대로45길
동작구,동작대로5길
동작구,동작대로5길
동작구,동작대로7길
동작구,동작대로7길
동작구,동작대로9가길
동작구,동작대로9가길
동작구,동작대로9길
동작구,동작대로9길
동작구,동작대로9나길
동작구,동작대로9나길
동작구,동작대로9다길
동작구,동작대로9다길
동작구,등용로10가길
동작구,등용로10가길
동작구,등용로10길
동작구,등용로10길
동작구,등용로10나길
동작구,등용로10나길
동작구,등용로10다길
동작구,등용로10다길
동작구,등용로12가길
동작구,등용로12가길
동작구,등용로12길
동작구,등용로12길
동작구,등용로12나길
동작구,등용로12나길
동작구,등용로12다길
동작구,등용로12다길
동작구,등용로14길
동작구,등용로14길
동작구,등용로14길
동작구,등용로2가길
동작구,등용로2가길
동작구,등용로2가길
동작구,등용로2길
동작구,등용로2길
동작구,등용로2길
동작구,등용로4길
동작구,등용로4길
동작구,등용로4길
동작구,등용로6길
동작구,등용로6길
동작구,등용로8가길
동작구,등용로8가길
동작구,등용로8길
동작구,등용로8길
동작구,등용로9길
동작구,등용로9길
동작구,만양로10길
동작구,만양로10길
동작구,만양로11길
동작구,만양로11길
동작구,만양로12가길
동작구,만양로12가길
동작구,만양로12가길
동작구,만양로12길
동작구,만양로12길
동작구,만양로13가길
동작구,만양로13가길
동작구,만양로13길
동작구,만양로13길
동작구,만양로14가길
동작구,만양로14가길
동작구,만양로14길
동작구,만양로14길
동작구,만양로14나길
동작구,만양로14나길
동작구,만양로14다길
동작구,만양로14다길
동작구,만양로14라길
동작구,만양로14라길
동작구,만양로14마길
동작구,만양로14마길
동작구,만양로14바길
동작구,만양로14바길
동작구,만양로14사길
동작구,만양로14사길
동작구,만양로14아길
동작구,만양로14아길
동작구,만양로15길
동작구,만양로15길
동작구,만양로16길
동작구,만양로16길
동작구,만양로18길
동작구,만양로18길
동작구,만양로1길
동작구,만양로1길
동작구,만양로2길
동작구,만양로2길
동작구,만양로3길
동작구,만양로3길
동작구,만양로3길
동작구,만양로4길
동작구,만양로4길
동작구,만양로4길
동작구,만양로6길
동작구,만양로6길
동작구,만양로8길
동작구,만양로8길
동작구,매봉로2가길
동작구,매봉로2가길
동작구,매봉로2길
동작구,매봉로2길
동작구,매봉로2길
동작구,매봉로4가길
동작구,매봉로4가길
동작구,매봉로4길
동작구,매봉로4길
동작구,매봉로6길
동작구,매봉로6길
동작구,매봉로6길
동작구,보라매로11길
동작구,보라매로11길
동작구,보라매로13길
동작구,보라매로13길
동작구,보라매로15길
동작구,보라매로15길
동작구,보라매로17길
동작구,보라매로17길
동작구,보라매로19길
동작구,보라매로19길
동작구,보라매로5가길
동작구,보라매로5가길
동작구,보라매로7가길
동작구,보라매로7가길
동작구,보라매로9가길
동작구,보라매로9가길
동작구,보라매로9길
동작구,보라매로9길
동작구,보라매로9나길
동작구,보라매로9나길
동작구,보라매로9다길
동작구,보라매로9다길
동작구,보라매로9라길
동작구,보라매로9라길
동작구,사당로10가길
동작구,사당로10가길
동작구,사당로10길
동작구,사당로10길
동작구,사당로12길
동작구,사당로12길
동작구,사당로13길
동작구,사당로13길
동작구,사당로14가길
동작구,사당로14가길
동작구,사당로14길
동작구,사당로14길
동작구,사당로14나길
동작구,사당로14나길
동작구,사당로14다길
동작구,사당로14다길
동작구,사당로16가길
동작구,사당로16가길
동작구,사당로16길
동작구,사당로16길
동작구,사당로16나길
동작구,사당로16나길
동작구,사당로16다길
동작구,사당로16다길
동작구,사당로16라길
동작구,사당로16라길
동작구,사당로16마길
동작구,사당로16마길
동작구,사당로16바길
동작구,사당로16바길
동작구,사당로16사길
동작구,사당로16사길
동작구,사당로16아길
동작구,사당로16아길
동작구,사당로16자길
동작구,사당로16자길
동작구,사당로17가길
동작구,사당로17가길
동작구,사당로17길
동작구,사당로17길
동작구,사당로17나길
동작구,사당로17나길
동작구,사당로17다길
동작구,사당로17다길
동작구,사당로17라길
동작구,사당로17라길
동작구,사당로18길
동작구,사당로18길
동작구,사당로20가길
동작구,사당로20가길
동작구,사당로20길
동작구,사당로20길
동작구,사당로20나길
동작구,사당로20나길
동작구,사당로20다길
동작구,사당로20다길
동작구,사당로20라길
동작구,사당로20라길
동작구,사당로20마길
동작구,사당로20마길
동작구,사당로20바길
동작구,사당로20바길
동작구,사당로20사길
동작구,사당로20사길
동작구,사당로20아길
동작구,사당로20아길
동작구,사당로22가길
동작구,사당로22가길
동작구,사당로22길
동작구,사당로22길
동작구,사당로22나길
동작구,사당로22나길
동작구,사당로23가길
동작구,사당로23가길
동작구,사당로23길
동작구,사당로23길
동작구,사당로23나길
동작구,사당로23나길
동작구,사당로23바길
동작구,사당로23바길
동작구,사당로23사길
동작구,사당로23사길
동작구,사당로23아길
동작구,사당로23아길
동작구,사당로24가길
동작구,사당로24가길
동작구,사당로24길
동작구,사당로24길
동작구,사당로25가길
동작구,사당로25가길
동작구,사당로25길
동작구,사당로25길
동작구,사당로26가길
동작구,사당로26가길
동작구,사당로26길
동작구,사당로26길
동작구,사당로27가길
동작구,사당로27가길
동작구,사당로27길
동작구,사당로27길
동작구,사당로28가길
동작구,사당로28가길
동작구,사당로28길
동작구,사당로28길
동작구,사당로29가길
동작구,사당로29가길
동작구,사당로29길
동작구,사당로29길
동작구,사당로29나길
동작구,사당로29나길
동작구,사당로29다길
동작구,사당로29다길
동작구,사당로29라길
동작구,사당로29라길
동작구,사당로2가길
동작구,사당로2가길
동작구,사당로2가길
동작구,사당로2길
동작구,사당로2길
동작구,사당로2길
동작구,사당로2나길
동작구,사당로2나길
동작구,사당로2다길
동작구,사당로2다길
동작구,사당로2라길
동작구,사당로2라길
동작구,사당로2마길
동작구,사당로2마길
동작구,사당로2바길
동작구,사당로2바길
동작구,사당로2사길
동작구,사당로2사길
동작구,사당로2아길
동작구,사당로2아길
동작구,사당로2자길
동작구,사당로2자길
동작구,사당로2자길
동작구,사당로2차길
동작구,사당로2차길
동작구,사당로30길
동작구,사당로30길
동작구,사당로4길
동작구,사당로4길
동작구,사당로6길
동작구,사당로6길
동작구,사당로8가길
동작구,사당로8가길
동작구,사당로8길
동작구,사당로8길
동작구,사당로8나길
동작구,사당로8나길
동작구,사당로9가길
동작구,사당로9가길
동작구,사당로9길
동작구,사당로9길
동작구,사당로9나길
동작구,사당로9나길
동작구,사당로9다길
동작구,사당로9다길
동작구,사당로9라길
동작구,사당로9라길
동작구,상도로11길
동작구,상도로11길
동작구,상도로11길
동작구,상도로12길
동작구,상도로12길
동작구,상도로12길
동작구,상도로13가길
동작구,상도로13가길
동작구,상도로13길
동작구,상도로13길
동작구,상도로13나길
동작구,상도로13나길
동작구,상도로13다길
동작구,상도로13다길
동작구,상도로13라길
동작구,상도로13라길
동작구,상도로15가길
동작구,상도로15가길
동작구,상도로15길
동작구,상도로15길
동작구,상도로15나길
동작구,상도로15나길
동작구,상도로15다길
동작구,상도로15다길
동작구,상도로15라길
동작구,상도로15라길
동작구,상도로15마길
동작구,상도로15마길
동작구,상도로15마길
동작구,상도로15바길
동작구,상도로15바길
동작구,상도로15사길
동작구,상도로15사길
동작구,상도로15아길
동작구,상도로15아길
동작구,상도로15자길
동작구,상도로15자길
동작구,상도로15차길
동작구,상도로15차길
동작구,상도로15카길
동작구,상도로15카길
동작구,상도로15타길
동작구,상도로15타길
동작구,상도로17길
동작구,상도로17길
동작구,상도로19가길
동작구,상도로19가길
동작구,상도로19길
동작구,상도로19길
동작구,상도로20길
동작구,상도로20길
동작구,상도로22가길
동작구,상도로22가길
동작구,상도로22길
동작구,상도로22길
동작구,상도로22나길
동작구,상도로22나길
동작구,상도로24길
동작구,상도로24길
동작구,상도로26가길
동작구,상도로26가길
동작구,상도로26길
동작구,상도로26길
동작구,상도로30길
동작구,상도로30길
동작구,상도로31길
동작구,상도로31길
동작구,상도로33길
동작구,상도로33길
동작구,상도로34가길
동작구,상도로34가길
동작구,상도로34길
동작구,상도로34길
동작구,상도로34나길
동작구,상도로34나길
동작구,상도로34나길
동작구,상도로34다길
동작구,상도로34다길
동작구,상도로36길
동작구,상도로36길
동작구,상도로36길
동작구,상도로37길
동작구,상도로37길
동작구,상도로37길
동작구,상도로38가길
동작구,상도로38가길
동작구,상도로38길
동작구,상도로38길
동작구,상도로38길
동작구,상도로38나길
동작구,상도로38나길
동작구,상도로38다길
동작구,상도로38다길
동작구,상도로39가길
동작구,상도로39가길
동작구,상도로39길
동작구,상도로39길
동작구,상도로41가길
동작구,상도로41가길
동작구,상도로41길
동작구,상도로41길
동작구,상도로41나길
동작구,상도로41나길
동작구,상도로41다길
동작구,상도로41다길
동작구,상도로41라길
동작구,상도로41라길
동작구,상도로41마길
동작구,상도로41마길
동작구,상도로43길
동작구,상도로43길
동작구,상도로45길
동작구,상도로45길
동작구,상도로45길
동작구,상도로47가길
동작구,상도로47가길
동작구,상도로47길
동작구,상도로47길
동작구,상도로47길
동작구,상도로47나길
동작구,상도로47나길
동작구,상도로47나길
동작구,상도로47다길
동작구,상도로47다길
동작구,상도로47다길
동작구,상도로47라길
동작구,상도로47라길
동작구,상도로47마길
동작구,상도로47마길
동작구,상도로47바길
동작구,상도로47바길
동작구,상도로47바길
동작구,상도로47사길
동작구,상도로47사길
동작구,상도로47아길
동작구,상도로47아길
동작구,상도로47아길
동작구,상도로49길
동작구,상도로49길
동작구,상도로50길
동작구,상도로50길
동작구,상도로50길
동작구,상도로52길
동작구,상도로52길
동작구,상도로53가길
동작구,상도로53가길
동작구,상도로53길
동작구,상도로53길
동작구,상도로53길
동작구,상도로54길
동작구,상도로54길
동작구,상도로55길
동작구,상도로55길
동작구,상도로56길
동작구,상도로56길
동작구,상도로58길
동작구,상도로58길
동작구,상도로60가길
동작구,상도로60가길
동작구,상도로60길
동작구,상도로60길
동작구,상도로61가길
동작구,상도로61가길
동작구,상도로61길
동작구,상도로61길
동작구,상도로62가길
동작구,상도로62가길
동작구,상도로62길
동작구,상도로62길
동작구,상도로63길
동작구,상도로63길
동작구,상도로65길
동작구,상도로65길
동작구,상도로66길
동작구,상도로66길
동작구,상도로67길
동작구,상도로67길
동작구,상도로68가길
동작구,상도로68가길
동작구,상도로68길
동작구,상도로68길
동작구,서달로10가길
동작구,서달로10가길
동작구,서달로10길
동작구,서달로10길
동작구,서달로10나길
동작구,서달로10나길
동작구,서달로10다길
동작구,서달로10다길
동작구,서달로10라길
동작구,서달로10라길
동작구,서달로10마길
동작구,서달로10마길
동작구,서달로10바길
동작구,서달로10바길
동작구,서달로10사길
동작구,서달로10사길
동작구,서달로10아길
동작구,서달로10아길
동작구,서달로10자길
동작구,서달로10자길
동작구,서달로12가길
동작구,서달로12가길
동작구,서달로12길
동작구,서달로12길
동작구,서달로12나길
동작구,서달로12나길
동작구,서달로12다길
동작구,서달로12다길
동작구,서달로12라길
동작구,서달로12라길
동작구,서달로12마길
동작구,서달로12마길
동작구,서달로12바길
동작구,서달로12바길
동작구,서달로12사길
동작구,서달로12사길
동작구,서달로13길
동작구,서달로13길
동작구,서달로14가길
동작구,서달로14가길
동작구,서달로14길
동작구,서달로14길
동작구,서달로14나길
동작구,서달로14나길
동작구,서달로14다길
동작구,서달로14다길
동작구,서달로14라길
동작구,서달로14라길
동작구,서달로14마길
동작구,서달로14마길
동작구,서달로14바길
동작구,서달로14바길
동작구,서달로14사길
동작구,서달로14사길
동작구,서달로15길
동작구,서달로15길
동작구,서달로1가길
동작구,서달로1가길
동작구,서달로1길
동작구,서달로1길
동작구,서달로2길
동작구,서달로2길
동작구,서달로4가길
동작구,서달로4가길
동작구,서달로4길
동작구,서달로4길
동작구,서달로6가길
동작구,서달로6가길
동작구,서달로6길
동작구,서달로6길
동작구,서달로8가길
동작구,서달로8가길
동작구,서달로8길
동작구,서달로8길
동작구,성대로10가길
동작구,성대로10가길
동작구,성대로10길
동작구,성대로10길
동작구,성대로10나길
동작구,성대로10나길
동작구,성대로10다길
동작구,성대로10다길
동작구,성대로11가길
동작구,성대로11가길
동작구,성대로11길
동작구,성대로11길
동작구,성대로11나길
동작구,성대로11나길
동작구,성대로12가길
동작구,성대로12가길
동작구,성대로12길
동작구,성대로12길
동작구,성대로14길
동작구,성대로14길
동작구,성대로16길
동작구,성대로16길
동작구,성대로17길
동작구,성대로17길
동작구,성대로19가길
동작구,성대로19가길
동작구,성대로19길
동작구,성대로19길
동작구,성대로1가길
동작구,성대로1가길
동작구,성대로1길
동작구,성대로1길
동작구,성대로21가길
동작구,성대로21가길
동작구,성대로21길
동작구,성대로21길
동작구,성대로21나길
동작구,성대로21나길
동작구,성대로21다길
동작구,성대로21다길
동작구,성대로25가길
동작구,성대로25가길
동작구,성대로25길
동작구,성대로25길
동작구,성대로27길
동작구,성대로27길
동작구,성대로29길
동작구,성대로29길
동작구,성대로2길
동작구,성대로2길
동작구,성대로31길
동작구,성대로31길
동작구,성대로37길
동작구,성대로37길
동작구,성대로39길
동작구,성대로39길
동작구,성대로3길
동작구,성대로3길
동작구,성대로5길
동작구,성대로5길
동작구,성대로6가길
동작구,성대로6가길
동작구,성대로6길
동작구,성대로6길
동작구,성대로6나길
동작구,성대로6나길
동작구,성대로6다길
동작구,성대로6다길
동작구,성대로6라길
동작구,성대로6라길
동작구,성대로6마길
동작구,성대로6마길
동작구,성대로6바길
동작구,성대로6바길
동작구,성대로6사길
동작구,성대로6사길
동작구,성대로6아길
동작구,성대로6아길
동작구,성대로6자길
동작구,성대로6자길
동작구,성대로8길
동작구,성대로8길
동작구,신대방11길
동작구,신대방11길
동작구,신대방12길
동작구,신대방12길
동작구,신대방13길
동작구,신대방13길
동작구,신대방14가길
동작구,신대방14가길
동작구,신대방14길
동작구,신대방14길
동작구,신대방16가길
동작구,신대방16가길
동작구,신대방16길
동작구,신대방16길
동작구,신대방16나길
동작구,신대방16나길
동작구,신대방16다길
동작구,신대방16다길
동작구,신대방16라길
동작구,신대방16라길
동작구,신대방18길
동작구,신대방18길
동작구,신대방1가길
동작구,신대방1가길
동작구,신대방1길
동작구,신대방1길
동작구,신대방1나길
동작구,신대방1나길
동작구,신대방1다길
동작구,신대방1다길
동작구,신대방2가길
동작구,신대방2가길
동작구,신대방2길
동작구,신대방2길
동작구,신대방2나길
동작구,신대방2나길
동작구,신대방3길
동작구,신대방3길
동작구,신대방4길
동작구,신대방4길
동작구,신대방6길
동작구,신대방6길
동작구,신대방7길
동작구,신대방7길
동작구,신대방9길
동작구,신대방9길
동작구,신대방길
동작구,신대방길
동작구,알마타길
동작구,알마타길
동작구,양녕로20길
동작구,양녕로20길
동작구,양녕로22가길
동작구,양녕로22가길
동작구,양녕로22길
동작구,양녕로22길
동작구,양녕로22나길
동작구,양녕로22나길
동작구,양녕로22다길
동작구,양녕로22다길
동작구,양녕로22라길
동작구,양녕로22라길
동작구,양녕로22마길
동작구,양녕로22마길
동작구,양녕로22바길
동작구,양녕로22바길
동작구,양녕로23길
동작구,양녕로23길
동작구,양녕로24길
동작구,양녕로24길
동작구,양녕로25가길
동작구,양녕로25가길
동작구,양녕로25길
동작구,양녕로25길
동작구,양녕로25나길
동작구,양녕로25나길
동작구,양녕로25다길
동작구,양녕로25다길
동작구,양녕로25라길
동작구,양녕로25라길
동작구,양녕로25마길
동작구,양녕로25마길
동작구,양녕로25바길
동작구,양녕로25바길
동작구,양녕로25사길
동작구,양녕로25사길
동작구,양녕로26가길
동작구,양녕로26가길
동작구,양녕로26길
동작구,양녕로26길
동작구,양녕로26나길
동작구,양녕로26나길
동작구,양녕로27가길
동작구,양녕로27가길
동작구,양녕로27길
동작구,양녕로27길
동작구,양녕로27나길
동작구,양녕로27나길
동작구,양녕로28길
동작구,양녕로28길
동작구,양녕로29길
동작구,양녕로29길
동작구,양녕로30길
동작구,양녕로30길
동작구,양녕로32길
동작구,양녕로32길
동작구,양녕로34가길
동작구,양녕로34가길
동작구,양녕로34길
동작구,양녕로34길
동작구,양녕로34나길
동작구,양녕로34나길
동작구,양녕로34다길
동작구,양녕로34다길
동작구,양녕로36가길
동작구,양녕로36가길
동작구,양녕로36길
동작구,양녕로36길
동작구,양녕로38길
동작구,양녕로38길
동작구,여의대방로10가길
동작구,여의대방로10가길
동작구,여의대방로10길
동작구,여의대방로10길
동작구,여의대방로16길
동작구,여의대방로16길
동작구,여의대방로22가길
동작구,여의대방로22가길
동작구,여의대방로22길
동작구,여의대방로22길
동작구,여의대방로22나길
동작구,여의대방로22나길
동작구,여의대방로22다길
동작구,여의대방로22다길
동작구,여의대방로22라길
동작구,여의대방로22라길
동작구,여의대방로22마길
동작구,여의대방로22마길
동작구,여의대방로22바길
동작구,여의대방로22바길
동작구,여의대방로22사길
동작구,여의대방로22사길
동작구,여의대방로22아길
동작구,여의대방로22아길
동작구,여의대방로22자길
동작구,여의대방로22자길
동작구,여의대방로22차길
동작구,여의대방로22차길
동작구,여의대방로22카길
동작구,여의대방로22카길
동작구,여의대방로24가길
동작구,여의대방로24가길
동작구,여의대방로24길
동작구,여의대방로24길
동작구,여의대방로24길
동작구,여의대방로24나길
동작구,여의대방로24나길
동작구,여의대방로24다길
동작구,여의대방로24다길
동작구,여의대방로24라길
동작구,여의대방로24라길
동작구,여의대방로24마길
동작구,여의대방로24마길
동작구,여의대방로24바길
동작구,여의대방로24바길
동작구,여의대방로24사길
동작구,여의대방로24사길
동작구,여의대방로24자길
동작구,여의대방로24자길
동작구,여의대방로24차길
동작구,여의대방로24차길
동작구,여의대방로24카길
동작구,여의대방로24카길
동작구,여의대방로26길
동작구,여의대방로26길
동작구,여의대방로28길
동작구,여의대방로28길
동작구,여의대방로2길
동작구,여의대방로2길
동작구,여의대방로36길
동작구,여의대방로36길
동작구,여의대방로44길
동작구,여의대방로44길
동작구,여의대방로46길
동작구,여의대방로46길
동작구,여의대방로54길
동작구,여의대방로54길
동작구,여의대방로62길
동작구,여의대방로62길
동작구,장승배기로10가길
동작구,장승배기로10가길
동작구,장승배기로10길
동작구,장승배기로10길
동작구,장승배기로11가길
동작구,장승배기로11가길
동작구,장승배기로11가길
동작구,장승배기로11길
동작구,장승배기로11길
동작구,장승배기로11길
동작구,장승배기로11나길
동작구,장승배기로11나길
동작구,장승배기로13길
동작구,장승배기로13길
동작구,장승배기로15길
동작구,장승배기로15길
동작구,장승배기로16가길
동작구,장승배기로16가길
동작구,장승배기로16길
동작구,장승배기로16길
동작구,장승배기로17길
동작구,장승배기로17길
동작구,장승배기로18가길
동작구,장승배기로18가길
동작구,장승배기로18길
동작구,장승배기로18길
동작구,장승배기로18나길
동작구,장승배기로18나길
동작구,장승배기로19가길
동작구,장승배기로19가길
동작구,장승배기로19길
동작구,장승배기로19길
동작구,장승배기로19나길
동작구,장승배기로19나길
동작구,장승배기로19다길
동작구,장승배기로19다길
동작구,장승배기로19라길
동작구,장승배기로19라길
동작구,장승배기로19라길
동작구,장승배기로19라길
동작구,장승배기로1길
동작구,장승배기로1길
동작구,장승배기로20가길
동작구,장승배기로20가길
동작구,장승배기로20길
동작구,장승배기로20길
동작구,장승배기로20나길
동작구,장승배기로20나길
동작구,장승배기로20다길
동작구,장승배기로20다길
동작구,장승배기로20라길
동작구,장승배기로20라길
동작구,장승배기로21길
동작구,장승배기로21길
동작구,장승배기로22길
동작구,장승배기로22길
동작구,장승배기로23길
동작구,장승배기로23길
동작구,장승배기로24가길
동작구,장승배기로24가길
동작구,장승배기로24길
동작구,장승배기로24길
동작구,장승배기로24나길
동작구,장승배기로24나길
동작구,장승배기로25길
동작구,장승배기로25길
동작구,장승배기로26길
동작구,장승배기로26길
동작구,장승배기로27가길
동작구,장승배기로27가길
동작구,장승배기로27길
동작구,장승배기로27길
동작구,장승배기로27나길
동작구,장승배기로27나길
동작구,장승배기로27다길
동작구,장승배기로27다길
동작구,장승배기로27라길
동작구,장승배기로27라길
동작구,장승배기로27마길
동작구,장승배기로27마길
동작구,장승배기로28길
동작구,장승배기로28길
동작구,장승배기로30길
동작구,장승배기로30길
동작구,장승배기로3길
동작구,장승배기로3길
동작구,장승배기로4길
동작구,장승배기로4길
동작구,장승배기로5길
동작구,장승배기로5길
동작구,장승배기로7길
동작구,장승배기로7길
동작구,장승배기로9가길
동작구,장승배기로9가길
동작구,장승배기로9길
동작구,장승배기로9길
동작구,장승배기로9나길
동작구,장승배기로9나길
동작구,장승배기로9다길
동작구,장승배기로9다길
동작구,장승배기로9라길
동작구,장승배기로9라길
동작구,현충로10길
동작구,현충로10길
동작구,현충로12가길
동작구,현충로12가길
동작구,현충로12길
동작구,현충로12길
동작구,현충로14가길
동작구,현충로14가길
동작구,현충로14길
동작구,현충로14길
동작구,현충로14나길
동작구,현충로14나길
동작구,현충로14다길
동작구,현충로14다길
동작구,현충로16길
동작구,현충로16길
동작구,현충로18길
동작구,현충로18길
동작구,현충로20길
동작구,현충로20길
동작구,현충로22길
동작구,현충로22길
동작구,현충로24가길
동작구,현충로24가길
동작구,현충로24길
동작구,현충로24길
동작구,현충로2길
동작구,현충로2길
동작구,현충로4길
동작구,현충로4길
동작구,현충로6길
동작구,현충로6길
동작구,현충로8길
동작구,현충로8길
동작구,흑석로10길
동작구,흑석로10길
동작구,흑석로11길
동작구,흑석로11길
동작구,흑석로13가길
동작구,흑석로13가길
동작구,흑석로13길
동작구,흑석로13길
동작구,흑석로13마길
동작구,흑석로13마길
동작구,흑석로13바길
동작구,흑석로13바길
동작구,흑석로3가길
동작구,흑석로3가길
동작구,흑석로3가길
동작구,흑석로3길
동작구,흑석로3길
동작구,흑석로5길
동작구,흑석로5길
동작구,흑석로6가길
동작구,흑석로6가길
동작구,흑석로6길
동작구,흑석로6길
동작구,흑석로6나길
동작구,흑석로6나길
동작구,흑석로7길
동작구,흑석로7길
동작구,흑석로8길
동작구,흑석로8길
동작구,흑석로9길
동작구,흑석로9길
동작구,흑석로9길
동작구,노량진로23길
동작구,동작대로39가길
동작구,동작대로39가길
동작구,여의대방로24아길
동작구,관악로30길
동작구,관악로30길
동작구,보라매로3길
동작구,보라매로3길
동작구,보라매로5길
동작구,보라매로5길
동작구,보라매로7길
동작구,보라매로7길
동작구,여의대방로20길
동작구,여의대방로20길
동작구,반포천자전거길
동작구,도림천동자전거길
동작구,한강남자전거길
동작구,한강남자전거길
동작구,여의대방로20가길
동작구,여의대방로20가길
동작구,여의대방로20나길
동작구,여의대방로20나길
동작구,여의대방로20다길
동작구,여의대방로20다길
동작구,여의대방로20라길
동작구,여의대방로20라길
동작구,여의대방로20마길
동작구,여의대방로20마길