﻿동대문구,천호대로
동대문구,천호대로
동대문구,천호대로
동대문구,천호대로
동대문구,천호대로
동대문구,보문로
동대문구,보문로
동대문구,답십리로
동대문구,답십리로
동대문구,답십리로
동대문구,답십리로
동대문구,답십리로
동대문구,겸재로
동대문구,겸재로
동대문구,고산자로
동대문구,고산자로
동대문구,고산자로
동대문구,망우로
동대문구,망우로
동대문구,망우로
동대문구,무학로
동대문구,무학로
동대문구,무학로
동대문구,사가정로
동대문구,사가정로
동대문구,사가정로
동대문구,사가정로
동대문구,안암로
동대문구,안암로
동대문구,안암로
동대문구,안암로
동대문구,종암로
동대문구,종암로
동대문구,한천로
동대문구,한천로
동대문구,한천로
동대문구,한천로
동대문구,한천로
동대문구,한천로
동대문구,난계로
동대문구,난계로
동대문구,청계천로
동대문구,청계천로
동대문구,청계천로
동대문구,경동시장로
동대문구,경동시장로
동대문구,경희대로
동대문구,경희대로
동대문구,고미술로
동대문구,고미술로
동대문구,서울시립대로
동대문구,서울시립대로
동대문구,서울시립대로
동대문구,신이문로
동대문구,신이문로
동대문구,약령시로
동대문구,약령시로
동대문구,약령시로
동대문구,약령중앙로
동대문구,약령중앙로
동대문구,왕산로
동대문구,왕산로
동대문구,왕산로
동대문구,왕산로
동대문구,왕산로
동대문구,왕산로
동대문구,왕산로
동대문구,외대역동로
동대문구,외대역동로
동대문구,외대역동로
동대문구,이문로
동대문구,이문로
동대문구,이문로
동대문구,이문로
동대문구,장안벚꽃로
동대문구,장안벚꽃로
동대문구,장안벚꽃로
동대문구,장한로
동대문구,장한로
동대문구,전농로
동대문구,전농로
동대문구,전농로
동대문구,정릉천동로
동대문구,정릉천동로
동대문구,정릉천동로
동대문구,제기로
동대문구,제기로
동대문구,제기로
동대문구,천장산로
동대문구,천장산로
동대문구,한빛로
동대문구,한빛로
동대문구,한빛로
동대문구,홍릉로
동대문구,홍릉로
동대문구,황물로
동대문구,황물로
동대문구,황물로
동대문구,회기로
동대문구,회기로
동대문구,회기로
동대문구,회기로
동대문구,회기로
동대문구,휘경로
동대문구,휘경로
동대문구,휘경로
동대문구,하정로
동대문구,하정로
동대문구,동부간선로
동대문구,경동시장로10가길
동대문구,경동시장로10가길
동대문구,경동시장로10길
동대문구,경동시장로10길
동대문구,경동시장로10길
동대문구,경동시장로12길
동대문구,경동시장로12길
동대문구,경동시장로14길
동대문구,경동시장로14길
동대문구,경동시장로15길
동대문구,경동시장로15길
동대문구,경동시장로18길
동대문구,경동시장로18길
동대문구,경동시장로20길
동대문구,경동시장로20길
동대문구,경동시장로21길
동대문구,경동시장로21길
동대문구,경동시장로22길
동대문구,경동시장로22길
동대문구,경동시장로23길
동대문구,경동시장로23길
동대문구,경동시장로2길
동대문구,경동시장로2길
동대문구,경동시장로2길
동대문구,경동시장로3길
동대문구,경동시장로3길
동대문구,경동시장로6길
동대문구,경동시장로6길
동대문구,경동시장로8길
동대문구,경동시장로8길
동대문구,경동시장로8길
동대문구,경동시장로9가길
동대문구,경동시장로9가길
동대문구,경동시장로9길
동대문구,경동시장로9길
동대문구,경동시장로9나길
동대문구,경동시장로9나길
동대문구,경희대로1가길
동대문구,경희대로1가길
동대문구,경희대로1길
동대문구,경희대로1길
동대문구,경희대로1나길
동대문구,경희대로1나길
동대문구,경희대로1나길
동대문구,경희대로3길
동대문구,경희대로3길
동대문구,경희대로4길
동대문구,경희대로4길
동대문구,경희대로4길
동대문구,경희대로6길
동대문구,경희대로6길
동대문구,경희대로6길
동대문구,고산자로28가길
동대문구,고산자로28가길
동대문구,고산자로28길
동대문구,고산자로28길
동대문구,고산자로29길
동대문구,고산자로29길
동대문구,고산자로30길
동대문구,고산자로30길
동대문구,고산자로31길
동대문구,고산자로31길
동대문구,고산자로32길
동대문구,고산자로32길
동대문구,고산자로33길
동대문구,고산자로33길
동대문구,고산자로34가길
동대문구,고산자로34가길
동대문구,고산자로34길
동대문구,고산자로34길
동대문구,고산자로36길
동대문구,고산자로36길
동대문구,고산자로38길
동대문구,고산자로38길
동대문구,고산자로40길
동대문구,고산자로40길
동대문구,고산자로42길
동대문구,고산자로42길
동대문구,고산자로44길
동대문구,고산자로44길
동대문구,고산자로46길
동대문구,고산자로46길
동대문구,고산자로48길
동대문구,고산자로48길
동대문구,고산자로50길
동대문구,고산자로50길
동대문구,고산자로52길
동대문구,고산자로52길
동대문구,고산자로52길
동대문구,고산자로54길
동대문구,고산자로54길
동대문구,고산자로54길
동대문구,고산자로56길
동대문구,고산자로56길
동대문구,고산자로58길
동대문구,고산자로58길
동대문구,고산자로60길
동대문구,고산자로60길
동대문구,고산자로62길
동대문구,고산자로62길
동대문구,난계로26길
동대문구,난계로26길
동대문구,난계로28길
동대문구,난계로28길
동대문구,난계로30길
동대문구,난계로30길
동대문구,답십리로10길
동대문구,답십리로10길
동대문구,답십리로11길
동대문구,답십리로11길
동대문구,답십리로12길
동대문구,답십리로12길
동대문구,답십리로14길
동대문구,답십리로14길
동대문구,답십리로15길
동대문구,답십리로15길
동대문구,답십리로17길
동대문구,답십리로17길
동대문구,답십리로19길
동대문구,답십리로19길
동대문구,답십리로1길
동대문구,답십리로1길
동대문구,답십리로21길
동대문구,답십리로21길
동대문구,답십리로23길
동대문구,답십리로23길
동대문구,답십리로23나길
동대문구,답십리로23나길
동대문구,답십리로23다길
동대문구,답십리로23다길
동대문구,답십리로26길
동대문구,답십리로26길
동대문구,답십리로29길
동대문구,답십리로29길
동대문구,답십리로30가길
동대문구,답십리로30가길
동대문구,답십리로30길
동대문구,답십리로30길
동대문구,답십리로30길
동대문구,답십리로32길
동대문구,답십리로32길
동대문구,답십리로34길
동대문구,답십리로34길
동대문구,답십리로35길
동대문구,답십리로35길
동대문구,답십리로38길
동대문구,답십리로38길
동대문구,답십리로3길
동대문구,답십리로3길
동대문구,답십리로40길
동대문구,답십리로40길
동대문구,답십리로41길
동대문구,답십리로41길
동대문구,답십리로41길
동대문구,답십리로45길
동대문구,답십리로45길
동대문구,답십리로45길
동대문구,답십리로45나길
동대문구,답십리로45나길
동대문구,답십리로48가길
동대문구,답십리로48가길
동대문구,답십리로48길
동대문구,답십리로48길
동대문구,답십리로48나길
동대문구,답십리로48나길
동대문구,답십리로48다길
동대문구,답십리로48다길
동대문구,답십리로48라길
동대문구,답십리로48라길
동대문구,답십리로50길
동대문구,답십리로50길
동대문구,답십리로51길
동대문구,답십리로51길
동대문구,답십리로52길
동대문구,답십리로52길
동대문구,답십리로53길
동대문구,답십리로53길
동대문구,답십리로56가길
동대문구,답십리로56가길
동대문구,답십리로56길
동대문구,답십리로56길
동대문구,답십리로57길
동대문구,답십리로57길
동대문구,답십리로59가길
동대문구,답십리로59가길
동대문구,답십리로59길
동대문구,답십리로59길
동대문구,답십리로60길
동대문구,답십리로60길
동대문구,답십리로62길
동대문구,답십리로62길
동대문구,답십리로63가길
동대문구,답십리로63가길
동대문구,답십리로63길
동대문구,답십리로63길
동대문구,답십리로64길
동대문구,답십리로64길
동대문구,답십리로65길
동대문구,답십리로65길
동대문구,답십리로66길
동대문구,답십리로66길
동대문구,답십리로67길
동대문구,답십리로67길
동대문구,답십리로68길
동대문구,답십리로68길
동대문구,답십리로69가길
동대문구,답십리로69가길
동대문구,답십리로69길
동대문구,답십리로69길
동대문구,답십리로6길
동대문구,답십리로6길
동대문구,답십리로72길
동대문구,답십리로72길
동대문구,답십리로8길
동대문구,답십리로8길
동대문구,망우로10가길
동대문구,망우로10가길
동대문구,망우로10길
동대문구,망우로10길
동대문구,망우로12가길
동대문구,망우로12가길
동대문구,망우로12길
동대문구,망우로12길
동대문구,망우로12나길
동대문구,망우로12나길
동대문구,망우로12다길
동대문구,망우로12다길
동대문구,망우로12라길
동대문구,망우로12라길
동대문구,망우로14가길
동대문구,망우로14가길
동대문구,망우로14길
동대문구,망우로14길
동대문구,망우로16길
동대문구,망우로16길
동대문구,망우로18가길
동대문구,망우로18가길
동대문구,망우로18길
동대문구,망우로18길
동대문구,망우로18나길
동대문구,망우로18나길
동대문구,망우로18다길
동대문구,망우로18다길
동대문구,망우로18라길
동대문구,망우로18라길
동대문구,망우로18마길
동대문구,망우로18마길
동대문구,망우로18바길
동대문구,망우로18바길
동대문구,망우로1길
동대문구,망우로1길
동대문구,망우로20가길
동대문구,망우로20가길
동대문구,망우로20길
동대문구,망우로20길
동대문구,망우로21가길
동대문구,망우로21가길
동대문구,망우로21길
동대문구,망우로21길
동대문구,망우로21나길
동대문구,망우로21나길
동대문구,망우로23길
동대문구,망우로23길
동대문구,망우로4길
동대문구,망우로4길
동대문구,망우로4길
동대문구,망우로6길
동대문구,망우로6길
동대문구,망우로8길
동대문구,망우로8길
동대문구,무학로15길
동대문구,무학로15길
동대문구,무학로16길
동대문구,무학로16길
동대문구,무학로18길
동대문구,무학로18길
동대문구,무학로20가길
동대문구,무학로20가길
동대문구,무학로20길
동대문구,무학로20길
동대문구,무학로20나길
동대문구,무학로20나길
동대문구,무학로20다길
동대문구,무학로20다길
동대문구,무학로23길
동대문구,무학로23길
동대문구,무학로25길
동대문구,무학로25길
동대문구,무학로26길
동대문구,무학로26길
동대문구,무학로27길
동대문구,무학로27길
동대문구,무학로28길
동대문구,무학로28길
동대문구,무학로30길
동대문구,무학로30길
동대문구,무학로32길
동대문구,무학로32길
동대문구,무학로33길
동대문구,무학로33길
동대문구,무학로34가길
동대문구,무학로34가길
동대문구,무학로34길
동대문구,무학로34길
동대문구,무학로35길
동대문구,무학로35길
동대문구,무학로36길
동대문구,무학로36길
동대문구,무학로37길
동대문구,무학로37길
동대문구,무학로39길
동대문구,무학로39길
동대문구,무학로42길
동대문구,무학로42길
동대문구,무학로42길
동대문구,무학로43길
동대문구,무학로43길
동대문구,무학로44길
동대문구,무학로44길
동대문구,무학로44길
동대문구,무학로45길
동대문구,무학로45길
동대문구,무학로47길
동대문구,무학로47길
동대문구,무학로49길
동대문구,무학로49길
동대문구,무학로51길
동대문구,무학로51길
동대문구,사가정로12길
동대문구,사가정로12길
동대문구,사가정로13가길
동대문구,사가정로13가길
동대문구,사가정로13길
동대문구,사가정로13길
동대문구,사가정로15길
동대문구,사가정로15길
동대문구,사가정로20길
동대문구,사가정로20길
동대문구,사가정로21가길
동대문구,사가정로21가길
동대문구,사가정로21길
동대문구,사가정로21길
동대문구,사가정로23가길
동대문구,사가정로23가길
동대문구,사가정로23길
동대문구,사가정로23길
동대문구,사가정로23나길
동대문구,사가정로23나길
동대문구,사가정로25가길
동대문구,사가정로25가길
동대문구,사가정로25길
동대문구,사가정로25길
동대문구,사가정로27길
동대문구,사가정로27길
동대문구,사가정로2길
동대문구,사가정로2길
동대문구,사가정로4길
동대문구,사가정로4길
동대문구,사가정로5길
동대문구,사가정로5길
동대문구,사가정로8길
동대문구,사가정로8길
동대문구,사가정로9길
동대문구,사가정로9길
동대문구,서울시립대로12길
동대문구,서울시립대로12길
동대문구,서울시립대로14길
동대문구,서울시립대로14길
동대문구,서울시립대로16길
동대문구,서울시립대로16길
동대문구,서울시립대로18가길
동대문구,서울시립대로18가길
동대문구,서울시립대로18길
동대문구,서울시립대로18길
동대문구,서울시립대로19길
동대문구,서울시립대로19길
동대문구,서울시립대로21길
동대문구,서울시립대로21길
동대문구,서울시립대로23길
동대문구,서울시립대로23길
동대문구,서울시립대로25길
동대문구,서울시립대로25길
동대문구,서울시립대로27길
동대문구,서울시립대로27길
동대문구,서울시립대로28가길
동대문구,서울시립대로28가길
동대문구,서울시립대로28길
동대문구,서울시립대로28길
동대문구,서울시립대로28나길
동대문구,서울시립대로28나길
동대문구,서울시립대로29가길
동대문구,서울시립대로29가길
동대문구,서울시립대로29가길
동대문구,서울시립대로29길
동대문구,서울시립대로29길
동대문구,서울시립대로29길
동대문구,서울시립대로29나길
동대문구,서울시립대로29나길
동대문구,서울시립대로29나길
동대문구,서울시립대로2길
동대문구,서울시립대로2길
동대문구,서울시립대로2길
동대문구,서울시립대로3길
동대문구,서울시립대로3길
동대문구,서울시립대로4길
동대문구,서울시립대로4길
동대문구,서울시립대로4길
동대문구,서울시립대로5길
동대문구,서울시립대로5길
동대문구,서울시립대로7길
동대문구,서울시립대로7길
동대문구,서울시립대로8길
동대문구,서울시립대로8길
동대문구,서울시립대로9길
동대문구,서울시립대로9길
동대문구,신이문로12길
동대문구,신이문로12길
동대문구,신이문로13길
동대문구,신이문로13길
동대문구,신이문로16길
동대문구,신이문로16길
동대문구,신이문로18길
동대문구,신이문로18길
동대문구,신이문로20길
동대문구,신이문로20길
동대문구,신이문로22길
동대문구,신이문로22길
동대문구,신이문로23길
동대문구,신이문로23길
동대문구,신이문로24가길
동대문구,신이문로24가길
동대문구,신이문로24길
동대문구,신이문로24길
동대문구,신이문로25길
동대문구,신이문로25길
동대문구,신이문로26길
동대문구,신이문로26길
동대문구,신이문로28길
동대문구,신이문로28길
동대문구,신이문로2길
동대문구,신이문로2길
동대문구,신이문로4길
동대문구,신이문로4길
동대문구,신이문로6길
동대문구,신이문로6길
동대문구,신이문로8길
동대문구,신이문로8길
동대문구,신이문로9길
동대문구,신이문로9길
동대문구,안암로12길
동대문구,안암로12길
동대문구,안암로14길
동대문구,안암로14길
동대문구,안암로16길
동대문구,안암로16길
동대문구,안암로18가길
동대문구,안암로18가길
동대문구,안암로18길
동대문구,안암로18길
동대문구,안암로20가길
동대문구,안암로20가길
동대문구,안암로20길
동대문구,안암로20길
동대문구,안암로22길
동대문구,안암로22길
동대문구,안암로24길
동대문구,안암로24길
동대문구,안암로26길
동대문구,안암로26길
동대문구,안암로4길
동대문구,안암로4길
동대문구,안암로6가길
동대문구,안암로6가길
동대문구,안암로6길
동대문구,안암로6길
동대문구,약령동길
동대문구,약령동길
동대문구,약령서1길
동대문구,약령서1길
동대문구,약령서길
동대문구,약령서길
동대문구,약령시로11길
동대문구,약령시로11길
동대문구,약령시로13길
동대문구,약령시로13길
동대문구,약령시로14길
동대문구,약령시로14길
동대문구,약령시로15길
동대문구,약령시로15길
동대문구,약령시로17길
동대문구,약령시로17길
동대문구,약령시로17길
동대문구,약령시로19길
동대문구,약령시로19길
동대문구,약령시로21가길
동대문구,약령시로21가길
동대문구,약령시로21길
동대문구,약령시로21길
동대문구,약령시로2길
동대문구,약령시로2길
동대문구,약령시로3길
동대문구,약령시로3길
동대문구,약령시로5길
동대문구,약령시로5길
동대문구,약령시로7길
동대문구,약령시로7길
동대문구,약령시로9길
동대문구,약령시로9길
동대문구,약령중앙로10길
동대문구,약령중앙로10길
동대문구,약령중앙로12길
동대문구,약령중앙로12길
동대문구,약령중앙로13길
동대문구,약령중앙로13길
동대문구,약령중앙로2길
동대문구,약령중앙로2길
동대문구,약령중앙로4길
동대문구,약령중앙로4길
동대문구,약령중앙로6길
동대문구,약령중앙로6길
동대문구,약령중앙로8길
동대문구,약령중앙로8길
동대문구,왕산로11길
동대문구,왕산로11길
동대문구,왕산로13가길
동대문구,왕산로13가길
동대문구,왕산로13길
동대문구,왕산로13길
동대문구,왕산로16가길
동대문구,왕산로16가길
동대문구,왕산로16길
동대문구,왕산로16길
동대문구,왕산로16나길
동대문구,왕산로16나길
동대문구,왕산로17길
동대문구,왕산로17길
동대문구,왕산로19가길
동대문구,왕산로19가길
동대문구,왕산로19길
동대문구,왕산로19길
동대문구,왕산로19길
동대문구,왕산로19나길
동대문구,왕산로19나길
동대문구,왕산로19다길
동대문구,왕산로19다길
동대문구,왕산로19라길
동대문구,왕산로19라길
동대문구,왕산로19마길
동대문구,왕산로19마길
동대문구,왕산로19바길
동대문구,왕산로19바길
동대문구,왕산로22길
동대문구,왕산로22길
동대문구,왕산로23가길
동대문구,왕산로23가길
동대문구,왕산로23길
동대문구,왕산로23길
동대문구,왕산로26가길
동대문구,왕산로26가길
동대문구,왕산로26길
동대문구,왕산로26길
동대문구,왕산로28길
동대문구,왕산로28길
동대문구,왕산로29길
동대문구,왕산로29길
동대문구,왕산로2길
동대문구,왕산로2길
동대문구,왕산로30길
동대문구,왕산로30길
동대문구,왕산로32길
동대문구,왕산로32길
동대문구,왕산로33길
동대문구,왕산로33길
동대문구,왕산로34길
동대문구,왕산로34길
동대문구,왕산로35길
동대문구,왕산로35길
동대문구,왕산로35길
동대문구,왕산로36길
동대문구,왕산로36길
동대문구,왕산로37길
동대문구,왕산로37길
동대문구,왕산로37길
동대문구,왕산로3가길
동대문구,왕산로3가길
동대문구,왕산로3길
동대문구,왕산로3길
동대문구,왕산로40길
동대문구,왕산로40길
동대문구,왕산로41길
동대문구,왕산로41길
동대문구,왕산로43가길
동대문구,왕산로43가길
동대문구,왕산로43길
동대문구,왕산로43길
동대문구,왕산로43나길
동대문구,왕산로43나길
동대문구,왕산로43다길
동대문구,왕산로43다길
동대문구,왕산로45길
동대문구,왕산로45길
동대문구,왕산로47길
동대문구,왕산로47길
동대문구,왕산로49길
동대문구,왕산로49길
동대문구,왕산로51길
동대문구,왕산로51길
동대문구,왕산로53길
동대문구,왕산로53길
동대문구,왕산로5길
동대문구,왕산로5길
동대문구,왕산로7가길
동대문구,왕산로7가길
동대문구,왕산로7길
동대문구,왕산로7길
동대문구,왕산로9길
동대문구,왕산로9길
동대문구,외대역동로12가길
동대문구,외대역동로12가길
동대문구,외대역동로12가길
동대문구,외대역동로12길
동대문구,외대역동로12길
동대문구,외대역동로12길
동대문구,외대역동로14길
동대문구,외대역동로14길
동대문구,외대역동로14길
동대문구,외대역동로16길
동대문구,외대역동로16길
동대문구,외대역동로18길
동대문구,외대역동로18길
동대문구,외대역동로1길
동대문구,외대역동로1길
동대문구,외대역동로20길
동대문구,외대역동로20길
동대문구,외대역동로22길
동대문구,외대역동로22길
동대문구,외대역동로24길
동대문구,외대역동로24길
동대문구,외대역동로26길
동대문구,외대역동로26길
동대문구,외대역동로27가길
동대문구,외대역동로27가길
동대문구,외대역동로27길
동대문구,외대역동로27길
동대문구,외대역동로30길
동대문구,외대역동로30길
동대문구,외대역동로32길
동대문구,외대역동로32길
동대문구,외대역동로34가길
동대문구,외대역동로34가길
동대문구,외대역동로34길
동대문구,외대역동로34길
동대문구,외대역동로35길
동대문구,외대역동로35길
동대문구,외대역동로4길
동대문구,외대역동로4길
동대문구,외대역동로5가길
동대문구,외대역동로5가길
동대문구,외대역동로5길
동대문구,외대역동로5길
동대문구,외대역동로5나길
동대문구,외대역동로5나길
동대문구,외대역동로5다길
동대문구,외대역동로5다길
동대문구,외대역동로6길
동대문구,외대역동로6길
동대문구,외대역동로7길
동대문구,외대역동로7길
동대문구,이문로12길
동대문구,이문로12길
동대문구,이문로12길
동대문구,이문로13길
동대문구,이문로13길
동대문구,이문로16가길
동대문구,이문로16가길
동대문구,이문로16길
동대문구,이문로16길
동대문구,이문로17길
동대문구,이문로17길
동대문구,이문로19길
동대문구,이문로19길
동대문구,이문로1길
동대문구,이문로1길
동대문구,이문로1길
동대문구,이문로21길
동대문구,이문로21길
동대문구,이문로24길
동대문구,이문로24길
동대문구,이문로25길
동대문구,이문로25길
동대문구,이문로28길
동대문구,이문로28길
동대문구,이문로30가길
동대문구,이문로30가길
동대문구,이문로30길
동대문구,이문로30길
동대문구,이문로32길
동대문구,이문로32길
동대문구,이문로33가길
동대문구,이문로33가길
동대문구,이문로33길
동대문구,이문로33길
동대문구,이문로34가길
동대문구,이문로34가길
동대문구,이문로34길
동대문구,이문로34길
동대문구,이문로34나길
동대문구,이문로34나길
동대문구,이문로35가길
동대문구,이문로35가길
동대문구,이문로35길
동대문구,이문로35길
동대문구,이문로35나길
동대문구,이문로35나길
동대문구,이문로35다길
동대문구,이문로35다길
동대문구,이문로35라길
동대문구,이문로35라길
동대문구,이문로35마길
동대문구,이문로35마길
동대문구,이문로35바길
동대문구,이문로35바길
동대문구,이문로35사길
동대문구,이문로35사길
동대문구,이문로35아길
동대문구,이문로35아길
동대문구,이문로38길
동대문구,이문로38길
동대문구,이문로39길
동대문구,이문로39길
동대문구,이문로3길
동대문구,이문로3길
동대문구,이문로42길
동대문구,이문로42길
동대문구,이문로43가길
동대문구,이문로43가길
동대문구,이문로43길
동대문구,이문로43길
동대문구,이문로43나길
동대문구,이문로43나길
동대문구,이문로43다길
동대문구,이문로43다길
동대문구,이문로43라길
동대문구,이문로43라길
동대문구,이문로46길
동대문구,이문로46길
동대문구,이문로47길
동대문구,이문로47길
동대문구,이문로50길
동대문구,이문로50길
동대문구,이문로51길
동대문구,이문로51길
동대문구,이문로54길
동대문구,이문로54길
동대문구,이문로6길
동대문구,이문로6길
동대문구,이문로8길
동대문구,이문로8길
동대문구,이문로9가길
동대문구,이문로9가길
동대문구,이문로9길
동대문구,이문로9길
동대문구,이문로9나길
동대문구,이문로9나길
동대문구,장안벚꽃로3길
동대문구,장안벚꽃로3길
동대문구,장안벚꽃로5길
동대문구,장안벚꽃로5길
동대문구,장안벚꽃로7가길
동대문구,장안벚꽃로7가길
동대문구,장안벚꽃로7길
동대문구,장안벚꽃로7길
동대문구,장한로10길
동대문구,장한로10길
동대문구,장한로12길
동대문구,장한로12길
동대문구,장한로13길
동대문구,장한로13길
동대문구,장한로14길
동대문구,장한로14길
동대문구,장한로16길
동대문구,장한로16길
동대문구,장한로17길
동대문구,장한로17길
동대문구,장한로18길
동대문구,장한로18길
동대문구,장한로20길
동대문구,장한로20길
동대문구,장한로21길
동대문구,장한로21길
동대문구,장한로22길
동대문구,장한로22길
동대문구,장한로23길
동대문구,장한로23길
동대문구,장한로24길
동대문구,장한로24길
동대문구,장한로25길
동대문구,장한로25길
동대문구,장한로26가길
동대문구,장한로26가길
동대문구,장한로26길
동대문구,장한로26길
동대문구,장한로26나길
동대문구,장한로26나길
동대문구,장한로26다길
동대문구,장한로26다길
동대문구,장한로27가길
동대문구,장한로27가길
동대문구,장한로27길
동대문구,장한로27길
동대문구,장한로27나길
동대문구,장한로27나길
동대문구,장한로28가길
동대문구,장한로28가길
동대문구,장한로28길
동대문구,장한로28길
동대문구,장한로29길
동대문구,장한로29길
동대문구,장한로2길
동대문구,장한로2길
동대문구,장한로30길
동대문구,장한로30길
동대문구,장한로31길
동대문구,장한로31길
동대문구,장한로32길
동대문구,장한로32길
동대문구,장한로33길
동대문구,장한로33길
동대문구,장한로34길
동대문구,장한로34길
동대문구,장한로36길
동대문구,장한로36길
동대문구,장한로3길
동대문구,장한로3길
동대문구,장한로5가길
동대문구,장한로5가길
동대문구,장한로5길
동대문구,장한로5길
동대문구,장한로6길
동대문구,장한로6길
동대문구,장한로8길
동대문구,장한로8길
동대문구,장한로9길
동대문구,장한로9길
동대문구,전농로10길
동대문구,전농로10길
동대문구,전농로10길
동대문구,전농로11가길
동대문구,전농로11가길
동대문구,전농로11길
동대문구,전농로11길
동대문구,전농로11길
동대문구,전농로14길
동대문구,전농로14길
동대문구,전농로14길
동대문구,전농로15길
동대문구,전농로15길
동대문구,전농로16길
동대문구,전농로16길
동대문구,전농로17길
동대문구,전농로17길
동대문구,전농로19길
동대문구,전농로19길
동대문구,전농로20가길
동대문구,전농로20가길
동대문구,전농로20길
동대문구,전농로20길
동대문구,전농로20나길
동대문구,전농로20나길
동대문구,전농로20다길
동대문구,전농로20다길
동대문구,전농로21길
동대문구,전농로21길
동대문구,전농로23길
동대문구,전농로23길
동대문구,전농로25길
동대문구,전농로25길
동대문구,전농로27길
동대문구,전농로27길
동대문구,전농로29길
동대문구,전농로29길
동대문구,전농로2가길
동대문구,전농로2가길
동대문구,전농로2길
동대문구,전농로2길
동대문구,전농로2나길
동대문구,전농로2나길
동대문구,전농로30길
동대문구,전농로30길
동대문구,전농로31가길
동대문구,전농로31가길
동대문구,전농로31길
동대문구,전농로31길
동대문구,전농로31나길
동대문구,전농로31나길
동대문구,전농로34길
동대문구,전농로34길
동대문구,전농로36가길
동대문구,전농로36가길
동대문구,전농로36길
동대문구,전농로36길
동대문구,전농로36나길
동대문구,전농로36나길
동대문구,전농로37가길
동대문구,전농로37가길
동대문구,전농로37길
동대문구,전농로37길
동대문구,전농로37나길
동대문구,전농로37나길
동대문구,전농로37다길
동대문구,전농로37다길
동대문구,전농로38가길
동대문구,전농로38가길
동대문구,전농로38길
동대문구,전농로38길
동대문구,전농로38길
동대문구,전농로38나길
동대문구,전농로38나길
동대문구,전농로38다길
동대문구,전농로38다길
동대문구,전농로38라길
동대문구,전농로38라길
동대문구,전농로3가길
동대문구,전농로3가길
동대문구,전농로3길
동대문구,전농로3길
동대문구,전농로4가길
동대문구,전농로4가길
동대문구,전농로4길
동대문구,전농로4길
동대문구,전농로4나길
동대문구,전농로4나길
동대문구,전농로4다길
동대문구,전농로4다길
동대문구,전농로5길
동대문구,전농로5길
동대문구,전농로9길
동대문구,전농로9길
동대문구,제기로11길
동대문구,제기로11길
동대문구,제기로13길
동대문구,제기로13길
동대문구,제기로15길
동대문구,제기로15길
동대문구,제기로15길
동대문구,제기로17가길
동대문구,제기로17가길
동대문구,제기로17길
동대문구,제기로17길
동대문구,제기로20길
동대문구,제기로20길
동대문구,제기로21길
동대문구,제기로21길
동대문구,제기로21길
동대문구,제기로23길
동대문구,제기로23길
동대문구,제기로25길
동대문구,제기로25길
동대문구,제기로26길
동대문구,제기로26길
동대문구,제기로28길
동대문구,제기로28길
동대문구,제기로29길
동대문구,제기로29길
동대문구,제기로2가길
동대문구,제기로2가길
동대문구,제기로2길
동대문구,제기로2길
동대문구,제기로31길
동대문구,제기로31길
동대문구,제기로33길
동대문구,제기로33길
동대문구,제기로36길
동대문구,제기로36길
동대문구,제기로37길
동대문구,제기로37길
동대문구,제기로38길
동대문구,제기로38길
동대문구,제기로4가길
동대문구,제기로4가길
동대문구,제기로4길
동대문구,제기로4길
동대문구,제기로4나길
동대문구,제기로4나길
동대문구,제기로4다길
동대문구,제기로4다길
동대문구,제기로5가길
동대문구,제기로5가길
동대문구,제기로5길
동대문구,제기로5길
동대문구,제기로6가길
동대문구,제기로6가길
동대문구,제기로6길
동대문구,제기로6길
동대문구,제기로7길
동대문구,제기로7길
동대문구,제기로9길
동대문구,제기로9길
동대문구,천장산로11길
동대문구,천장산로11길
동대문구,천장산로12길
동대문구,천장산로12길
동대문구,천장산로13길
동대문구,천장산로13길
동대문구,천장산로16길
동대문구,천장산로16길
동대문구,천장산로2길
동대문구,천장산로2길
동대문구,천장산로4가길
동대문구,천장산로4가길
동대문구,천장산로4길
동대문구,천장산로4길
동대문구,천장산로6길
동대문구,천장산로6길
동대문구,천장산로7길
동대문구,천장산로7길
동대문구,천장산로9가길
동대문구,천장산로9가길
동대문구,천장산로9길
동대문구,천장산로9길
동대문구,천호대로12길
동대문구,천호대로12길
동대문구,천호대로13길
동대문구,천호대로13길
동대문구,천호대로14길
동대문구,천호대로14길
동대문구,천호대로16가길
동대문구,천호대로16가길
동대문구,천호대로16길
동대문구,천호대로16길
동대문구,천호대로16나길
동대문구,천호대로16나길
동대문구,천호대로17길
동대문구,천호대로17길
동대문구,천호대로19길
동대문구,천호대로19길
동대문구,천호대로21길
동대문구,천호대로21길
동대문구,천호대로22길
동대문구,천호대로22길
동대문구,천호대로23길
동대문구,천호대로23길
동대문구,천호대로24길
동대문구,천호대로24길
동대문구,천호대로25길
동대문구,천호대로25길
동대문구,천호대로27길
동대문구,천호대로27길
동대문구,천호대로29가길
동대문구,천호대로29가길
동대문구,천호대로29길
동대문구,천호대로29길
동대문구,천호대로2길
동대문구,천호대로2길
동대문구,천호대로31길
동대문구,천호대로31길
동대문구,천호대로33길
동대문구,천호대로33길
동대문구,천호대로35길
동대문구,천호대로35길
동대문구,천호대로37길
동대문구,천호대로37길
동대문구,천호대로39길
동대문구,천호대로39길
동대문구,천호대로41길
동대문구,천호대로41길
동대문구,천호대로43길
동대문구,천호대로43길
동대문구,천호대로45가길
동대문구,천호대로45가길
동대문구,천호대로45길
동대문구,천호대로45길
동대문구,천호대로45나길
동대문구,천호대로45나길
동대문구,천호대로45다길
동대문구,천호대로45다길
동대문구,천호대로45라길
동대문구,천호대로45라길
동대문구,천호대로47길
동대문구,천호대로47길
동대문구,천호대로4길
동대문구,천호대로4길
동대문구,천호대로55길
동대문구,천호대로55길
동대문구,천호대로65길
동대문구,천호대로65길
동대문구,천호대로67길
동대문구,천호대로67길
동대문구,천호대로69가길
동대문구,천호대로69가길
동대문구,천호대로69길
동대문구,천호대로69길
동대문구,천호대로69나길
동대문구,천호대로69나길
동대문구,천호대로71길
동대문구,천호대로71길
동대문구,천호대로73길
동대문구,천호대로73길
동대문구,천호대로75길
동대문구,천호대로75길
동대문구,천호대로77가길
동대문구,천호대로77가길
동대문구,천호대로77길
동대문구,천호대로77길
동대문구,천호대로77나길
동대문구,천호대로77나길
동대문구,천호대로77다길
동대문구,천호대로77다길
동대문구,천호대로79길
동대문구,천호대로79길
동대문구,천호대로7길
동대문구,천호대로7길
동대문구,천호대로81길
동대문구,천호대로81길
동대문구,천호대로83길
동대문구,천호대로83길
동대문구,천호대로85길
동대문구,천호대로85길
동대문구,천호대로87길
동대문구,천호대로87길
동대문구,천호대로89길
동대문구,천호대로89길
동대문구,천호대로91길
동대문구,천호대로91길
동대문구,천호대로93길
동대문구,천호대로93길
동대문구,천호대로95길
동대문구,천호대로95길
동대문구,천호대로97길
동대문구,천호대로97길
동대문구,천호대로9가길
동대문구,천호대로9가길
동대문구,천호대로9길
동대문구,천호대로9길
동대문구,청계천로13길
동대문구,청계천로13길
동대문구,청계천로1가길
동대문구,청계천로1가길
동대문구,청계천로1길
동대문구,청계천로1길
동대문구,청계천로5길
동대문구,청계천로5길
동대문구,청계천로7길
동대문구,청계천로7길
동대문구,하정로2가길
동대문구,하정로2가길
동대문구,하정로2길
동대문구,하정로2길
동대문구,하정로3길
동대문구,하정로3길
동대문구,하정로4길
동대문구,하정로4길
동대문구,하정로5길
동대문구,하정로5길
동대문구,하정로6길
동대문구,하정로6길
동대문구,한빛로1길
동대문구,한빛로1길
동대문구,한빛로3길
동대문구,한빛로3길
동대문구,한빛로5길
동대문구,한빛로5길
동대문구,한빛로7길
동대문구,한빛로7길
동대문구,한천로10길
동대문구,한천로10길
동대문구,한천로11가길
동대문구,한천로11가길
동대문구,한천로11길
동대문구,한천로11길
동대문구,한천로11나길
동대문구,한천로11나길
동대문구,한천로11다길
동대문구,한천로11다길
동대문구,한천로14길
동대문구,한천로14길
동대문구,한천로15길
동대문구,한천로15길
동대문구,한천로17길
동대문구,한천로17길
동대문구,한천로18길
동대문구,한천로18길
동대문구,한천로20길
동대문구,한천로20길
동대문구,한천로22길
동대문구,한천로22길
동대문구,한천로24길
동대문구,한천로24길
동대문구,한천로26길
동대문구,한천로26길
동대문구,한천로28길
동대문구,한천로28길
동대문구,한천로2길
동대문구,한천로2길
동대문구,한천로30길
동대문구,한천로30길
동대문구,한천로32길
동대문구,한천로32길
동대문구,한천로33가길
동대문구,한천로33가길
동대문구,한천로33길
동대문구,한천로33길
동대문구,한천로33길
동대문구,한천로33길
동대문구,한천로36길
동대문구,한천로36길
동대문구,한천로37길
동대문구,한천로37길
동대문구,한천로37길
동대문구,한천로38가길
동대문구,한천로38가길
동대문구,한천로38길
동대문구,한천로38길
동대문구,한천로38나길
동대문구,한천로38나길
동대문구,한천로38다길
동대문구,한천로38다길
동대문구,한천로39길
동대문구,한천로39길
동대문구,한천로40길
동대문구,한천로40길
동대문구,한천로41길
동대문구,한천로41길
동대문구,한천로42길
동대문구,한천로42길
동대문구,한천로43길
동대문구,한천로43길
동대문구,한천로46가길
동대문구,한천로46가길
동대문구,한천로46길
동대문구,한천로46길
동대문구,한천로46길
동대문구,한천로47길
동대문구,한천로47길
동대문구,한천로49길
동대문구,한천로49길
동대문구,한천로4길
동대문구,한천로4길
동대문구,한천로51길
동대문구,한천로51길
동대문구,한천로53길
동대문구,한천로53길
동대문구,한천로55가길
동대문구,한천로55가길
동대문구,한천로55길
동대문구,한천로55길
동대문구,한천로58길
동대문구,한천로58길
동대문구,한천로58길
동대문구,한천로59길
동대문구,한천로59길
동대문구,한천로61길
동대문구,한천로61길
동대문구,한천로63길
동대문구,한천로63길
동대문구,한천로66길
동대문구,한천로66길
동대문구,한천로6가길
동대문구,한천로6가길
동대문구,한천로6길
동대문구,한천로6길
동대문구,한천로8가길
동대문구,한천로8가길
동대문구,한천로8길
동대문구,한천로8길
동대문구,홍릉로10길
동대문구,홍릉로10길
동대문구,홍릉로12길
동대문구,홍릉로12길
동대문구,홍릉로15길
동대문구,홍릉로15길
동대문구,홍릉로15길
동대문구,홍릉로17길
동대문구,홍릉로17길
동대문구,홍릉로17길
동대문구,홍릉로18길
동대문구,홍릉로18길
동대문구,홍릉로1가길
동대문구,홍릉로1가길
동대문구,홍릉로1길
동대문구,홍릉로1길
동대문구,홍릉로1길
동대문구,홍릉로20길
동대문구,홍릉로20길
동대문구,홍릉로22가길
동대문구,홍릉로22가길
동대문구,홍릉로22길
동대문구,홍릉로22길
동대문구,홍릉로24길
동대문구,홍릉로24길
동대문구,홍릉로24길
동대문구,홍릉로25길
동대문구,홍릉로25길
동대문구,홍릉로27길
동대문구,홍릉로27길
동대문구,홍릉로29길
동대문구,홍릉로29길
동대문구,홍릉로29길
동대문구,홍릉로3길
동대문구,홍릉로3길
동대문구,홍릉로3길
동대문구,홍릉로5길
동대문구,홍릉로5길
동대문구,홍릉로5길
동대문구,홍릉로8길
동대문구,홍릉로8길
동대문구,화랑로32길
동대문구,화랑로32길
동대문구,화랑로32마길
동대문구,화랑로32마길
동대문구,황물로11길
동대문구,황물로11길
동대문구,황물로13길
동대문구,황물로13길
동대문구,황물로15가길
동대문구,황물로15가길
동대문구,황물로15길
동대문구,황물로15길
동대문구,황물로15나길
동대문구,황물로15나길
동대문구,황물로15다길
동대문구,황물로15다길
동대문구,황물로17가길
동대문구,황물로17가길
동대문구,황물로17길
동대문구,황물로17길
동대문구,황물로1길
동대문구,황물로1길
동대문구,황물로3가길
동대문구,황물로3가길
동대문구,황물로3길
동대문구,황물로3길
동대문구,황물로5가길
동대문구,황물로5가길
동대문구,황물로5길
동대문구,황물로5길
동대문구,황물로7길
동대문구,황물로7길
동대문구,황물로9길
동대문구,황물로9길
동대문구,회기로10가길
동대문구,회기로10가길
동대문구,회기로10가길
동대문구,회기로10길
동대문구,회기로10길
동대문구,회기로10길
동대문구,회기로12가길
동대문구,회기로12가길
동대문구,회기로12길
동대문구,회기로12길
동대문구,회기로12나길
동대문구,회기로12나길
동대문구,회기로12다길
동대문구,회기로12다길
동대문구,회기로13길
동대문구,회기로13길
동대문구,회기로14길
동대문구,회기로14길
동대문구,회기로16길
동대문구,회기로16길
동대문구,회기로18길
동대문구,회기로18길
동대문구,회기로19길
동대문구,회기로19길
동대문구,회기로21가길
동대문구,회기로21가길
동대문구,회기로21길
동대문구,회기로21길
동대문구,회기로23가길
동대문구,회기로23가길
동대문구,회기로23길
동대문구,회기로23길
동대문구,회기로23길
동대문구,회기로23나길
동대문구,회기로23나길
동대문구,회기로23다길
동대문구,회기로23다길
동대문구,회기로23다길
동대문구,회기로25가길
동대문구,회기로25가길
동대문구,회기로25길
동대문구,회기로25길
동대문구,회기로25길
동대문구,회기로26길
동대문구,회기로26길
동대문구,회기로28길
동대문구,회기로28길
동대문구,회기로29길
동대문구,회기로29길
동대문구,회기로2길
동대문구,회기로2길
동대문구,회기로31가길
동대문구,회기로31가길
동대문구,회기로31길
동대문구,회기로31길
동대문구,회기로31나길
동대문구,회기로31나길
동대문구,회기로4길
동대문구,회기로4길
동대문구,회기로5길
동대문구,회기로5길
동대문구,회기로8가길
동대문구,회기로8가길
동대문구,회기로8길
동대문구,회기로8길
동대문구,회기로8길
동대문구,휘경로10길
동대문구,휘경로10길
동대문구,휘경로11가길
동대문구,휘경로11가길
동대문구,휘경로11길
동대문구,휘경로11길
동대문구,휘경로12가길
동대문구,휘경로12가길
동대문구,휘경로12길
동대문구,휘경로12길
동대문구,휘경로12나길
동대문구,휘경로12나길
동대문구,휘경로14가길
동대문구,휘경로14가길
동대문구,휘경로14길
동대문구,휘경로14길
동대문구,휘경로14나길
동대문구,휘경로14나길
동대문구,휘경로15길
동대문구,휘경로15길
동대문구,휘경로17길
동대문구,휘경로17길
동대문구,휘경로19길
동대문구,휘경로19길
동대문구,휘경로19길
동대문구,휘경로23길
동대문구,휘경로23길
동대문구,휘경로23길
동대문구,휘경로2가길
동대문구,휘경로2가길
동대문구,휘경로2길
동대문구,휘경로2길
동대문구,휘경로31길
동대문구,휘경로31길
동대문구,휘경로31길
동대문구,휘경로3가길
동대문구,휘경로3가길
동대문구,휘경로3길
동대문구,휘경로3길
동대문구,휘경로3나길
동대문구,휘경로3나길
동대문구,휘경로3다길
동대문구,휘경로3다길
동대문구,휘경로3라길
동대문구,휘경로3라길
동대문구,휘경로5길
동대문구,휘경로5길
동대문구,휘경로7길
동대문구,휘경로7길
동대문구,외대역동로3길
동대문구,장안벚꽃로1길
동대문구,장안벚꽃로1길
동대문구,한천로58길
동대문구,한천로58길
동대문구,사가정로17길
동대문구,사가정로17길
동대문구,답십리로58길
동대문구,답십리로58길
동대문구,성북천자전거길
동대문구,정릉천자전거길
동대문구,중랑천서자전거길
동대문구,중랑천서자전거길