﻿은평구,가양대로
은평구,북한산로
은평구,북한산로
은평구,서오릉로
은평구,서오릉로
은평구,서오릉로
은평구,서오릉로
은평구,서오릉로
은평구,서오릉로
은평구,서오릉로
은평구,통일로
은평구,통일로
은평구,통일로
은평구,통일로
은평구,통일로
은평구,통일로
은평구,통일로
은평구,가좌로
은평구,가좌로
은평구,가좌로
은평구,수색로
은평구,수색로
은평구,수색로
은평구,응암로
은평구,응암로
은평구,응암로
은평구,증산로
은평구,증산로
은평구,증산로
은평구,증산로
은평구,증산로
은평구,진흥로
은평구,진흥로
은평구,진흥로
은평구,진흥로
은평구,진흥로
은평구,진흥로
은평구,갈현로
은평구,갈현로
은평구,갈현로
은평구,갈현로
은평구,갈현로
은평구,녹번로
은평구,녹번로
은평구,백련산로
은평구,백련산로
은평구,불광로
은평구,불광로
은평구,불광로
은평구,역말로
은평구,역말로
은평구,역말로
은평구,연서로
은평구,연서로
은평구,연서로
은평구,연서로
은평구,연서로
은평구,연서로
은평구,연서로
은평구,은평로
은평구,은평로
은평구,은평로
은평구,은평로
은평구,은평로
은평구,은평터널로
은평구,은평터널로
은평구,은평터널로
은평구,진관1로
은평구,진관1로
은평구,진관2로
은평구,진관2로
은평구,진관3로
은평구,진관3로
은평구,진관4로
은평구,진관4로
은평구,대서문길
은평구,대서문길
은평구,백운길
은평구,중고개길
은평구,가좌로10길
은평구,가좌로10길
은평구,가좌로11가길
은평구,가좌로11가길
은평구,가좌로11길
은평구,가좌로11길
은평구,가좌로11나길
은평구,가좌로11나길
은평구,가좌로12길
은평구,가좌로12길
은평구,가좌로5길
은평구,가좌로5길
은평구,가좌로6길
은평구,가좌로6길
은평구,가좌로7가길
은평구,가좌로7가길
은평구,가좌로7길
은평구,가좌로7길
은평구,가좌로7나길
은평구,가좌로7나길
은평구,가좌로7다길
은평구,가좌로7다길
은평구,가좌로7라길
은평구,가좌로7라길
은평구,가좌로9길
은평구,가좌로9길
은평구,갈현로11가길
은평구,갈현로11가길
은평구,갈현로11길
은평구,갈현로11길
은평구,갈현로11길
은평구,갈현로12길
은평구,갈현로12길
은평구,갈현로14길
은평구,갈현로14길
은평구,갈현로15길
은평구,갈현로15길
은평구,갈현로15길
은평구,갈현로16길
은평구,갈현로16길
은평구,갈현로17가길
은평구,갈현로17가길
은평구,갈현로17길
은평구,갈현로17길
은평구,갈현로17나길
은평구,갈현로17나길
은평구,갈현로17나길
은평구,갈현로19길
은평구,갈현로19길
은평구,갈현로1길
은평구,갈현로1길
은평구,갈현로21길
은평구,갈현로21길
은평구,갈현로23길
은평구,갈현로23길
은평구,갈현로25길
은평구,갈현로25길
은평구,갈현로27길
은평구,갈현로27길
은평구,갈현로29길
은평구,갈현로29길
은평구,갈현로2가길
은평구,갈현로2가길
은평구,갈현로2길
은평구,갈현로2길
은평구,갈현로31길
은평구,갈현로31길
은평구,갈현로33가길
은평구,갈현로33가길
은평구,갈현로33길
은평구,갈현로33길
은평구,갈현로35길
은평구,갈현로35길
은평구,갈현로36길
은평구,갈현로36길
은평구,갈현로37가길
은평구,갈현로37가길
은평구,갈현로37길
은평구,갈현로37길
은평구,갈현로39가길
은평구,갈현로39가길
은평구,갈현로39길
은평구,갈현로39길
은평구,갈현로3가길
은평구,갈현로3가길
은평구,갈현로3가길
은평구,갈현로3길
은평구,갈현로3길
은평구,갈현로3나길
은평구,갈현로3나길
은평구,갈현로3나길
은평구,갈현로3다길
은평구,갈현로3다길
은평구,갈현로41가길
은평구,갈현로41가길
은평구,갈현로41길
은평구,갈현로41길
은평구,갈현로41나길
은평구,갈현로41나길
은평구,갈현로41다길
은평구,갈현로41다길
은평구,갈현로43길
은평구,갈현로43길
은평구,갈현로45가길
은평구,갈현로45가길
은평구,갈현로45길
은평구,갈현로45길
은평구,갈현로45나길
은평구,갈현로45나길
은평구,갈현로47가길
은평구,갈현로47가길
은평구,갈현로47길
은평구,갈현로47길
은평구,갈현로47길
은평구,갈현로4길
은평구,갈현로4길
은평구,갈현로4길
은평구,갈현로5길
은평구,갈현로5길
은평구,갈현로5길
은평구,갈현로7가길
은평구,갈현로7가길
은평구,갈현로7길
은평구,갈현로7길
은평구,갈현로7길
은평구,갈현로9길
은평구,갈현로9길
은평구,녹번로1길
은평구,녹번로1길
은평구,녹번로3가길
은평구,녹번로3가길
은평구,녹번로3길
은평구,녹번로3길
은평구,녹번로4길
은평구,녹번로4길
은평구,녹번로6가길
은평구,녹번로6가길
은평구,녹번로6길
은평구,녹번로6길
은평구,녹번로7길
은평구,녹번로7길
은평구,녹번로9길
은평구,녹번로9길
은평구,백련산로14길
은평구,백련산로14길
은평구,백련산로4길
은평구,백련산로4길
은평구,백련산로6길
은평구,백련산로6길
은평구,백련산로8길
은평구,백련산로8길
은평구,불광로10길
은평구,불광로10길
은평구,불광로11길
은평구,불광로11길
은평구,불광로13가길
은평구,불광로13가길
은평구,불광로13길
은평구,불광로13길
은평구,불광로14길
은평구,불광로14길
은평구,불광로16길
은평구,불광로16길
은평구,불광로18가길
은평구,불광로18가길
은평구,불광로18길
은평구,불광로18길
은평구,불광로1길
은평구,불광로1길
은평구,불광로20길
은평구,불광로20길
은평구,불광로22길
은평구,불광로22길
은평구,불광로2길
은평구,불광로2길
은평구,불광로3길
은평구,불광로3길
은평구,불광로5가길
은평구,불광로5가길
은평구,불광로5길
은평구,불광로5길
은평구,불광로6길
은평구,불광로6길
은평구,불광로8길
은평구,불광로8길
은평구,불광로9가길
은평구,불광로9가길
은평구,불광로9길
은평구,불광로9길
은평구,불광천길
은평구,불광천길
은평구,서오릉로10길
은평구,서오릉로10길
은평구,서오릉로11길
은평구,서오릉로11길
은평구,서오릉로13길
은평구,서오릉로13길
은평구,서오릉로15길
은평구,서오릉로15길
은평구,서오릉로17길
은평구,서오릉로17길
은평구,서오릉로18길
은평구,서오릉로18길
은평구,서오릉로20길
은평구,서오릉로20길
은평구,서오릉로21가길
은평구,서오릉로21가길
은평구,서오릉로21길
은평구,서오릉로21길
은평구,서오릉로22길
은평구,서오릉로22길
은평구,서오릉로23길
은평구,서오릉로23길
은평구,서오릉로24길
은평구,서오릉로24길
은평구,서오릉로25가길
은평구,서오릉로25가길
은평구,서오릉로25길
은평구,서오릉로25길
은평구,서오릉로27길
은평구,서오릉로27길
은평구,서오릉로2길
은평구,서오릉로2길
은평구,서오릉로4길
은평구,서오릉로4길
은평구,서오릉로6가길
은평구,서오릉로6가길
은평구,서오릉로6길
은평구,서오릉로6길
은평구,서오릉로7길
은평구,서오릉로7길
은평구,서오릉로8길
은평구,서오릉로8길
은평구,서오릉로9길
은평구,서오릉로9길
은평구,수색로12가길
은평구,수색로12가길
은평구,수색로12길
은평구,수색로12길
은평구,수색로14길
은평구,수색로14길
은평구,수색로16길
은평구,수색로16길
은평구,수색로18가길
은평구,수색로18가길
은평구,수색로18길
은평구,수색로18길
은평구,수색로18나길
은평구,수색로18나길
은평구,수색로20가길
은평구,수색로20가길
은평구,수색로20길
은평구,수색로20길
은평구,수색로22가길
은평구,수색로22가길
은평구,수색로22길
은평구,수색로22길
은평구,수색로22나길
은평구,수색로22나길
은평구,수색로24길
은평구,수색로24길
은평구,역말로10가길
은평구,역말로10가길
은평구,역말로10길
은평구,역말로10길
은평구,역말로2길
은평구,역말로2길
은평구,역말로4길
은평구,역말로4길
은평구,역말로6길
은평구,역말로6길
은평구,역말로7길
은평구,역말로7길
은평구,역말로8길
은평구,역말로8길
은평구,역말로9가길
은평구,역말로9가길
은평구,역말로9길
은평구,역말로9길
은평구,연서로10길
은평구,연서로10길
은평구,연서로11길
은평구,연서로11길
은평구,연서로13길
은평구,연서로13길
은평구,연서로14길
은평구,연서로14길
은평구,연서로15길
은평구,연서로15길
은평구,연서로16길
은평구,연서로16길
은평구,연서로17길
은평구,연서로17길
은평구,연서로18가길
은평구,연서로18가길
은평구,연서로18길
은평구,연서로18길
은평구,연서로19길
은평구,연서로19길
은평구,연서로20길
은평구,연서로20길
은평구,연서로21길
은평구,연서로21길
은평구,연서로22길
은평구,연서로22길
은평구,연서로23길
은평구,연서로23길
은평구,연서로24길
은평구,연서로24길
은평구,연서로25길
은평구,연서로25길
은평구,연서로26길
은평구,연서로26길
은평구,연서로27길
은평구,연서로27길
은평구,연서로28길
은평구,연서로28길
은평구,연서로29길
은평구,연서로29길
은평구,연서로2길
은평구,연서로2길
은평구,연서로31길
은평구,연서로31길
은평구,연서로32길
은평구,연서로32길
은평구,연서로33길
은평구,연서로33길
은평구,연서로34가길
은평구,연서로34가길
은평구,연서로34길
은평구,연서로34길
은평구,연서로35길
은평구,연서로35길
은평구,연서로37가길
은평구,연서로37가길
은평구,연서로37길
은평구,연서로37길
은평구,연서로38길
은평구,연서로38길
은평구,연서로3가길
은평구,연서로3가길
은평구,연서로3길
은평구,연서로3길
은평구,연서로3나길
은평구,연서로3나길
은평구,연서로40길
은평구,연서로40길
은평구,연서로41가길
은평구,연서로41가길
은평구,연서로41길
은평구,연서로41길
은평구,연서로43가길
은평구,연서로43가길
은평구,연서로43가길
은평구,연서로43길
은평구,연서로43길
은평구,연서로44길
은평구,연서로44길
은평구,연서로46길
은평구,연서로46길
은평구,연서로48길
은평구,연서로48길
은평구,연서로4길
은평구,연서로4길
은평구,연서로54길
은평구,연서로54길
은평구,연서로5길
은평구,연서로5길
은평구,연서로6길
은평구,연서로6길
은평구,연서로8길
은평구,연서로8길
은평구,연서로9길
은평구,연서로9길
은평구,연서로9길
은평구,은평로10길
은평구,은평로10길
은평구,은평로11길
은평구,은평로11길
은평구,은평로11길
은평구,은평로12길
은평구,은평로12길
은평구,은평로13길
은평구,은평로13길
은평구,은평로13길
은평구,은평로14길
은평구,은평로14길
은평구,은평로16길
은평구,은평로16길
은평구,은평로16나길
은평구,은평로16나길
은평구,은평로18길
은평구,은평로18길
은평구,은평로1길
은평구,은평로1길
은평구,은평로20길
은평구,은평로20길
은평구,은평로20나길
은평구,은평로20나길
은평구,은평로21가길
은평구,은평로21가길
은평구,은평로21길
은평구,은평로21길
은평구,은평로22길
은평구,은평로22길
은평구,은평로2길
은평구,은평로2길
은평구,은평로3가길
은평구,은평로3가길
은평구,은평로3길
은평구,은평로3길
은평구,은평로3길
은평구,은평로4길
은평구,은평로4길
은평구,은평로6길
은평구,은평로6길
은평구,은평로8길
은평구,은평로8길
은평구,은평로9길
은평구,은평로9길
은평구,은평로9길
은평구,은평터널로11길
은평구,은평터널로11길
은평구,은평터널로13길
은평구,은평터널로13길
은평구,은평터널로1길
은평구,은평터널로1길
은평구,은평터널로2길
은평구,은평터널로2길
은평구,은평터널로3길
은평구,은평터널로3길
은평구,은평터널로5길
은평구,은평터널로5길
은평구,은평터널로7가길
은평구,은평터널로7가길
은평구,은평터널로7길
은평구,은평터널로7길
은평구,은평터널로9가길
은평구,은평터널로9가길
은평구,은평터널로9길
은평구,은평터널로9길
은평구,응암로11길
은평구,응암로11길
은평구,응암로12길
은평구,응암로12길
은평구,응암로13길
은평구,응암로13길
은평구,응암로14길
은평구,응암로14길
은평구,응암로16가길
은평구,응암로16가길
은평구,응암로16길
은평구,응암로16길
은평구,응암로18길
은평구,응암로18길
은평구,응암로20길
은평구,응암로20길
은평구,응암로21가길
은평구,응암로21가길
은평구,응암로21길
은평구,응암로21길
은평구,응암로22길
은평구,응암로22길
은평구,응암로24길
은평구,응암로24길
은평구,응암로25길
은평구,응암로25길
은평구,응암로26길
은평구,응암로26길
은평구,응암로28길
은평구,응암로28길
은평구,응암로29길
은평구,응암로29길
은평구,응암로30길
은평구,응암로30길
은평구,응암로32길
은평구,응암로32길
은평구,응암로34가길
은평구,응암로34가길
은평구,응암로34길
은평구,응암로34길
은평구,응암로34나길
은평구,응암로34나길
은평구,응암로4길
은평구,응암로4길
은평구,응암로5길
은평구,응암로5길
은평구,응암로7길
은평구,응암로7길
은평구,응암로9길
은평구,응암로9길
은평구,의상봉길
은평구,의상봉길
은평구,증산로11길
은평구,증산로11길
은평구,증산로13가길
은평구,증산로13가길
은평구,증산로13길
은평구,증산로13길
은평구,증산로15가길
은평구,증산로15가길
은평구,증산로15길
은평구,증산로15길
은평구,증산로15길
은평구,증산로15나길
은평구,증산로15나길
은평구,증산로17가길
은평구,증산로17가길
은평구,증산로17길
은평구,증산로17길
은평구,증산로19길
은평구,증산로19길
은평구,증산로1길
은평구,증산로1길
은평구,증산로1길
은평구,증산로21가길
은평구,증산로21가길
은평구,증산로21길
은평구,증산로21길
은평구,증산로23길
은평구,증산로23길
은평구,증산로3길
은평구,증산로3길
은평구,증산로5길
은평구,증산로5길
은평구,증산로7길
은평구,증산로7길
은평구,증산로9길
은평구,증산로9길
은평구,증산서길
은평구,증산서길
은평구,증산서길
은평구,진관길
은평구,진관길
은평구,진흥로11길
은평구,진흥로11길
은평구,진흥로12가길
은평구,진흥로12가길
은평구,진흥로12길
은평구,진흥로12길
은평구,진흥로12나길
은평구,진흥로12나길
은평구,진흥로13가길
은평구,진흥로13가길
은평구,진흥로13길
은평구,진흥로13길
은평구,진흥로15길
은평구,진흥로15길
은평구,진흥로16길
은평구,진흥로16길
은평구,진흥로18길
은평구,진흥로18길
은평구,진흥로19길
은평구,진흥로19길
은평구,진흥로1가길
은평구,진흥로1가길
은평구,진흥로1길
은평구,진흥로1길
은평구,진흥로1나길
은평구,진흥로1나길
은평구,진흥로1다길
은평구,진흥로1다길
은평구,진흥로1라길
은평구,진흥로1라길
은평구,진흥로3길
은평구,진흥로3길
은평구,진흥로5길
은평구,진흥로5길
은평구,진흥로7가길
은평구,진흥로7가길
은평구,진흥로7길
은평구,진흥로7길
은평구,진흥로7나길
은평구,진흥로7나길
은평구,진흥로9길
은평구,진흥로9길
은평구,통일로53길
은평구,통일로53길
은평구,통일로57길
은평구,통일로57길
은평구,통일로59길
은평구,통일로59길
은평구,통일로61길
은평구,통일로61길
은평구,통일로62길
은평구,통일로62길
은평구,통일로63길
은평구,통일로63길
은평구,통일로65길
은평구,통일로65길
은평구,통일로66길
은평구,통일로66길
은평구,통일로67길
은평구,통일로67길
은평구,통일로68가길
은평구,통일로68가길
은평구,통일로68길
은평구,통일로68길
은평구,통일로69길
은평구,통일로69길
은평구,통일로71가길
은평구,통일로71가길
은평구,통일로71길
은평구,통일로71길
은평구,통일로72길
은평구,통일로72길
은평구,통일로73길
은평구,통일로73길
은평구,통일로75길
은평구,통일로75길
은평구,통일로77길
은평구,통일로77길
은평구,통일로78가길
은평구,통일로78가길
은평구,통일로78길
은평구,통일로78길
은평구,통일로80가길
은평구,통일로80가길
은평구,통일로80길
은평구,통일로80길
은평구,통일로82가길
은평구,통일로82가길
은평구,통일로82길
은평구,통일로82길
은평구,통일로82나길
은평구,통일로82나길
은평구,통일로83길
은평구,통일로83길
은평구,통일로85길
은평구,통일로85길
은평구,통일로87길
은평구,통일로87길
은평구,통일로88가길
은평구,통일로88가길
은평구,통일로88길
은평구,통일로88길
은평구,통일로89길
은평구,통일로89길
은평구,통일로90길
은평구,통일로90길
은평구,통일로92가길
은평구,통일로92가길
은평구,통일로92길
은평구,통일로92길
은평구,통일로92나길
은평구,통일로92나길
은평구,통일로92다길
은평구,통일로92다길
은평구,통일로94길
은평구,통일로94길
은평구,백련산로2길
은평구,백련산로2길
은평구,연서로50길
은평구,연서로50길
은평구,불광천동자전거길
은평구,불광천서자전거길