﻿강남구,용인서울고속도로
강남구,남부순환로
강남구,남부순환로
강남구,남부순환로
강남구,남부순환로
강남구,남부순환로
강남구,양재대로
강남구,양재대로
강남구,양재대로
강남구,강남대로
강남구,강남대로
강남구,강남대로
강남구,강남대로
강남구,강남대로
강남구,강남대로
강남구,올림픽대로
강남구,올림픽대로
강남구,도산대로
강남구,도산대로
강남구,도산대로
강남구,도산대로
강남구,영동대로
강남구,영동대로
강남구,영동대로
강남구,영동대로
강남구,영동대로
강남구,영동대로
강남구,헌릉로
강남구,헌릉로
강남구,헌릉로
강남구,언주로
강남구,언주로
강남구,언주로
강남구,언주로
강남구,언주로
강남구,언주로
강남구,논현로
강남구,논현로
강남구,논현로
강남구,논현로
강남구,논현로
강남구,논현로
강남구,양재천로
강남구,양재천로
강남구,양재천로
강남구,개포로
강남구,개포로
강남구,개포로
강남구,광평로
강남구,광평로
강남구,광평로
강남구,밤고개로
강남구,밤고개로
강남구,밤고개로
강남구,밤고개로
강남구,밤고개로
강남구,봉은사로
강남구,봉은사로
강남구,봉은사로
강남구,봉은사로
강남구,삼성로
강남구,삼성로
강남구,삼성로
강남구,삼성로
강남구,삼성로
강남구,선릉로
강남구,선릉로
강남구,선릉로
강남구,선릉로
강남구,선릉로
강남구,선릉로
강남구,선릉로
강남구,선릉로
강남구,선릉로
강남구,압구정로
강남구,압구정로
강남구,압구정로
강남구,압구정로
강남구,역삼로
강남구,역삼로
강남구,역삼로
강남구,일원로
강남구,일원로
강남구,테헤란로
강남구,테헤란로
강남구,테헤란로
강남구,테헤란로
강남구,학동로
강남구,학동로
강남구,학동로
강남구,학동로
강남구,도곡로
강남구,도곡로
강남구,도곡로
강남구,도곡로
강남구,자곡로
강남구,자곡로
강남구,자곡로
강남구,자곡로
강남구,분당내곡로
강남구,분당수서로
강남구,강남대로100길
강남구,강남대로100길
강남구,강남대로102길
강남구,강남대로102길
강남구,강남대로106길
강남구,강남대로106길
강남구,강남대로110길
강남구,강남대로110길
강남구,강남대로112길
강남구,강남대로112길
강남구,강남대로114길
강남구,강남대로114길
강남구,강남대로116길
강남구,강남대로116길
강남구,강남대로118길
강남구,강남대로118길
강남구,강남대로120길
강남구,강남대로120길
강남구,강남대로122길
강남구,강남대로122길
강남구,강남대로124길
강남구,강남대로124길
강남구,강남대로126길
강남구,강남대로126길
강남구,강남대로128길
강남구,강남대로128길
강남구,강남대로132길
강남구,강남대로132길
강남구,강남대로136길
강남구,강남대로136길
강남구,강남대로140길
강남구,강남대로140길
강남구,강남대로146길
강남구,강남대로146길
강남구,강남대로150길
강남구,강남대로150길
강남구,강남대로152길
강남구,강남대로152길
강남구,강남대로154길
강남구,강남대로154길
강남구,강남대로156길
강남구,강남대로156길
강남구,강남대로158길
강남구,강남대로158길
강남구,강남대로160길
강남구,강남대로160길
강남구,강남대로162길
강남구,강남대로162길
강남구,강남대로42길
강남구,강남대로42길
강남구,강남대로44길
강남구,강남대로44길
강남구,강남대로48길
강남구,강남대로48길
강남구,강남대로54길
강남구,강남대로54길
강남구,강남대로58길
강남구,강남대로58길
강남구,강남대로62길
강남구,강남대로62길
강남구,강남대로66길
강남구,강남대로66길
강남구,강남대로78길
강남구,강남대로78길
강남구,강남대로84길
강남구,강남대로84길
강남구,강남대로92길
강남구,강남대로92길
강남구,강남대로94길
강남구,강남대로94길
강남구,강남대로96길
강남구,강남대로96길
강남구,강남대로98길
강남구,강남대로98길
강남구,개포로109길
강남구,개포로109길
강남구,개포로110길
강남구,개포로110길
강남구,개포로116길
강남구,개포로116길
강남구,개포로118길
강남구,개포로118길
강남구,개포로120길
강남구,개포로120길
강남구,개포로124길
강남구,개포로124길
강남구,개포로128길
강남구,개포로128길
강남구,개포로130길
강남구,개포로130길
강남구,개포로136길
강남구,개포로136길
강남구,개포로138길
강남구,개포로138길
강남구,개포로140길
강남구,개포로140길
강남구,개포로15길
강남구,개포로15길
강남구,개포로17길
강남구,개포로17길
강남구,개포로20길
강남구,개포로20길
강남구,개포로21길
강남구,개포로21길
강남구,개포로22길
강남구,개포로22길
강남구,개포로24길
강남구,개포로24길
강남구,개포로25길
강남구,개포로25길
강남구,개포로26길
강남구,개포로26길
강남구,개포로28길
강남구,개포로28길
강남구,개포로30길
강남구,개포로30길
강남구,개포로31길
강남구,개포로31길
강남구,개포로32길
강남구,개포로32길
강남구,개포로34길
강남구,개포로34길
강남구,개포로35길
강남구,개포로35길
강남구,개포로36길
강남구,개포로36길
강남구,개포로38길
강남구,개포로38길
강남구,개포로82길
강남구,개포로82길
강남구,개포로88길
강남구,개포로88길
강남구,광평로10길
강남구,광평로10길
강남구,광평로19길
강남구,광평로19길
강남구,광평로19길
강남구,광평로1길
강남구,광평로1길
강남구,광평로20길
강남구,광평로20길
강남구,광평로20길
강남구,광평로31길
강남구,광평로31길
강남구,광평로34길
강남구,광평로34길
강남구,광평로39길
강남구,광평로39길
강남구,광평로3길
강남구,광평로3길
강남구,광평로42길
강남구,광평로42길
강남구,광평로46길
강남구,광평로46길
강남구,광평로47길
강남구,광평로47길
강남구,광평로51길
강남구,광평로51길
강남구,광평로56길
강남구,광평로56길
강남구,광평로59길
강남구,광평로59길
강남구,광평로5길
강남구,광평로5길
강남구,광평로60길
강남구,광평로60길
강남구,광평로7길
강남구,광평로7길
강남구,광평로9길
강남구,광평로9길
강남구,남부순환로351길
강남구,남부순환로351길
강남구,남부순환로355길
강남구,남부순환로355길
강남구,남부순환로359길
강남구,남부순환로359길
강남구,남부순환로361길
강남구,남부순환로361길
강남구,남부순환로363길
강남구,남부순환로363길
강남구,남부순환로365길
강남구,남부순환로365길
강남구,남부순환로370길
강남구,남부순환로370길
강남구,남부순환로373길
강남구,남부순환로373길
강남구,남부순환로375길
강남구,남부순환로375길
강남구,남부순환로377길
강남구,남부순환로377길
강남구,남부순환로378길
강남구,남부순환로378길
강남구,남부순환로379길
강남구,남부순환로379길
강남구,남부순환로381길
강남구,남부순환로381길
강남구,남부순환로391길
강남구,남부순환로391길
강남구,남부순환로395길
강남구,남부순환로395길
강남구,남부순환로397길
강남구,남부순환로397길
강남구,논현로101길
강남구,논현로101길
강남구,논현로102길
강남구,논현로102길
강남구,논현로104길
강남구,논현로104길
강남구,논현로105길
강남구,논현로105길
강남구,논현로106길
강남구,논현로106길
강남구,논현로10길
강남구,논현로10길
강남구,논현로111길
강남구,논현로111길
강남구,논현로113길
강남구,논현로113길
강남구,논현로114길
강남구,논현로114길
강남구,논현로115길
강남구,논현로115길
강남구,논현로116길
강남구,논현로116길
강남구,논현로117길
강남구,논현로117길
강남구,논현로118길
강남구,논현로118길
강남구,논현로119길
강남구,논현로119길
강남구,논현로120길
강남구,논현로120길
강남구,논현로121길
강남구,논현로121길
강남구,논현로122길
강남구,논현로122길
강남구,논현로123길
강남구,논현로123길
강남구,논현로124길
강남구,논현로124길
강남구,논현로126길
강남구,논현로126길
강남구,논현로127길
강남구,논현로127길
강남구,논현로128길
강남구,논현로128길
강남구,논현로12길
강남구,논현로12길
강남구,논현로131길
강남구,논현로131길
강남구,논현로132길
강남구,논현로132길
강남구,논현로133길
강남구,논현로133길
강남구,논현로134길
강남구,논현로134길
강남구,논현로135길
강남구,논현로135길
강남구,논현로136길
강남구,논현로136길
강남구,논현로138길
강남구,논현로138길
강남구,논현로139길
강남구,논현로139길
강남구,논현로140길
강남구,논현로140길
강남구,논현로142길
강남구,논현로142길
강남구,논현로145길
강남구,논현로145길
강남구,논현로146길
강남구,논현로146길
강남구,논현로149길
강남구,논현로149길
강남구,논현로14길
강남구,논현로14길
강남구,논현로150길
강남구,논현로150길
강남구,논현로151길
강남구,논현로151길
강남구,논현로152길
강남구,논현로152길
강남구,논현로153길
강남구,논현로153길
강남구,논현로154길
강남구,논현로154길
강남구,논현로155길
강남구,논현로155길
강남구,논현로157길
강남구,논현로157길
강남구,논현로158길
강남구,논현로158길
강남구,논현로159길
강남구,논현로159길
강남구,논현로160길
강남구,논현로160길
강남구,논현로161길
강남구,논현로161길
강남구,논현로163길
강남구,논현로163길
강남구,논현로164길
강남구,논현로164길
강남구,논현로167길
강남구,논현로167길
강남구,논현로168길
강남구,논현로168길
강남구,논현로16길
강남구,논현로16길
강남구,논현로171길
강남구,논현로171길
강남구,논현로172길
강남구,논현로172길
강남구,논현로175길
강남구,논현로175길
강남구,논현로176길
강남구,논현로176길
강남구,논현로18길
강남구,논현로18길
강남구,논현로20길
강남구,논현로20길
강남구,논현로24길
강남구,논현로24길
강남구,논현로26길
강남구,논현로26길
강남구,논현로28길
강남구,논현로28길
강남구,논현로2길
강남구,논현로2길
강남구,논현로30길
강남구,논현로30길
강남구,논현로32길
강남구,논현로32길
강남구,논현로34길
강남구,논현로34길
강남구,논현로36길
강남구,논현로36길
강남구,논현로38길
강남구,논현로38길
강남구,논현로47길
강남구,논현로47길
강남구,논현로4길
강남구,논현로4길
강남구,논현로51길
강남구,논현로51길
강남구,논현로57길
강남구,논현로57길
강남구,논현로58길
강남구,논현로58길
강남구,논현로61길
강남구,논현로61길
강남구,논현로63길
강남구,논현로63길
강남구,논현로64길
강남구,논현로64길
강남구,논현로65길
강남구,논현로65길
강남구,논현로66길
강남구,논현로66길
강남구,논현로67길
강남구,논현로67길
강남구,논현로68길
강남구,논현로68길
강남구,논현로6길
강남구,논현로6길
강남구,논현로70길
강남구,논현로70길
강남구,논현로71길
강남구,논현로71길
강남구,논현로72길
강남구,논현로72길
강남구,논현로74길
강남구,논현로74길
강남구,논현로75길
강남구,논현로75길
강남구,논현로76길
강남구,논현로76길
강남구,논현로77길
강남구,논현로77길
강남구,논현로79길
강남구,논현로79길
강남구,논현로80길
강남구,논현로80길
강남구,논현로81길
강남구,논현로81길
강남구,논현로85길
강남구,논현로85길
강남구,논현로86길
강남구,논현로86길
강남구,논현로87길
강남구,논현로87길
강남구,논현로8길
강남구,논현로8길
강남구,논현로93길
강남구,논현로93길
강남구,논현로94길
강남구,논현로94길
강남구,논현로95길
강남구,논현로95길
강남구,논현로97길
강남구,논현로97길
강남구,논현로98길
강남구,논현로98길
강남구,논현로99길
강남구,논현로99길
강남구,도곡로11길
강남구,도곡로11길
강남구,도곡로13길
강남구,도곡로13길
강남구,도곡로14길
강남구,도곡로14길
강남구,도곡로17길
강남구,도곡로17길
강남구,도곡로18길
강남구,도곡로18길
강남구,도곡로19길
강남구,도곡로19길
강남구,도곡로1길
강남구,도곡로1길
강남구,도곡로21길
강남구,도곡로21길
강남구,도곡로22길
강남구,도곡로22길
강남구,도곡로23길
강남구,도곡로23길
강남구,도곡로25길
강남구,도곡로25길
강남구,도곡로27길
강남구,도곡로27길
강남구,도곡로2길
강남구,도곡로2길
강남구,도곡로33길
강남구,도곡로33길
강남구,도곡로37길
강남구,도곡로37길
강남구,도곡로39길
강남구,도곡로39길
강남구,도곡로3길
강남구,도곡로3길
강남구,도곡로43길
강남구,도곡로43길
강남구,도곡로4길
강남구,도곡로4길
강남구,도곡로51길
강남구,도곡로51길
강남구,도곡로57길
강남구,도곡로57길
강남구,도곡로5길
강남구,도곡로5길
강남구,도곡로63길
강남구,도곡로63길
강남구,도곡로64길
강남구,도곡로64길
강남구,도곡로69길
강남구,도곡로69길
강남구,도곡로6길
강남구,도곡로6길
강남구,도곡로70길
강남구,도곡로70길
강남구,도곡로73길
강남구,도곡로73길
강남구,도곡로77길
강남구,도곡로77길
강남구,도곡로78길
강남구,도곡로78길
강남구,도곡로7길
강남구,도곡로7길
강남구,도곡로83길
강남구,도곡로83길
강남구,도곡로84길
강남구,도곡로84길
강남구,도곡로87길
강남구,도곡로87길
강남구,도곡로8길
강남구,도곡로8길
강남구,도곡로93길
강남구,도곡로93길
강남구,도곡로99길
강남구,도곡로99길
강남구,도산대로100길
강남구,도산대로100길
강남구,도산대로101길
강남구,도산대로101길
강남구,도산대로102길
강남구,도산대로102길
강남구,도산대로11길
강남구,도산대로11길
강남구,도산대로12길
강남구,도산대로12길
강남구,도산대로15길
강남구,도산대로15길
강남구,도산대로16길
강남구,도산대로16길
강남구,도산대로17길
강남구,도산대로17길
강남구,도산대로19길
강남구,도산대로19길
강남구,도산대로1길
강남구,도산대로1길
강남구,도산대로23길
강남구,도산대로23길
강남구,도산대로24길
강남구,도산대로24길
강남구,도산대로25길
강남구,도산대로25길
강남구,도산대로26길
강남구,도산대로26길
강남구,도산대로27길
강남구,도산대로27길
강남구,도산대로28길
강남구,도산대로28길
강남구,도산대로30길
강남구,도산대로30길
강남구,도산대로33길
강남구,도산대로33길
강남구,도산대로34길
강남구,도산대로34길
강남구,도산대로35길
강남구,도산대로35길
강남구,도산대로37길
강남구,도산대로37길
강남구,도산대로38길
강남구,도산대로38길
강남구,도산대로45길
강남구,도산대로45길
강남구,도산대로46길
강남구,도산대로46길
강남구,도산대로49길
강남구,도산대로49길
강남구,도산대로4길
강남구,도산대로4길
강남구,도산대로50길
강남구,도산대로50길
강남구,도산대로51길
강남구,도산대로51길
강남구,도산대로53길
강남구,도산대로53길
강남구,도산대로54길
강남구,도산대로54길
강남구,도산대로55길
강남구,도산대로55길
강남구,도산대로56길
강남구,도산대로56길
강남구,도산대로57길
강남구,도산대로57길
강남구,도산대로58길
강남구,도산대로58길
강남구,도산대로59길
강남구,도산대로59길
강남구,도산대로61길
강남구,도산대로61길
강남구,도산대로62길
강남구,도산대로62길
강남구,도산대로63길
강남구,도산대로63길
강남구,도산대로66길
강남구,도산대로66길
강남구,도산대로67길
강남구,도산대로67길
강남구,도산대로68길
강남구,도산대로68길
강남구,도산대로6길
강남구,도산대로6길
강남구,도산대로70길
강남구,도산대로70길
강남구,도산대로72길
강남구,도산대로72길
강남구,도산대로75길
강남구,도산대로75길
강남구,도산대로78길
강남구,도산대로78길
강남구,도산대로81길
강남구,도산대로81길
강남구,도산대로83길
강남구,도산대로83길
강남구,도산대로85길
강남구,도산대로85길
강남구,도산대로87길
강남구,도산대로87길
강남구,도산대로89길
강남구,도산대로89길
강남구,도산대로8길
강남구,도산대로8길
강남구,도산대로90길
강남구,도산대로90길
강남구,도산대로92길
강남구,도산대로92길
강남구,도산대로94길
강남구,도산대로94길
강남구,도산대로96길
강남구,도산대로96길
강남구,도산대로98길
강남구,도산대로98길
강남구,도산대로99길
강남구,도산대로99길
강남구,밤고개로12길
강남구,밤고개로12길
강남구,밤고개로14길
강남구,밤고개로14길
강남구,밤고개로1길
강남구,밤고개로1길
강남구,밤고개로23길
강남구,밤고개로23길
강남구,밤고개로23길
강남구,밤고개로24길
강남구,밤고개로24길
강남구,밤고개로29길
강남구,밤고개로29길
강남구,밤고개로31길
강남구,밤고개로31길
강남구,밤고개로34길
강남구,밤고개로34길
강남구,밤고개로36길
강남구,밤고개로36길
강남구,밤고개로5길
강남구,밤고개로5길
강남구,밤고개로5길
강남구,봉은사로103길
강남구,봉은사로103길
강남구,봉은사로104길
강남구,봉은사로104길
강남구,봉은사로105길
강남구,봉은사로105길
강남구,봉은사로108길
강남구,봉은사로108길
강남구,봉은사로109길
강남구,봉은사로109길
강남구,봉은사로111길
강남구,봉은사로111길
강남구,봉은사로112길
강남구,봉은사로112길
강남구,봉은사로113길
강남구,봉은사로113길
강남구,봉은사로114길
강남구,봉은사로114길
강남구,봉은사로11길
강남구,봉은사로11길
강남구,봉은사로13길
강남구,봉은사로13길
강남구,봉은사로16길
강남구,봉은사로16길
강남구,봉은사로18길
강남구,봉은사로18길
강남구,봉은사로1길
강남구,봉은사로1길
강남구,봉은사로20길
강남구,봉은사로20길
강남구,봉은사로21길
강남구,봉은사로21길
강남구,봉은사로22길
강남구,봉은사로22길
강남구,봉은사로24길
강남구,봉은사로24길
강남구,봉은사로25길
강남구,봉은사로25길
강남구,봉은사로26길
강남구,봉은사로26길
강남구,봉은사로29길
강남구,봉은사로29길
강남구,봉은사로2길
강남구,봉은사로2길
강남구,봉은사로30길
강남구,봉은사로30길
강남구,봉은사로33길
강남구,봉은사로33길
강남구,봉은사로34길
강남구,봉은사로34길
강남구,봉은사로37길
강남구,봉은사로37길
강남구,봉은사로38길
강남구,봉은사로38길
강남구,봉은사로43길
강남구,봉은사로43길
강남구,봉은사로44길
강남구,봉은사로44길
강남구,봉은사로47길
강남구,봉은사로47길
강남구,봉은사로48길
강남구,봉은사로48길
강남구,봉은사로49길
강남구,봉은사로49길
강남구,봉은사로4길
강남구,봉은사로4길
강남구,봉은사로50길
강남구,봉은사로50길
강남구,봉은사로51길
강남구,봉은사로51길
강남구,봉은사로52길
강남구,봉은사로52길
강남구,봉은사로54길
강남구,봉은사로54길
강남구,봉은사로55길
강남구,봉은사로55길
강남구,봉은사로57길
강남구,봉은사로57길
강남구,봉은사로59길
강남구,봉은사로59길
강남구,봉은사로5길
강남구,봉은사로5길
강남구,봉은사로61길
강남구,봉은사로61길
강남구,봉은사로63길
강남구,봉은사로63길
강남구,봉은사로64길
강남구,봉은사로64길
강남구,봉은사로67길
강남구,봉은사로67길
강남구,봉은사로68길
강남구,봉은사로68길
강남구,봉은사로69길
강남구,봉은사로69길
강남구,봉은사로6길
강남구,봉은사로6길
강남구,봉은사로70길
강남구,봉은사로70길
강남구,봉은사로71길
강남구,봉은사로71길
강남구,봉은사로72길
강남구,봉은사로72길
강남구,봉은사로73길
강남구,봉은사로73길
강남구,봉은사로74길
강남구,봉은사로74길
강남구,봉은사로78길
강남구,봉은사로78길
강남구,봉은사로7길
강남구,봉은사로7길
강남구,봉은사로81길
강남구,봉은사로81길
강남구,봉은사로82길
강남구,봉은사로82길
강남구,봉은사로84길
강남구,봉은사로84길
강남구,봉은사로86길
강남구,봉은사로86길
강남구,봉은사로97길
강남구,봉은사로97길
강남구,봉은사로99길
강남구,봉은사로99길
강남구,삼성로100길
강남구,삼성로100길
강남구,삼성로103길
강남구,삼성로103길
강남구,삼성로104길
강남구,삼성로104길
강남구,삼성로107길
강남구,삼성로107길
강남구,삼성로108길
강남구,삼성로108길
강남구,삼성로111길
강남구,삼성로111길
강남구,삼성로112길
강남구,삼성로112길
강남구,삼성로115길
강남구,삼성로115길
강남구,삼성로116길
강남구,삼성로116길
강남구,삼성로118길
강남구,삼성로118길
강남구,삼성로119길
강남구,삼성로119길
강남구,삼성로120길
강남구,삼성로120길
강남구,삼성로126길
강남구,삼성로126길
강남구,삼성로133길
강남구,삼성로133길
강남구,삼성로134길
강남구,삼성로134길
강남구,삼성로135길
강남구,삼성로135길
강남구,삼성로140길
강남구,삼성로140길
강남구,삼성로141길
강남구,삼성로141길
강남구,삼성로144길
강남구,삼성로144길
강남구,삼성로145길
강남구,삼성로145길
강남구,삼성로146길
강남구,삼성로146길
강남구,삼성로147길
강남구,삼성로147길
강남구,삼성로148길
강남구,삼성로148길
강남구,삼성로149길
강남구,삼성로149길
강남구,삼성로4길
강남구,삼성로4길
강남구,삼성로51길
강남구,삼성로51길
강남구,삼성로57길
강남구,삼성로57길
강남구,삼성로58길
강남구,삼성로58길
강남구,삼성로61길
강남구,삼성로61길
강남구,삼성로62길
강남구,삼성로62길
강남구,삼성로63길
강남구,삼성로63길
강남구,삼성로64길
강남구,삼성로64길
강남구,삼성로67길
강남구,삼성로67길
강남구,삼성로68길
강남구,삼성로68길
강남구,삼성로69길
강남구,삼성로69길
강남구,삼성로70길
강남구,삼성로70길
강남구,삼성로71길
강남구,삼성로71길
강남구,삼성로72길
강남구,삼성로72길
강남구,삼성로75길
강남구,삼성로75길
강남구,삼성로76길
강남구,삼성로76길
강남구,삼성로81길
강남구,삼성로81길
강남구,삼성로82길
강남구,삼성로82길
강남구,삼성로84길
강남구,삼성로84길
강남구,삼성로85길
강남구,삼성로85길
강남구,삼성로86길
강남구,삼성로86길
강남구,삼성로91길
강남구,삼성로91길
강남구,삼성로92길
강남구,삼성로92길
강남구,삼성로95길
강남구,삼성로95길
강남구,삼성로96길
강남구,삼성로96길
강남구,삼성로99길
강남구,삼성로99길
강남구,선릉로100길
강남구,선릉로100길
강남구,선릉로103길
강남구,선릉로103길
강남구,선릉로105길
강남구,선릉로105길
강남구,선릉로107길
강남구,선릉로107길
강남구,선릉로108길
강남구,선릉로108길
강남구,선릉로10길
강남구,선릉로10길
강남구,선릉로111길
강남구,선릉로111길
강남구,선릉로112길
강남구,선릉로112길
강남구,선릉로115길
강남구,선릉로115길
강남구,선릉로116길
강남구,선릉로116길
강남구,선릉로118길
강남구,선릉로118길
강남구,선릉로119길
강남구,선릉로119길
강남구,선릉로120길
강남구,선릉로120길
강남구,선릉로121길
강남구,선릉로121길
강남구,선릉로122길
강남구,선릉로122길
강남구,선릉로125길
강남구,선릉로125길
강남구,선릉로126길
강남구,선릉로126길
강남구,선릉로127길
강남구,선릉로127길
강남구,선릉로129길
강남구,선릉로129길
강남구,선릉로12길
강남구,선릉로12길
강남구,선릉로130길
강남구,선릉로130길
강남구,선릉로131길
강남구,선릉로131길
강남구,선릉로132길
강남구,선릉로132길
강남구,선릉로133길
강남구,선릉로133길
강남구,선릉로134길
강남구,선릉로134길
강남구,선릉로135길
강남구,선릉로135길
강남구,선릉로137길
강남구,선릉로137길
강남구,선릉로138길
강남구,선릉로138길
강남구,선릉로141길
강남구,선릉로141길
강남구,선릉로145길
강남구,선릉로145길
강남구,선릉로146길
강남구,선릉로146길
강남구,선릉로148길
강남구,선릉로148길
강남구,선릉로14길
강남구,선릉로14길
강남구,선릉로152길
강남구,선릉로152길
강남구,선릉로153길
강남구,선릉로153길
강남구,선릉로155길
강남구,선릉로155길
강남구,선릉로157길
강남구,선릉로157길
강남구,선릉로158길
강남구,선릉로158길
강남구,선릉로160길
강남구,선릉로160길
강남구,선릉로161길
강남구,선릉로161길
강남구,선릉로162길
강남구,선릉로162길
강남구,선릉로16길
강남구,선릉로16길
강남구,선릉로18길
강남구,선릉로18길
강남구,선릉로190길
강남구,선릉로190길
강남구,선릉로4길
강남구,선릉로4길
강남구,선릉로62길
강남구,선릉로62길
강남구,선릉로63길
강남구,선릉로63길
강남구,선릉로64길
강남구,선릉로64길
강남구,선릉로66길
강남구,선릉로66길
강남구,선릉로68길
강남구,선릉로68길
강남구,선릉로69길
강남구,선릉로69길
강남구,선릉로6길
강남구,선릉로6길
강남구,선릉로72길
강남구,선릉로72길
강남구,선릉로76길
강남구,선릉로76길
강남구,선릉로82길
강남구,선릉로82길
강남구,선릉로85길
강남구,선릉로85길
강남구,선릉로86길
강남구,선릉로86길
강남구,선릉로87길
강남구,선릉로87길
강남구,선릉로89길
강남구,선릉로89길
강남구,선릉로8길
강남구,선릉로8길
강남구,선릉로90길
강남구,선릉로90길
강남구,선릉로91길
강남구,선릉로91길
강남구,선릉로92길
강남구,선릉로92길
강남구,선릉로93길
강남구,선릉로93길
강남구,선릉로94길
강남구,선릉로94길
강남구,선릉로96길
강남구,선릉로96길
강남구,선릉로99길
강남구,선릉로99길
강남구,압구정로10길
강남구,압구정로10길
강남구,압구정로11길
강남구,압구정로11길
강남구,압구정로14길
강남구,압구정로14길
강남구,압구정로18길
강남구,압구정로18길
강남구,압구정로20길
강남구,압구정로20길
강남구,압구정로22길
강남구,압구정로22길
강남구,압구정로28길
강남구,압구정로28길
강남구,압구정로29길
강남구,압구정로29길
강남구,압구정로2길
강남구,압구정로2길
강남구,압구정로30길
강남구,압구정로30길
강남구,압구정로32길
강남구,압구정로32길
강남구,압구정로33길
강남구,압구정로33길
강남구,압구정로34길
강남구,압구정로34길
강남구,압구정로36길
강남구,압구정로36길
강남구,압구정로38길
강남구,압구정로38길
강남구,압구정로39길
강남구,압구정로39길
강남구,압구정로42길
강남구,압구정로42길
강남구,압구정로46길
강남구,압구정로46길
강남구,압구정로48길
강남구,압구정로48길
강남구,압구정로4길
강남구,압구정로4길
강남구,압구정로50길
강남구,압구정로50길
강남구,압구정로54길
강남구,압구정로54길
강남구,압구정로56길
강남구,압구정로56길
강남구,압구정로60길
강남구,압구정로60길
강남구,압구정로61길
강남구,압구정로61길
강남구,압구정로61길
강남구,압구정로62길
강남구,압구정로62길
강남구,압구정로71길
강남구,압구정로71길
강남구,압구정로72길
강남구,압구정로72길
강남구,압구정로73길
강남구,압구정로73길
강남구,압구정로75길
강남구,압구정로75길
강남구,압구정로77길
강남구,압구정로77길
강남구,압구정로79길
강남구,압구정로79길
강남구,압구정로80길
강남구,압구정로80길
강남구,압구정로8길
강남구,압구정로8길
강남구,양재대로27길
강남구,양재대로27길
강남구,양재대로29길
강남구,양재대로29길
강남구,양재대로31길
강남구,양재대로31길
강남구,양재대로33길
강남구,양재대로33길
강남구,양재대로35길
강남구,양재대로35길
강남구,양재대로37길
강남구,양재대로37길
강남구,양재대로39길
강남구,양재대로39길
강남구,양재대로41길
강남구,양재대로41길
강남구,양재대로43길
강남구,양재대로43길
강남구,양재대로45길
강남구,양재대로45길
강남구,양재대로47길
강남구,양재대로47길
강남구,양재대로49길
강남구,양재대로49길
강남구,양재대로51길
강남구,양재대로51길
강남구,양재대로53길
강남구,양재대로53길
강남구,양재대로55길
강남구,양재대로55길
강남구,언주로100길
강남구,언주로100길
강남구,언주로103길
강남구,언주로103길
강남구,언주로104길
강남구,언주로104길
강남구,언주로106길
강남구,언주로106길
강남구,언주로107길
강남구,언주로107길
강남구,언주로108길
강남구,언주로108길
강남구,언주로113길
강남구,언주로113길
강남구,언주로114길
강남구,언주로114길
강남구,언주로115길
강남구,언주로115길
강남구,언주로116길
강남구,언주로116길
강남구,언주로121길
강남구,언주로121길
강남구,언주로122길
강남구,언주로122길
강남구,언주로124길
강남구,언주로124길
강남구,언주로125길
강남구,언주로125길
강남구,언주로126길
강남구,언주로126길
강남구,언주로129길
강남구,언주로129길
강남구,언주로130길
강남구,언주로130길
강남구,언주로133길
강남구,언주로133길
강남구,언주로134길
강남구,언주로134길
강남구,언주로135길
강남구,언주로135길
강남구,언주로136길
강남구,언주로136길
강남구,언주로138길
강남구,언주로138길
강남구,언주로140길
강남구,언주로140길
강남구,언주로141길
강남구,언주로141길
강남구,언주로146길
강남구,언주로146길
강남구,언주로147길
강남구,언주로147길
강남구,언주로148길
강남구,언주로148길
강남구,언주로149길
강남구,언주로149길
강남구,언주로150길
강남구,언주로150길
강남구,언주로151길
강남구,언주로151길
강남구,언주로152길
강남구,언주로152길
강남구,언주로153길
강남구,언주로153길
강남구,언주로154길
강남구,언주로154길
강남구,언주로157길
강남구,언주로157길
강남구,언주로159길
강남구,언주로159길
강남구,언주로164길
강남구,언주로164길
강남구,언주로165길
강남구,언주로165길
강남구,언주로167길
강남구,언주로167길
강남구,언주로168길
강남구,언주로168길
강남구,언주로170길
강남구,언주로170길
강남구,언주로171길
강남구,언주로171길
강남구,언주로172길
강남구,언주로172길
강남구,언주로173길
강남구,언주로173길
강남구,언주로174길
강남구,언주로174길
강남구,언주로29길
강남구,언주로29길
강남구,언주로30길
강남구,언주로30길
강남구,언주로57길
강남구,언주로57길
강남구,언주로63길
강남구,언주로63길
강남구,언주로65길
강남구,언주로65길
강남구,언주로67길
강남구,언주로67길
강남구,언주로69길
강남구,언주로69길
강남구,언주로6길
강남구,언주로6길
강남구,언주로70길
강남구,언주로70길
강남구,언주로71길
강남구,언주로71길
강남구,언주로75길
강남구,언주로75길
강남구,언주로79길
강남구,언주로79길
강남구,언주로7길
강남구,언주로7길
강남구,언주로81길
강남구,언주로81길
강남구,언주로85길
강남구,언주로85길
강남구,언주로86길
강남구,언주로86길
강남구,언주로87길
강남구,언주로87길
강남구,언주로89길
강남구,언주로89길
강남구,언주로90길
강남구,언주로90길
강남구,언주로93길
강남구,언주로93길
강남구,언주로94길
강남구,언주로94길
강남구,언주로97길
강남구,언주로97길
강남구,언주로98길
강남구,언주로98길
강남구,언주로99길
강남구,언주로99길
강남구,역삼로103길
강남구,역삼로103길
강남구,역삼로10길
강남구,역삼로10길
강남구,역삼로11길
강남구,역삼로11길
강남구,역삼로12길
강남구,역삼로12길
강남구,역삼로14길
강남구,역삼로14길
강남구,역삼로15길
강남구,역삼로15길
강남구,역삼로17길
강남구,역삼로17길
강남구,역삼로18길
강남구,역삼로18길
강남구,역삼로19길
강남구,역삼로19길
강남구,역삼로1길
강남구,역삼로1길
강남구,역삼로20길
강남구,역삼로20길
강남구,역삼로23길
강남구,역삼로23길
강남구,역삼로25길
강남구,역삼로25길
강남구,역삼로26길
강남구,역삼로26길
강남구,역삼로2길
강남구,역삼로2길
강남구,역삼로33길
강남구,역삼로33길
강남구,역삼로34길
강남구,역삼로34길
강남구,역삼로37길
강남구,역삼로37길
강남구,역삼로38길
강남구,역삼로38길
강남구,역삼로3길
강남구,역삼로3길
강남구,역삼로4길
강남구,역삼로4길
강남구,역삼로52길
강남구,역삼로52길
강남구,역삼로5길
강남구,역삼로5길
강남구,역삼로63길
강남구,역삼로63길
강남구,역삼로64길
강남구,역삼로64길
강남구,역삼로65길
강남구,역삼로65길
강남구,역삼로67길
강남구,역삼로67길
강남구,역삼로69길
강남구,역삼로69길
강남구,역삼로70길
강남구,역삼로70길
강남구,역삼로71길
강남구,역삼로71길
강남구,역삼로73길
강남구,역삼로73길
강남구,역삼로74길
강남구,역삼로74길
강남구,역삼로77길
강남구,역삼로77길
강남구,역삼로78길
강남구,역삼로78길
강남구,역삼로7길
강남구,역삼로7길
강남구,역삼로81길
강남구,역삼로81길
강남구,역삼로83길
강남구,역삼로83길
강남구,역삼로84길
강남구,역삼로84길
강남구,역삼로86길
강남구,역삼로86길
강남구,역삼로87길
강남구,역삼로87길
강남구,역삼로88길
강남구,역삼로88길
강남구,역삼로8길
강남구,역삼로8길
강남구,역삼로90길
강남구,역삼로90길
강남구,역삼로92길
강남구,역삼로92길
강남구,역삼로97길
강남구,역삼로97길
강남구,역삼로98길
강남구,역삼로98길
강남구,역삼로9길
강남구,역삼로9길
강남구,영동대로106길
강남구,영동대로106길
강남구,영동대로112길
강남구,영동대로112길
강남구,영동대로114길
강남구,영동대로114길
강남구,영동대로115길
강남구,영동대로115길
강남구,영동대로116길
강남구,영동대로116길
강남구,영동대로118길
강남구,영동대로118길
강남구,영동대로122길
강남구,영동대로122길
강남구,영동대로129길
강남구,영동대로129길
강남구,영동대로131길
강남구,영동대로131길
강남구,영동대로137길
강남구,영동대로137길
강남구,영동대로138길
강남구,영동대로138길
강남구,영동대로141길
강남구,영동대로141길
강남구,영동대로142길
강남구,영동대로142길
강남구,영동대로3길
강남구,영동대로3길
강남구,영동대로4길
강남구,영동대로4길
강남구,영동대로50길
강남구,영동대로50길
강남구,영동대로57길
강남구,영동대로57길
강남구,영동대로65길
강남구,영동대로65길
강남구,영동대로71길
강남구,영동대로71길
강남구,영동대로72길
강남구,영동대로72길
강남구,영동대로75길
강남구,영동대로75길
강남구,영동대로76길
강남구,영동대로76길
강남구,영동대로82길
강남구,영동대로82길
강남구,영동대로85길
강남구,영동대로85길
강남구,영동대로86길
강남구,영동대로86길
강남구,영동대로96길
강남구,영동대로96길
강남구,일원로14길
강남구,일원로14길
강남구,일원로3길
강남구,일원로3길
강남구,일원로5길
강남구,일원로5길
강남구,일원로8길
강남구,일원로8길
강남구,일원로9길
강남구,일원로9길
강남구,테헤란로103길
강남구,테헤란로103길
강남구,테헤란로104길
강남구,테헤란로104길
강남구,테헤란로107길
강남구,테헤란로107길
강남구,테헤란로108길
강남구,테헤란로108길
강남구,테헤란로10길
강남구,테헤란로10길
강남구,테헤란로113길
강남구,테헤란로113길
강남구,테헤란로114길
강남구,테헤란로114길
강남구,테헤란로13길
강남구,테헤란로13길
강남구,테헤란로14길
강남구,테헤란로14길
강남구,테헤란로16길
강남구,테헤란로16길
강남구,테헤란로19길
강남구,테헤란로19길
강남구,테헤란로1길
강남구,테헤란로1길
강남구,테헤란로20길
강남구,테헤란로20길
강남구,테헤란로21길
강남구,테헤란로21길
강남구,테헤란로22길
강남구,테헤란로22길
강남구,테헤란로25길
강남구,테헤란로25길
강남구,테헤란로26길
강남구,테헤란로26길
강남구,테헤란로27길
강남구,테헤란로27길
강남구,테헤란로28길
강남구,테헤란로28길
강남구,테헤란로29길
강남구,테헤란로29길
강남구,테헤란로2길
강남구,테헤란로2길
강남구,테헤란로30길
강남구,테헤란로30길
강남구,테헤란로32길
강남구,테헤란로32길
강남구,테헤란로33길
강남구,테헤란로33길
강남구,테헤란로34길
강남구,테헤란로34길
강남구,테헤란로37길
강남구,테헤란로37길
강남구,테헤란로38길
강남구,테헤란로38길
강남구,테헤란로39길
강남구,테헤란로39길
강남구,테헤란로43길
강남구,테헤란로43길
강남구,테헤란로44길
강남구,테헤란로44길
강남구,테헤란로47길
강남구,테헤란로47길
강남구,테헤란로48길
강남구,테헤란로48길
강남구,테헤란로4길
강남구,테헤란로4길
강남구,테헤란로51길
강남구,테헤란로51길
강남구,테헤란로52길
강남구,테헤란로52길
강남구,테헤란로53길
강남구,테헤란로53길
강남구,테헤란로55길
강남구,테헤란로55길
강남구,테헤란로57길
강남구,테헤란로57길
강남구,테헤란로5길
강남구,테헤란로5길
강남구,테헤란로63길
강남구,테헤란로63길
강남구,테헤란로64길
강남구,테헤란로64길
강남구,테헤란로68길
강남구,테헤란로68길
강남구,테헤란로69길
강남구,테헤란로69길
강남구,테헤란로6길
강남구,테헤란로6길
강남구,테헤란로70길
강남구,테헤란로70길
강남구,테헤란로77길
강남구,테헤란로77길
강남구,테헤란로78길
강남구,테헤란로78길
강남구,테헤란로79길
강남구,테헤란로79길
강남구,테헤란로7길
강남구,테헤란로7길
강남구,테헤란로81길
강남구,테헤란로81길
강남구,테헤란로82길
강남구,테헤란로82길
강남구,테헤란로83길
강남구,테헤란로83길
강남구,테헤란로84길
강남구,테헤란로84길
강남구,테헤란로86길
강남구,테헤란로86길
강남구,테헤란로87길
강남구,테헤란로87길
강남구,테헤란로88길
강남구,테헤란로88길
강남구,테헤란로8길
강남구,테헤란로8길
강남구,테헤란로92길
강남구,테헤란로92길
강남구,테헤란로98길
강남구,테헤란로98길
강남구,학동로101길
강남구,학동로101길
강남구,학동로105길
강남구,학동로105길
강남구,학동로11길
강남구,학동로11길
강남구,학동로12길
강남구,학동로12길
강남구,학동로14길
강남구,학동로14길
강남구,학동로17길
강남구,학동로17길
강남구,학동로18길
강남구,학동로18길
강남구,학동로19길
강남구,학동로19길
강남구,학동로1길
강남구,학동로1길
강남구,학동로20길
강남구,학동로20길
강남구,학동로21길
강남구,학동로21길
강남구,학동로23길
강남구,학동로23길
강남구,학동로24길
강남구,학동로24길
강남구,학동로25길
강남구,학동로25길
강남구,학동로26길
강남구,학동로26길
강남구,학동로28길
강남구,학동로28길
강남구,학동로29길
강남구,학동로29길
강남구,학동로2길
강남구,학동로2길
강남구,학동로30길
강남구,학동로30길
강남구,학동로31길
강남구,학동로31길
강남구,학동로33길
강남구,학동로33길
강남구,학동로34길
강남구,학동로34길
강남구,학동로37길
강남구,학동로37길
강남구,학동로38길
강남구,학동로38길
강남구,학동로3길
강남구,학동로3길
강남구,학동로41길
강남구,학동로41길
강남구,학동로42길
강남구,학동로42길
강남구,학동로43길
강남구,학동로43길
강남구,학동로44길
강남구,학동로44길
강남구,학동로45길
강남구,학동로45길
강남구,학동로46길
강남구,학동로46길
강남구,학동로47길
강남구,학동로47길
강남구,학동로48길
강남구,학동로48길
강남구,학동로4길
강남구,학동로4길
강남구,학동로50길
강남구,학동로50길
강남구,학동로53길
강남구,학동로53길
강남구,학동로55길
강남구,학동로55길
강남구,학동로56길
강남구,학동로56길
강남구,학동로59길
강남구,학동로59길
강남구,학동로5길
강남구,학동로5길
강남구,학동로63길
강남구,학동로63길
강남구,학동로64길
강남구,학동로64길
강남구,학동로67길
강남구,학동로67길
강남구,학동로68길
강남구,학동로68길
강남구,학동로6길
강남구,학동로6길
강남구,학동로73길
강남구,학동로73길
강남구,학동로77길
강남구,학동로77길
강남구,학동로7길
강남구,학동로7길
강남구,학동로81길
강남구,학동로81길
강남구,학동로82길
강남구,학동로82길
강남구,학동로87길
강남구,학동로87길
강남구,학동로88길
강남구,학동로88길
강남구,학동로8길
강남구,학동로8길
강남구,학동로95길
강남구,학동로95길
강남구,학동로96길
강남구,학동로97길
강남구,학동로97길
강남구,학동로98길
강남구,학동로9길
강남구,학동로9길
강남구,헌릉로618길
강남구,헌릉로618길
강남구,헌릉로622길
강남구,헌릉로622길
강남구,헌릉로637길
강남구,헌릉로637길
강남구,헌릉로645길
강남구,헌릉로645길
강남구,헌릉로718길
강남구,헌릉로718길
강남구,헌릉로745길
강남구,헌릉로745길
강남구,헌릉로757길
강남구,헌릉로757길
강남구,영동대로128길
강남구,영동대로128길
강남구,강남대로130길
강남구,개포로53길
강남구,남부순환로394길
강남구,논현로189길
강남구,논현로189길
강남구,논현로190길
강남구,논현로22길
강남구,논현로22길
강남구,논현로41길
강남구,논현로41길
강남구,도곡로101길
강남구,도곡로28길
강남구,도곡로28길
강남구,도곡로34길
강남구,도곡로38길
강남구,도곡로94길
강남구,봉은사로10길
강남구,봉은사로58길
강남구,삼성로122길
강남구,삼성로122길
강남구,삼성로3길
강남구,삼성로3길
강남구,선릉로189길
강남구,양재대로14길
강남구,양재대로16길
강남구,양재대로16길
강남구,언주로160길
강남구,언주로66길
강남구,역삼로107길
강남구,역삼로107길
강남구,영동대로66길
강남구,영동대로81길
강남구,일원로13길
강남구,테헤란로115길
강남구,테헤란로115길
강남구,학동로60길
강남구,헌릉로758길
강남구,헌릉로758길
강남구,헌릉로570길
강남구,헌릉로570길
강남구,헌릉로590길
강남구,헌릉로590길
강남구,헌릉로569길
강남구,헌릉로569길
강남구,자곡로7길
강남구,자곡로7길
강남구,헌릉로571길
강남구,헌릉로571길
강남구,자곡로3길
강남구,자곡로3길
강남구,자곡로5길
강남구,밤고개로21길
강남구,밤고개로21길
강남구,밤고개로21길
강남구,밤고개로26길
강남구,밤고개로26길
강남구,밤고개로27길
강남구,밤고개로27길
강남구,밤고개로27길
강남구,밤고개로15길
강남구,밤고개로15길
강남구,밤고개로15길
강남구,밤고개로28길
강남구,밤고개로28길
강남구,가로수길
강남구,가로수길
강남구,한강남자전거길
강남구,양재천동자전거길
강남구,양재천동자전거길
강남구,양재천서자전거길
강남구,양재천서자전거길
강남구,양재천서자전거길
강남구,탄천자전거길