﻿강동구,서울양양고속도로
강동구,수도권제1순환고속도로
강동구,양재대로
강동구,양재대로
강동구,양재대로
강동구,양재대로
강동구,양재대로
강동구,양재대로
강동구,양재대로
강동구,조정대로
강동구,조정대로
강동구,천호대로
강동구,천호대로
강동구,천호대로
강동구,천호대로
강동구,천호대로
강동구,천호대로
강동구,올림픽대로
강동구,올림픽대로
강동구,강동대로
강동구,강동대로
강동구,강동대로
강동구,동남로
강동구,동남로
강동구,동남로
강동구,동남로
강동구,동남로
강동구,동남로
강동구,아리수로
강동구,아리수로
강동구,아리수로
강동구,아리수로
강동구,풍산로
강동구,풍산로
강동구,구천면로
강동구,구천면로
강동구,구천면로
강동구,구천면로
강동구,구천면로
강동구,올림픽로
강동구,올림픽로
강동구,올림픽로
강동구,올림픽로
강동구,풍성로
강동구,풍성로
강동구,풍성로
강동구,고덕로
강동구,고덕로
강동구,고덕로
강동구,고덕로
강동구,고덕로
강동구,고덕로
강동구,명일로
강동구,명일로
강동구,명일로
강동구,명일로
강동구,상암로
강동구,상암로
강동구,상암로
강동구,상암로
강동구,상암로
강동구,상일로
강동구,상일로
강동구,상일로
강동구,상일로
강동구,선사로
강동구,선사로
강동구,선사로
강동구,성내로
강동구,성내로
강동구,성안로
강동구,성안로
강동구,성안로
강동구,성안로
강동구,진황도로
강동구,진황도로
강동구,진황도로
강동구,진황도로
강동구,천중로
강동구,천중로
강동구,천중로
강동구,청뜰로
강동구,청뜰로
강동구,감초로
강동구,초광로
강동구,고덕비즈밸리로
강동구,강동대로51길
강동구,강동대로51길
강동구,강동대로53길
강동구,강동대로53길
강동구,강동대로55길
강동구,강동대로55길
강동구,고덕로10길
강동구,고덕로10길
강동구,고덕로13길
강동구,고덕로13길
강동구,고덕로14가길
강동구,고덕로14가길
강동구,고덕로14길
강동구,고덕로14길
강동구,고덕로16길
강동구,고덕로16길
강동구,고덕로18길
강동구,고덕로18길
강동구,고덕로19길
강동구,고덕로19길
강동구,고덕로1길
강동구,고덕로1길
강동구,고덕로20가길
강동구,고덕로20가길
강동구,고덕로20길
강동구,고덕로20길
강동구,고덕로20나길
강동구,고덕로20나길
강동구,고덕로20다길
강동구,고덕로20다길
강동구,고덕로20라길
강동구,고덕로20라길
강동구,고덕로20마길
강동구,고덕로20마길
강동구,고덕로23길
강동구,고덕로23길
강동구,고덕로24가길
강동구,고덕로24가길
강동구,고덕로24길
강동구,고덕로24길
강동구,고덕로24나길
강동구,고덕로24나길
강동구,고덕로25길
강동구,고덕로25길
강동구,고덕로27길
강동구,고덕로27길
강동구,고덕로28길
강동구,고덕로28길
강동구,고덕로38길
강동구,고덕로38길
강동구,고덕로38길
강동구,고덕로3길
강동구,고덕로3길
강동구,고덕로46길
강동구,고덕로46길
강동구,고덕로55길
강동구,고덕로55길
강동구,고덕로61길
강동구,고덕로61길
강동구,고덕로62길
강동구,고덕로62길
강동구,고덕로79길
강동구,고덕로79길
강동구,고덕로80길
강동구,고덕로80길
강동구,고덕로83길
강동구,고덕로83길
강동구,고덕로8길
강동구,고덕로8길
강동구,고덕로97길
강동구,고덕로97길
강동구,구천면로100길
강동구,구천면로100길
강동구,구천면로11길
강동구,구천면로11길
강동구,구천면로12길
강동구,구천면로12길
강동구,구천면로13길
강동구,구천면로13길
강동구,구천면로14길
강동구,구천면로14길
강동구,구천면로15길
강동구,구천면로15길
강동구,구천면로16길
강동구,구천면로16길
강동구,구천면로17길
강동구,구천면로17길
강동구,구천면로18길
강동구,구천면로18길
강동구,구천면로21길
강동구,구천면로21길
강동구,구천면로23길
강동구,구천면로23길
강동구,구천면로24길
강동구,구천면로24길
강동구,구천면로25길
강동구,구천면로25길
강동구,구천면로28길
강동구,구천면로28길
강동구,구천면로29길
강동구,구천면로29길
강동구,구천면로30길
강동구,구천면로30길
강동구,구천면로31길
강동구,구천면로31길
강동구,구천면로33길
강동구,구천면로33길
강동구,구천면로34길
강동구,구천면로34길
강동구,구천면로35길
강동구,구천면로35길
강동구,구천면로36길
강동구,구천면로36길
강동구,구천면로39길
강동구,구천면로39길
강동구,구천면로40길
강동구,구천면로40길
강동구,구천면로41길
강동구,구천면로41길
강동구,구천면로42가길
강동구,구천면로42가길
강동구,구천면로42길
강동구,구천면로42길
강동구,구천면로46길
강동구,구천면로46길
강동구,구천면로47가길
강동구,구천면로47가길
강동구,구천면로47길
강동구,구천면로47길
강동구,구천면로47나길
강동구,구천면로47나길
강동구,구천면로48길
강동구,구천면로48길
강동구,구천면로50길
강동구,구천면로50길
강동구,구천면로52길
강동구,구천면로52길
강동구,구천면로53가길
강동구,구천면로53가길
강동구,구천면로53길
강동구,구천면로53길
강동구,구천면로55길
강동구,구천면로55길
강동구,구천면로57길
강동구,구천면로57길
강동구,구천면로59길
강동구,구천면로59길
강동구,구천면로60길
강동구,구천면로60길
강동구,구천면로62길
강동구,구천면로62길
강동구,구천면로64길
강동구,구천면로64길
강동구,구천면로65길
강동구,구천면로65길
강동구,구천면로68가길
강동구,구천면로68가길
강동구,구천면로68길
강동구,구천면로68길
강동구,구천면로68나길
강동구,구천면로68나길
강동구,구천면로78길
강동구,구천면로78길
강동구,구천면로93길
강동구,구천면로93길
강동구,구천면로98길
강동구,구천면로98길
강동구,동남로43길
강동구,동남로43길
강동구,동남로49길
강동구,동남로49길
강동구,동남로51길
강동구,동남로51길
강동구,동남로53길
강동구,동남로53길
강동구,동남로65길
강동구,동남로65길
강동구,동남로67길
강동구,동남로67길
강동구,동남로71길
강동구,동남로71길
강동구,동남로73길
강동구,동남로73길
강동구,동남로75길
강동구,동남로75길
강동구,동남로79길
강동구,동남로79길
강동구,동남로81길
강동구,동남로81길
강동구,동남로82길
강동구,동남로82길
강동구,동남로83길
강동구,동남로83길
강동구,동남로85길
강동구,동남로85길
강동구,동남로87길
강동구,동남로87길
강동구,명일로10가길
강동구,명일로10가길
강동구,명일로10길
강동구,명일로10길
강동구,명일로10나길
강동구,명일로10나길
강동구,명일로12길
강동구,명일로12길
강동구,명일로13길
강동구,명일로13길
강동구,명일로16길
강동구,명일로16길
강동구,명일로17길
강동구,명일로17길
강동구,명일로18길
강동구,명일로18길
강동구,명일로19길
강동구,명일로19길
강동구,명일로24길
강동구,명일로24길
강동구,명일로26길
강동구,명일로26길
강동구,명일로27길
강동구,명일로27길
강동구,상암로11길
강동구,상암로11길
강동구,상암로12길
강동구,상암로12길
강동구,상암로14길
강동구,상암로14길
강동구,상암로15길
강동구,상암로15길
강동구,상암로16길
강동구,상암로16길
강동구,상암로17길
강동구,상암로17길
강동구,상암로21길
강동구,상암로21길
강동구,상암로23길
강동구,상암로23길
강동구,상암로27가길
강동구,상암로27가길
강동구,상암로27길
강동구,상암로27길
강동구,상암로27나길
강동구,상암로27나길
강동구,상암로28길
강동구,상암로28길
강동구,상암로35길
강동구,상암로35길
강동구,상암로39길
강동구,상암로39길
강동구,상암로3길
강동구,상암로3길
강동구,상암로41가길
강동구,상암로41가길
강동구,상암로41길
강동구,상암로41길
강동구,상암로41나길
강동구,상암로41나길
강동구,상암로47길
강동구,상암로47길
강동구,상암로49길
강동구,상암로49길
강동구,상암로4가길
강동구,상암로4가길
강동구,상암로4길
강동구,상암로4길
강동구,상암로4길
강동구,상암로51길
강동구,상암로51길
강동구,상암로5길
강동구,상암로5길
강동구,상암로61길
강동구,상암로61길
강동구,상암로63길
강동구,상암로63길
강동구,상암로67길
강동구,상암로67길
강동구,상암로6길
강동구,상암로6길
강동구,상암로79가길
강동구,상암로79가길
강동구,상암로79길
강동구,상암로79길
강동구,상암로81길
강동구,상암로81길
강동구,상일로11길
강동구,상일로11길
강동구,상일로15길
강동구,상일로15길
강동구,상일로17길
강동구,상일로17길
강동구,상일로19길
강동구,상일로19길
강동구,상일로21길
강동구,상일로21길
강동구,상일로23길
강동구,상일로23길
강동구,상일로25길
강동구,상일로25길
강동구,상일로3길
강동구,상일로3길
강동구,상일로5길
강동구,상일로5길
강동구,상일로7길
강동구,상일로7길
강동구,선사로10길
강동구,선사로10길
강동구,선사로6길
강동구,선사로6길
강동구,성내로10길
강동구,성내로10길
강동구,성내로12길
강동구,성내로12길
강동구,성내로13길
강동구,성내로13길
강동구,성내로14길
강동구,성내로14길
강동구,성내로15길
강동구,성내로15길
강동구,성내로17길
강동구,성내로17길
강동구,성내로18길
강동구,성내로18길
강동구,성내로3가길
강동구,성내로3가길
강동구,성내로3길
강동구,성내로3길
강동구,성내로5길
강동구,성내로5길
강동구,성내로6가길
강동구,성내로6가길
강동구,성내로6길
강동구,성내로6길
강동구,성내로6나길
강동구,성내로6나길
강동구,성내로6다길
강동구,성내로6다길
강동구,성내로8길
강동구,성내로8길
강동구,성내로9길
강동구,성내로9길
강동구,성안로13길
강동구,성안로13길
강동구,성안로25길
강동구,성안로25길
강동구,성안로27길
강동구,성안로27길
강동구,성안로31가길
강동구,성안로31가길
강동구,성안로31길
강동구,성안로31길
강동구,성안로31나길
강동구,성안로31나길
강동구,성안로31다길
강동구,성안로31다길
강동구,성안로31라길
강동구,성안로31라길
강동구,성안로31마길
강동구,성안로31마길
강동구,성안로3길
강동구,성안로3길
강동구,성안로7길
강동구,성안로7길
강동구,성안로9길
강동구,성안로9길
강동구,아리수로25가길
강동구,아리수로25가길
강동구,아리수로25길
강동구,아리수로25길
강동구,아리수로25나길
강동구,아리수로25나길
강동구,아리수로27길
강동구,아리수로27길
강동구,아리수로46길
강동구,아리수로46길
강동구,아리수로50길
강동구,아리수로50길
강동구,아리수로61길
강동구,아리수로61길
강동구,아리수로62길
강동구,아리수로62길
강동구,아리수로64길
강동구,아리수로64길
강동구,아리수로65길
강동구,아리수로65길
강동구,아리수로66길
강동구,아리수로66길
강동구,아리수로68길
강동구,아리수로68길
강동구,아리수로72길
강동구,아리수로72길
강동구,아리수로74길
강동구,아리수로74길
강동구,아리수로76길
강동구,아리수로76길
강동구,아리수로78길
강동구,아리수로78길
강동구,아리수로82길
강동구,아리수로82길
강동구,아리수로87가길
강동구,아리수로87가길
강동구,아리수로87가길
강동구,아리수로87길
강동구,아리수로87길
강동구,아리수로87길
강동구,아리수로91길
강동구,아리수로91길
강동구,아리수로93가길
강동구,아리수로93가길
강동구,아리수로93가길
강동구,아리수로93길
강동구,아리수로93길
강동구,아리수로94길
강동구,아리수로94길
강동구,아리수로97길
강동구,아리수로97길
강동구,아리수로98길
강동구,아리수로98길
강동구,암사11길
강동구,암사11길
강동구,암사13길
강동구,암사13길
강동구,암사18길
강동구,암사18길
강동구,암사19길
강동구,암사19길
강동구,암사19길
강동구,암사1가길
강동구,암사1가길
강동구,암사1길
강동구,암사1길
강동구,암사5길
강동구,암사5길
강동구,암사길
강동구,암사길
강동구,암사길
강동구,양재대로100길
강동구,양재대로100길
강동구,양재대로101길
강동구,양재대로101길
강동구,양재대로102가길
강동구,양재대로102가길
강동구,양재대로102길
강동구,양재대로102길
강동구,양재대로103길
강동구,양재대로103길
강동구,양재대로109길
강동구,양재대로109길
강동구,양재대로110길
강동구,양재대로110길
강동구,양재대로111길
강동구,양재대로111길
강동구,양재대로112길
강동구,양재대로112길
강동구,양재대로113길
강동구,양재대로113길
강동구,양재대로114길
강동구,양재대로114길
강동구,양재대로115길
강동구,양재대로115길
강동구,양재대로116길
강동구,양재대로116길
강동구,양재대로117길
강동구,양재대로117길
강동구,양재대로121길
강동구,양재대로121길
강동구,양재대로122가길
강동구,양재대로122가길
강동구,양재대로122가길
강동구,양재대로122길
강동구,양재대로122길
강동구,양재대로123길
강동구,양재대로123길
강동구,양재대로124길
강동구,양재대로124길
강동구,양재대로125길
강동구,양재대로125길
강동구,양재대로126길
강동구,양재대로126길
강동구,양재대로127길
강동구,양재대로127길
강동구,양재대로128길
강동구,양재대로128길
강동구,양재대로128길
강동구,양재대로130길
강동구,양재대로130길
강동구,양재대로131가길
강동구,양재대로131가길
강동구,양재대로131길
강동구,양재대로131길
강동구,양재대로133길
강동구,양재대로133길
강동구,양재대로134길
강동구,양재대로134길
강동구,양재대로135길
강동구,양재대로135길
강동구,양재대로136길
강동구,양재대로136길
강동구,양재대로138길
강동구,양재대로138길
강동구,양재대로141길
강동구,양재대로141길
강동구,양재대로143길
강동구,양재대로143길
강동구,양재대로145길
강동구,양재대로145길
강동구,양재대로147길
강동구,양재대로147길
강동구,양재대로151길
강동구,양재대로151길
강동구,양재대로156길
강동구,양재대로156길
강동구,양재대로81길
강동구,양재대로81길
강동구,양재대로83길
강동구,양재대로83길
강동구,양재대로84길
강동구,양재대로84길
강동구,양재대로85길
강동구,양재대로85길
강동구,양재대로87길
강동구,양재대로87길
강동구,양재대로88길
강동구,양재대로88길
강동구,양재대로89가길
강동구,양재대로89가길
강동구,양재대로89길
강동구,양재대로89길
강동구,양재대로91가길
강동구,양재대로91가길
강동구,양재대로91길
강동구,양재대로91길
강동구,양재대로91나길
강동구,양재대로91나길
강동구,양재대로95길
강동구,양재대로95길
강동구,양재대로96길
강동구,양재대로96길
강동구,양재대로97길
강동구,양재대로97길
강동구,양재대로98길
강동구,양재대로98길
강동구,양재대로99길
강동구,양재대로99길
강동구,올림픽로100길
강동구,올림픽로100길
강동구,올림픽로104길
강동구,올림픽로104길
강동구,올림픽로107길
강동구,올림픽로107길
강동구,올림픽로108길
강동구,올림픽로108길
강동구,올림픽로112길
강동구,올림픽로112길
강동구,올림픽로48길
강동구,올림픽로48길
강동구,올림픽로54길
강동구,올림픽로54길
강동구,올림픽로58길
강동구,올림픽로58길
강동구,올림픽로60길
강동구,올림픽로60길
강동구,올림픽로62길
강동구,올림픽로62길
강동구,올림픽로70길
강동구,올림픽로70길
강동구,올림픽로71길
강동구,올림픽로71길
강동구,올림픽로72길
강동구,올림픽로72길
강동구,올림픽로76길
강동구,올림픽로76길
강동구,올림픽로77길
강동구,올림픽로77길
강동구,올림픽로78길
강동구,올림픽로78길
강동구,올림픽로79길
강동구,올림픽로79길
강동구,올림픽로80길
강동구,올림픽로80길
강동구,올림픽로81길
강동구,올림픽로81길
강동구,올림픽로83길
강동구,올림픽로83길
강동구,올림픽로87길
강동구,올림픽로87길
강동구,올림픽로88길
강동구,올림픽로88길
강동구,올림픽로89길
강동구,올림픽로89길
강동구,올림픽로91길
강동구,올림픽로91길
강동구,올림픽로91길
강동구,올림픽로92길
강동구,올림픽로92길
강동구,올림픽로93길
강동구,올림픽로93길
강동구,올림픽로98가길
강동구,올림픽로98가길
강동구,올림픽로98길
강동구,올림픽로98길
강동구,진황도로23길
강동구,진황도로23길
강동구,진황도로25길
강동구,진황도로25길
강동구,진황도로27가길
강동구,진황도로27가길
강동구,진황도로27길
강동구,진황도로27길
강동구,진황도로27나길
강동구,진황도로27나길
강동구,진황도로27다길
강동구,진황도로27다길
강동구,진황도로27라길
강동구,진황도로27라길
강동구,진황도로29길
강동구,진황도로29길
강동구,진황도로31길
강동구,진황도로31길
강동구,진황도로33길
강동구,진황도로33길
강동구,진황도로43길
강동구,진황도로43길
강동구,진황도로47길
강동구,진황도로47길
강동구,진황도로49길
강동구,진황도로49길
강동구,진황도로61길
강동구,진황도로61길
강동구,진황도로68길
강동구,진황도로68길
강동구,천중로11길
강동구,천중로11길
강동구,천중로12길
강동구,천중로12길
강동구,천중로14길
강동구,천중로14길
강동구,천중로15가길
강동구,천중로15가길
강동구,천중로15길
강동구,천중로15길
강동구,천중로15나길
강동구,천중로15나길
강동구,천중로16길
강동구,천중로16길
강동구,천중로17길
강동구,천중로17길
강동구,천중로18길
강동구,천중로18길
강동구,천중로21길
강동구,천중로21길
강동구,천중로23길
강동구,천중로23길
강동구,천중로26길
강동구,천중로26길
강동구,천중로27길
강동구,천중로27길
강동구,천중로29길
강동구,천중로29길
강동구,천중로2길
강동구,천중로2길
강동구,천중로30길
강동구,천중로30길
강동구,천중로31길
강동구,천중로31길
강동구,천중로32길
강동구,천중로32길
강동구,천중로33길
강동구,천중로33길
강동구,천중로34길
강동구,천중로34길
강동구,천중로35가길
강동구,천중로35가길
강동구,천중로35길
강동구,천중로35길
강동구,천중로35나길
강동구,천중로35나길
강동구,천중로38가길
강동구,천중로38가길
강동구,천중로38길
강동구,천중로38길
강동구,천중로39길
강동구,천중로39길
강동구,천중로3길
강동구,천중로3길
강동구,천중로40길
강동구,천중로40길
강동구,천중로42길
강동구,천중로42길
강동구,천중로43길
강동구,천중로43길
강동구,천중로44길
강동구,천중로44길
강동구,천중로48길
강동구,천중로48길
강동구,천중로49가길
강동구,천중로49가길
강동구,천중로49길
강동구,천중로49길
강동구,천중로49길
강동구,천중로50길
강동구,천중로50길
강동구,천중로51길
강동구,천중로51길
강동구,천중로51길
강동구,천중로52길
강동구,천중로52길
강동구,천중로53길
강동구,천중로53길
강동구,천중로54길
강동구,천중로54길
강동구,천중로55길
강동구,천중로55길
강동구,천중로56길
강동구,천중로56길
강동구,천중로5길
강동구,천중로5길
강동구,천중로9길
강동구,천중로9길
강동구,천호대로151길
강동구,천호대로151길
강동구,천호대로155길
강동구,천호대로155길
강동구,천호대로157길
강동구,천호대로157길
강동구,천호대로158길
강동구,천호대로158길
강동구,천호대로159길
강동구,천호대로159길
강동구,천호대로161길
강동구,천호대로161길
강동구,천호대로162가길
강동구,천호대로162가길
강동구,천호대로162길
강동구,천호대로162길
강동구,천호대로163길
강동구,천호대로163길
강동구,천호대로164길
강동구,천호대로164길
강동구,천호대로167길
강동구,천호대로167길
강동구,천호대로168가길
강동구,천호대로168가길
강동구,천호대로168길
강동구,천호대로168길
강동구,천호대로168나길
강동구,천호대로168나길
강동구,천호대로168다길
강동구,천호대로168다길
강동구,천호대로168라길
강동구,천호대로168라길
강동구,천호대로170길
강동구,천호대로170길
강동구,천호대로173길
강동구,천호대로173길
강동구,천호대로174길
강동구,천호대로174길
강동구,천호대로175길
강동구,천호대로175길
강동구,천호대로176길
강동구,천호대로176길
강동구,천호대로177길
강동구,천호대로177길
강동구,천호대로182길
강동구,천호대로182길
강동구,천호대로185길
강동구,천호대로185길
강동구,천호대로186길
강동구,천호대로186길
강동구,천호대로187길
강동구,천호대로187길
강동구,천호대로188길
강동구,천호대로188길
강동구,천호대로189길
강동구,천호대로189길
강동구,천호대로191길
강동구,천호대로191길
강동구,천호대로193길
강동구,천호대로193길
강동구,천호대로197길
강동구,천호대로197길
강동구,천호대로198길
강동구,천호대로198길
강동구,천호대로199길
강동구,천호대로199길
강동구,천호대로200길
강동구,천호대로200길
강동구,천호대로201길
강동구,천호대로201길
강동구,천호대로203길
강동구,천호대로203길
강동구,천호대로206길
강동구,천호대로206길
강동구,천호대로213길
강동구,천호대로213길
강동구,천호대로219가길
강동구,천호대로219가길
강동구,천호대로219길
강동구,천호대로219길
강동구,천호대로219나길
강동구,천호대로219나길
강동구,천호대로219다길
강동구,천호대로219다길
강동구,천호대로221길
강동구,천호대로221길
강동구,천호옛10길
강동구,천호옛10길
강동구,천호옛12길
강동구,천호옛12길
강동구,천호옛14길
강동구,천호옛14길
강동구,천호옛17길
강동구,천호옛17길
강동구,천호옛6길
강동구,천호옛6길
강동구,천호옛8길
강동구,천호옛8길
강동구,천호옛길
강동구,천호옛길
강동구,초광로294번길
강동구,초광로294번길
강동구,풍성로35길
강동구,풍성로35길
강동구,풍성로37가길
강동구,풍성로37가길
강동구,풍성로37길
강동구,풍성로37길
강동구,풍성로38길
강동구,풍성로38길
강동구,풍성로39길
강동구,풍성로39길
강동구,풍성로41길
강동구,풍성로41길
강동구,풍성로42길
강동구,풍성로42길
강동구,풍성로45길
강동구,풍성로45길
강동구,풍성로51길
강동구,풍성로51길
강동구,풍성로52길
강동구,풍성로52길
강동구,풍성로53길
강동구,풍성로53길
강동구,풍성로54길
강동구,풍성로54길
강동구,풍성로55길
강동구,풍성로55길
강동구,풍성로56길
강동구,풍성로56길
강동구,풍성로57길
강동구,풍성로57길
강동구,풍성로58길
강동구,풍성로58길
강동구,풍성로61길
강동구,풍성로61길
강동구,풍성로63길
강동구,풍성로63길
강동구,풍성로65길
강동구,풍성로65길
강동구,풍성로67길
강동구,풍성로67길
강동구,풍성로73길
강동구,풍성로73길
강동구,고덕로15길
강동구,구천면로80길
강동구,상암로83길
강동구,아리수로13길
강동구,아리수로84길
강동구,아리수로84길
강동구,구천면로62가길
강동구,구천면로62가길
강동구,상일로6길
강동구,상일로6길
강동구,상일로6길
강동구,상일로10길
강동구,상일로10길
강동구,상일로12길
강동구,상일로12길
강동구,상일로12길
강동구,가래여울1길
강동구,가래여울1길
강동구,아리수로93다길
강동구,아리수로93다길
강동구,아리수로93나길
강동구,아리수로93나길
강동구,가래여울2길
강동구,가래여울2길
강동구,고덕로98길
강동구,고덕로98길
강동구,고덕로98길
강동구,가래여울길
강동구,가래여울길
강동구,가래여울길
강동구,한강남자전거길
강동구,고덕비즈밸리로1길
강동구,고덕비즈밸리로2길
강동구,고덕비즈밸리로2가길
강동구,고덕비즈밸리로2가길
강동구,고덕비즈밸리로3길
강동구,고덕비즈밸리로4길
강동구,고덕비즈밸리로6길
강동구,고덕비즈밸리로6길
강동구,고덕비즈밸리로6가길
강동구,고덕비즈밸리로6가길