﻿강북구,덕릉로
강북구,덕릉로
강북구,덕릉로
강북구,덕릉로
강북구,한천로
강북구,한천로
강북구,한천로
강북구,도봉로
강북구,도봉로
강북구,도봉로
강북구,도봉로
강북구,삼양로
강북구,삼양로
강북구,삼양로
강북구,삼양로
강북구,솔샘로
강북구,솔샘로
강북구,숭인로
강북구,숭인로
강북구,오패산로
강북구,오패산로
강북구,오패산로
강북구,노해로
강북구,노해로
강북구,방학로
강북구,방학로
강북구,월계로
강북구,월계로
강북구,월계로
강북구,삼각산로
강북구,삼각산로
강북구,솔매로
강북구,솔매로
강북구,수유로
강북구,수유로
강북구,오현로
강북구,오현로
강북구,오현로
강북구,인수봉로
강북구,인수봉로
강북구,인수봉로
강북구,4.19로
강북구,4.19로
강북구,삼양로15길
강북구,노해로11길
강북구,노해로11길
강북구,노해로13길
강북구,노해로13길
강북구,노해로14길
강북구,노해로14길
강북구,노해로15길
강북구,노해로15길
강북구,노해로17길
강북구,노해로17길
강북구,노해로19길
강북구,노해로19길
강북구,노해로21길
강북구,노해로21길
강북구,노해로22길
강북구,노해로22길
강북구,노해로23길
강북구,노해로23길
강북구,노해로25길
강북구,노해로25길
강북구,노해로26가길
강북구,노해로26가길
강북구,노해로26길
강북구,노해로26길
강북구,노해로27길
강북구,노해로27길
강북구,노해로29길
강북구,노해로29길
강북구,노해로32길
강북구,노해로32길
강북구,노해로33가길
강북구,노해로33가길
강북구,노해로33길
강북구,노해로33길
강북구,노해로33나길
강북구,노해로33나길
강북구,노해로33다길
강북구,노해로33다길
강북구,노해로35가길
강북구,노해로35가길
강북구,노해로35길
강북구,노해로35길
강북구,노해로36길
강북구,노해로36길
강북구,노해로3길
강북구,노해로3길
강북구,노해로7가길
강북구,노해로7가길
강북구,노해로7길
강북구,노해로7길
강북구,노해로8가길
강북구,노해로8가길
강북구,노해로8길
강북구,노해로8길
강북구,노해로9가길
강북구,노해로9가길
강북구,노해로9길
강북구,노해로9길
강북구,노해로9나길
강북구,노해로9나길
강북구,덕릉로10길
강북구,덕릉로10길
강북구,덕릉로12길
강북구,덕릉로12길
강북구,덕릉로19길
강북구,덕릉로19길
강북구,덕릉로23길
강북구,덕릉로23길
강북구,덕릉로24길
강북구,덕릉로24길
강북구,덕릉로26길
강북구,덕릉로26길
강북구,덕릉로28길
강북구,덕릉로28길
강북구,덕릉로30길
강북구,덕릉로30길
강북구,덕릉로32길
강북구,덕릉로32길
강북구,덕릉로36길
강북구,덕릉로36길
강북구,덕릉로36길
강북구,덕릉로3길
강북구,덕릉로3길
강북구,덕릉로40가길
강북구,덕릉로40가길
강북구,덕릉로40길
강북구,덕릉로40길
강북구,덕릉로40나길
강북구,덕릉로40나길
강북구,덕릉로40다길
강북구,덕릉로40다길
강북구,덕릉로40라길
강북구,덕릉로40라길
강북구,덕릉로41길
강북구,덕릉로41길
강북구,덕릉로42길
강북구,덕릉로42길
강북구,덕릉로44길
강북구,덕릉로44길
강북구,덕릉로48길
강북구,덕릉로48길
강북구,덕릉로51가길
강북구,덕릉로51가길
강북구,덕릉로51길
강북구,덕릉로51길
강북구,덕릉로52길
강북구,덕릉로52길
강북구,덕릉로5길
강북구,덕릉로5길
강북구,덕릉로7길
강북구,덕릉로7길
강북구,덕릉로8길
강북구,덕릉로8길
강북구,덕릉로9길
강북구,덕릉로9길
강북구,도봉로101길
강북구,도봉로101길
강북구,도봉로102길
강북구,도봉로102길
강북구,도봉로10가길
강북구,도봉로10가길
강북구,도봉로10길
강북구,도봉로10길
강북구,도봉로10나길
강북구,도봉로10나길
강북구,도봉로10다길
강북구,도봉로10다길
강북구,도봉로10라길
강북구,도봉로10라길
강북구,도봉로13가길
강북구,도봉로13가길
강북구,도봉로13길
강북구,도봉로13길
강북구,도봉로13나길
강북구,도봉로13나길
강북구,도봉로14길
강북구,도봉로14길
강북구,도봉로15길
강북구,도봉로15길
강북구,도봉로16길
강북구,도봉로16길
강북구,도봉로18가길
강북구,도봉로18가길
강북구,도봉로18길
강북구,도봉로18길
강북구,도봉로18나길
강북구,도봉로18나길
강북구,도봉로18다길
강북구,도봉로18다길
강북구,도봉로18라길
강북구,도봉로18라길
강북구,도봉로19길
강북구,도봉로19길
강북구,도봉로20가길
강북구,도봉로20가길
강북구,도봉로20길
강북구,도봉로20길
강북구,도봉로20나길
강북구,도봉로20나길
강북구,도봉로21길
강북구,도봉로21길
강북구,도봉로22길
강북구,도봉로22길
강북구,도봉로23가길
강북구,도봉로23가길
강북구,도봉로23길
강북구,도봉로23길
강북구,도봉로23나길
강북구,도봉로23나길
강북구,도봉로24길
강북구,도봉로24길
강북구,도봉로25길
강북구,도봉로25길
강북구,도봉로26길
강북구,도봉로26길
강북구,도봉로27길
강북구,도봉로27길
강북구,도봉로28가길
강북구,도봉로28가길
강북구,도봉로28길
강북구,도봉로28길
강북구,도봉로28나길
강북구,도봉로28나길
강북구,도봉로29길
강북구,도봉로29길
강북구,도봉로30길
강북구,도봉로30길
강북구,도봉로31길
강북구,도봉로31길
강북구,도봉로32길
강북구,도봉로32길
강북구,도봉로33길
강북구,도봉로33길
강북구,도봉로34길
강북구,도봉로34길
강북구,도봉로35길
강북구,도봉로35길
강북구,도봉로36길
강북구,도봉로36길
강북구,도봉로37길
강북구,도봉로37길
강북구,도봉로38길
강북구,도봉로38길
강북구,도봉로39길
강북구,도봉로39길
강북구,도봉로41길
강북구,도봉로41길
강북구,도봉로45길
강북구,도봉로45길
강북구,도봉로46길
강북구,도봉로46길
강북구,도봉로47길
강북구,도봉로47길
강북구,도봉로49길
강북구,도봉로49길
강북구,도봉로4길
강북구,도봉로4길
강북구,도봉로50길
강북구,도봉로50길
강북구,도봉로51길
강북구,도봉로51길
강북구,도봉로53가길
강북구,도봉로53가길
강북구,도봉로53길
강북구,도봉로53길
강북구,도봉로54길
강북구,도봉로54길
강북구,도봉로55길
강북구,도봉로55길
강북구,도봉로57길
강북구,도봉로57길
강북구,도봉로59길
강북구,도봉로59길
강북구,도봉로61길
강북구,도봉로61길
강북구,도봉로63길
강북구,도봉로63길
강북구,도봉로65길
강북구,도봉로65길
강북구,도봉로67가길
강북구,도봉로67가길
강북구,도봉로67길
강북구,도봉로67길
강북구,도봉로67길
강북구,도봉로67나길
강북구,도봉로67나길
강북구,도봉로67다길
강북구,도봉로67다길
강북구,도봉로68길
강북구,도봉로68길
강북구,도봉로69길
강북구,도봉로69길
강북구,도봉로6길
강북구,도봉로6길
강북구,도봉로71가길
강북구,도봉로71가길
강북구,도봉로71길
강북구,도봉로71길
강북구,도봉로72길
강북구,도봉로72길
강북구,도봉로73길
강북구,도봉로73길
강북구,도봉로76가길
강북구,도봉로76가길
강북구,도봉로76길
강북구,도봉로76길
강북구,도봉로76길
강북구,도봉로77길
강북구,도봉로77길
강북구,도봉로78길
강북구,도봉로78길
강북구,도봉로78길
강북구,도봉로81길
강북구,도봉로81길
강북구,도봉로82길
강북구,도봉로82길
강북구,도봉로83길
강북구,도봉로83길
강북구,도봉로85길
강북구,도봉로85길
강북구,도봉로87길
강북구,도봉로87길
강북구,도봉로89길
강북구,도봉로89길
강북구,도봉로8길
강북구,도봉로8길
강북구,도봉로95길
강북구,도봉로95길
강북구,도봉로96가길
강북구,도봉로96가길
강북구,도봉로96길
강북구,도봉로96길
강북구,도봉로96나길
강북구,도봉로96나길
강북구,도봉로96다길
강북구,도봉로96다길
강북구,도봉로97길
강북구,도봉로97길
강북구,도봉로98길
강북구,도봉로98길
강북구,도봉로99길
강북구,도봉로99길
강북구,삼각산로17길
강북구,삼각산로17길
강북구,삼각산로18길
강북구,삼각산로18길
강북구,삼각산로20길
강북구,삼각산로20길
강북구,삼각산로22길
강북구,삼각산로22길
강북구,삼각산로24길
강북구,삼각산로24길
강북구,삼각산로28길
강북구,삼각산로28길
강북구,삼각산로30길
강북구,삼각산로30길
강북구,삼각산로31길
강북구,삼각산로31길
강북구,삼각산로33길
강북구,삼각산로33길
강북구,삼각산로34길
강북구,삼각산로34길
강북구,삼각산로36길
강북구,삼각산로36길
강북구,삼각산로4가길
강북구,삼각산로4가길
강북구,삼각산로4길
강북구,삼각산로4길
강북구,삼각산로4나길
강북구,삼각산로4나길
강북구,삼양로100길
강북구,삼양로100길
강북구,삼양로102길
강북구,삼양로102길
강북구,삼양로106길
강북구,삼양로106길
강북구,삼양로107길
강북구,삼양로107길
강북구,삼양로109길
강북구,삼양로109길
강북구,삼양로111가길
강북구,삼양로111가길
강북구,삼양로111길
강북구,삼양로111길
강북구,삼양로112길
강북구,삼양로112길
강북구,삼양로113길
강북구,삼양로113길
강북구,삼양로114길
강북구,삼양로114길
강북구,삼양로116길
강북구,삼양로116길
강북구,삼양로117길
강북구,삼양로117길
강북구,삼양로118길
강북구,삼양로118길
강북구,삼양로119길
강북구,삼양로119길
강북구,삼양로122길
강북구,삼양로122길
강북구,삼양로123가길
강북구,삼양로123가길
강북구,삼양로123길
강북구,삼양로123길
강북구,삼양로124길
강북구,삼양로124길
강북구,삼양로126길
강북구,삼양로126길
강북구,삼양로129길
강북구,삼양로129길
강북구,삼양로130길
강북구,삼양로130길
강북구,삼양로131길
강북구,삼양로131길
강북구,삼양로136길
강북구,삼양로136길
강북구,삼양로138길
강북구,삼양로138길
강북구,삼양로138길
강북구,삼양로139가길
강북구,삼양로139가길
강북구,삼양로139길
강북구,삼양로139길
강북구,삼양로139길
강북구,삼양로139나길
강북구,삼양로139나길
강북구,삼양로140길
강북구,삼양로140길
강북구,삼양로141길
강북구,삼양로141길
강북구,삼양로141길
강북구,삼양로142길
강북구,삼양로142길
강북구,삼양로145길
강북구,삼양로145길
강북구,삼양로149가길
강북구,삼양로149가길
강북구,삼양로149길
강북구,삼양로149길
강북구,삼양로14길
강북구,삼양로14길
강북구,삼양로155가길
강북구,삼양로155가길
강북구,삼양로155길
강북구,삼양로155길
강북구,삼양로155나길
강북구,삼양로155나길
강북구,삼양로159가길
강북구,삼양로159가길
강북구,삼양로159길
강북구,삼양로159길
강북구,삼양로159나길
강북구,삼양로159나길
강북구,삼양로163가길
강북구,삼양로163가길
강북구,삼양로163길
강북구,삼양로163길
강북구,삼양로163나길
강북구,삼양로163나길
강북구,삼양로165길
강북구,삼양로165길
강북구,삼양로169길
강북구,삼양로169길
강북구,삼양로16길
강북구,삼양로16길
강북구,삼양로170길
강북구,삼양로170길
강북구,삼양로171길
강북구,삼양로171길
강북구,삼양로173가길
강북구,삼양로173가길
강북구,삼양로173길
강북구,삼양로173길
강북구,삼양로173나길
강북구,삼양로173나길
강북구,삼양로173다길
강북구,삼양로173다길
강북구,삼양로175길
강북구,삼양로175길
강북구,삼양로177길
강북구,삼양로177길
강북구,삼양로179길
강북구,삼양로179길
강북구,삼양로181길
강북구,삼양로181길
강북구,삼양로19길
강북구,삼양로19길
강북구,삼양로20가길
강북구,삼양로20가길
강북구,삼양로20길
강북구,삼양로20길
강북구,삼양로20나길
강북구,삼양로20나길
강북구,삼양로22길
강북구,삼양로22길
강북구,삼양로24가길
강북구,삼양로24가길
강북구,삼양로24길
강북구,삼양로24길
강북구,삼양로27길
강북구,삼양로27길
강북구,삼양로28길
강북구,삼양로28길
강북구,삼양로29길
강북구,삼양로29길
강북구,삼양로30길
강북구,삼양로30길
강북구,삼양로32가길
강북구,삼양로32가길
강북구,삼양로32나길
강북구,삼양로32나길
강북구,삼양로35가길
강북구,삼양로35가길
강북구,삼양로35길
강북구,삼양로35길
강북구,삼양로37길
강북구,삼양로37길
강북구,삼양로38가길
강북구,삼양로38가길
강북구,삼양로38길
강북구,삼양로38길
강북구,삼양로38나길
강북구,삼양로38나길
강북구,삼양로38다길
강북구,삼양로38다길
강북구,삼양로38라길
강북구,삼양로38라길
강북구,삼양로39길
강북구,삼양로39길
강북구,삼양로40길
강북구,삼양로40길
강북구,삼양로41가길
강북구,삼양로41가길
강북구,삼양로41길
강북구,삼양로41길
강북구,삼양로42길
강북구,삼양로42길
강북구,삼양로43길
강북구,삼양로43길
강북구,삼양로44길
강북구,삼양로44길
강북구,삼양로45길
강북구,삼양로45길
강북구,삼양로46가길
강북구,삼양로46가길
강북구,삼양로46길
강북구,삼양로46길
강북구,삼양로47길
강북구,삼양로47길
강북구,삼양로49길
강북구,삼양로49길
강북구,삼양로51길
강북구,삼양로51길
강북구,삼양로53길
강북구,삼양로53길
강북구,삼양로54가길
강북구,삼양로54가길
강북구,삼양로54길
강북구,삼양로54길
강북구,삼양로54나길
강북구,삼양로54나길
강북구,삼양로54다길
강북구,삼양로54다길
강북구,삼양로54라길
강북구,삼양로54라길
강북구,삼양로54마길
강북구,삼양로54마길
강북구,삼양로55길
강북구,삼양로55길
강북구,삼양로57가길
강북구,삼양로57가길
강북구,삼양로57길
강북구,삼양로57길
강북구,삼양로58가길
강북구,삼양로58가길
강북구,삼양로58길
강북구,삼양로58길
강북구,삼양로58나길
강북구,삼양로58나길
강북구,삼양로59가길
강북구,삼양로59가길
강북구,삼양로59길
강북구,삼양로59길
강북구,삼양로60가길
강북구,삼양로60가길
강북구,삼양로60길
강북구,삼양로60길
강북구,삼양로62길
강북구,삼양로62길
강북구,삼양로63가길
강북구,삼양로63가길
강북구,삼양로63길
강북구,삼양로63길
강북구,삼양로64가길
강북구,삼양로64가길
강북구,삼양로64길
강북구,삼양로64길
강북구,삼양로65길
강북구,삼양로65길
강북구,삼양로67길
강북구,삼양로67길
강북구,삼양로68가길
강북구,삼양로68가길
강북구,삼양로68길
강북구,삼양로68길
강북구,삼양로69가길
강북구,삼양로69가길
강북구,삼양로69길
강북구,삼양로69길
강북구,삼양로69길
강북구,삼양로71길
강북구,삼양로71길
강북구,삼양로71길
강북구,삼양로73가길
강북구,삼양로73가길
강북구,삼양로73길
강북구,삼양로73길
강북구,삼양로73길
강북구,삼양로73나길
강북구,삼양로73나길
강북구,삼양로73다길
강북구,삼양로73다길
강북구,삼양로74가길
강북구,삼양로74가길
강북구,삼양로74길
강북구,삼양로74길
강북구,삼양로74길
강북구,삼양로74나길
강북구,삼양로74나길
강북구,삼양로74다길
강북구,삼양로74다길
강북구,삼양로76길
강북구,삼양로76길
강북구,삼양로77가길
강북구,삼양로77가길
강북구,삼양로77길
강북구,삼양로77길
강북구,삼양로79길
강북구,삼양로79길
강북구,삼양로80가길
강북구,삼양로80가길
강북구,삼양로80길
강북구,삼양로80길
강북구,삼양로80나길
강북구,삼양로80나길
강북구,삼양로81길
강북구,삼양로81길
강북구,삼양로83길
강북구,삼양로83길
강북구,삼양로85길
강북구,삼양로85길
강북구,삼양로87가길
강북구,삼양로87가길
강북구,삼양로87길
강북구,삼양로87길
강북구,삼양로88가길
강북구,삼양로88가길
강북구,삼양로88길
강북구,삼양로88길
강북구,삼양로89길
강북구,삼양로89길
강북구,삼양로90길
강북구,삼양로90길
강북구,삼양로91가길
강북구,삼양로91가길
강북구,삼양로91길
강북구,삼양로91길
강북구,삼양로92길
강북구,삼양로92길
강북구,삼양로93길
강북구,삼양로93길
강북구,삼양로95길
강북구,삼양로95길
강북구,삼양로96길
강북구,삼양로96길
강북구,삼양로97길
강북구,삼양로97길
강북구,삼양로98가길
강북구,삼양로98가길
강북구,삼양로98길
강북구,삼양로98길
강북구,삼양로99길
강북구,삼양로99길
강북구,솔매로10길
강북구,솔매로10길
강북구,솔매로17가길
강북구,솔매로17가길
강북구,솔매로17길
강북구,솔매로17길
강북구,솔매로22가길
강북구,솔매로22가길
강북구,솔매로22길
강북구,솔매로22길
강북구,솔매로28길
강북구,솔매로28길
강북구,솔매로30길
강북구,솔매로30길
강북구,솔매로31가길
강북구,솔매로31가길
강북구,솔매로31길
강북구,솔매로31길
강북구,솔매로33길
강북구,솔매로33길
강북구,솔매로35길
강북구,솔매로35길
강북구,솔매로36길
강북구,솔매로36길
강북구,솔매로37길
강북구,솔매로37길
강북구,솔매로39길
강북구,솔매로39길
강북구,솔매로40길
강북구,솔매로40길
강북구,솔매로41길
강북구,솔매로41길
강북구,솔매로43길
강북구,솔매로43길
강북구,솔매로44길
강북구,솔매로44길
강북구,솔매로45길
강북구,솔매로45길
강북구,솔매로45길
강북구,솔매로46길
강북구,솔매로46길
강북구,솔매로49길
강북구,솔매로49길
강북구,솔매로50가길
강북구,솔매로50가길
강북구,솔매로50길
강북구,솔매로50길
강북구,솔매로51길
강북구,솔매로51길
강북구,솔매로52길
강북구,솔매로52길
강북구,솔매로54길
강북구,솔매로54길
강북구,솔매로6길
강북구,솔매로6길
강북구,솔매로7가길
강북구,솔매로7가길
강북구,솔매로7길
강북구,솔매로7길
강북구,솔매로7나길
강북구,솔매로7나길
강북구,솔매로7다길
강북구,솔매로7다길
강북구,솔매로9길
강북구,솔매로9길
강북구,솔샘로31길
강북구,솔샘로31길
강북구,솔샘로35가길
강북구,솔샘로35가길
강북구,솔샘로35길
강북구,솔샘로35길
강북구,솔샘로40길
강북구,솔샘로40길
강북구,솔샘로43길
강북구,솔샘로43길
강북구,솔샘로47가길
강북구,솔샘로47가길
강북구,솔샘로47길
강북구,솔샘로47길
강북구,솔샘로47나길
강북구,솔샘로47나길
강북구,솔샘로48길
강북구,솔샘로48길
강북구,솔샘로50길
강북구,솔샘로50길
강북구,솔샘로53길
강북구,솔샘로53길
강북구,솔샘로58길
강북구,솔샘로58길
강북구,솔샘로59가길
강북구,솔샘로59가길
강북구,솔샘로59길
강북구,솔샘로59길
강북구,솔샘로60가길
강북구,솔샘로60가길
강북구,솔샘로60길
강북구,솔샘로60길
강북구,솔샘로60나길
강북구,솔샘로60나길
강북구,솔샘로64가길
강북구,솔샘로64가길
강북구,솔샘로64길
강북구,솔샘로64길
강북구,솔샘로64나길
강북구,솔샘로64나길
강북구,솔샘로64다길
강북구,솔샘로64다길
강북구,솔샘로65길
강북구,솔샘로65길
강북구,솔샘로67길
강북구,솔샘로67길
강북구,솔샘로68길
강북구,솔샘로68길
강북구,수유로12가길
강북구,수유로12가길
강북구,수유로12길
강북구,수유로12길
강북구,수유로13길
강북구,수유로13길
강북구,수유로17가길
강북구,수유로17가길
강북구,수유로17길
강북구,수유로17길
강북구,수유로17나길
강북구,수유로17나길
강북구,수유로21길
강북구,수유로21길
강북구,수유로23가길
강북구,수유로23가길
강북구,수유로23길
강북구,수유로23길
강북구,수유로4길
강북구,수유로4길
강북구,수유로5길
강북구,수유로5길
강북구,수유로8길
강북구,수유로8길
강북구,숭인로13길
강북구,숭인로13길
강북구,숭인로3길
강북구,숭인로3길
강북구,숭인로5길
강북구,숭인로5길
강북구,숭인로7가길
강북구,숭인로7가길
강북구,숭인로7길
강북구,숭인로7길
강북구,숭인로7나길
강북구,숭인로7나길
강북구,오패산로28길
강북구,오패산로28길
강북구,오패산로30가길
강북구,오패산로30가길
강북구,오패산로30길
강북구,오패산로30길
강북구,오패산로31길
강북구,오패산로31길
강북구,오패산로32길
강북구,오패산로32길
강북구,오패산로35길
강북구,오패산로35길
강북구,오패산로37길
강북구,오패산로37길
강북구,오패산로38길
강북구,오패산로38길
강북구,오패산로46길
강북구,오패산로46길
강북구,오패산로48길
강북구,오패산로48길
강북구,오패산로52가길
강북구,오패산로52가길
강북구,오패산로52길
강북구,오패산로52길
강북구,오패산로52나길
강북구,오패산로52나길
강북구,오패산로52다길
강북구,오패산로52다길
강북구,오패산로52라길
강북구,오패산로52라길
강북구,오패산로52마길
강북구,오패산로52마길
강북구,오패산로52바길
강북구,오패산로52바길
강북구,오패산로52사길
강북구,오패산로52사길
강북구,오패산로52아길
강북구,오패산로52아길
강북구,오패산로52자길
강북구,오패산로52자길
강북구,오패산로58길
강북구,오패산로58길
강북구,오패산로60길
강북구,오패산로60길
강북구,오패산로67길
강북구,오패산로67길
강북구,오패산로70길
강북구,오패산로70길
강북구,오패산로72길
강북구,오패산로72길
강북구,오패산로73길
강북구,오패산로73길
강북구,오패산로74길
강북구,오패산로74길
강북구,오패산로77가길
강북구,오패산로77가길
강북구,오패산로77길
강북구,오패산로77길
강북구,오패산로78길
강북구,오패산로78길
강북구,오패산로79길
강북구,오패산로79길
강북구,오현로10길
강북구,오현로10길
강북구,오현로20길
강북구,오현로20길
강북구,오현로21길
강북구,오현로21길
강북구,오현로25가길
강북구,오현로25가길
강북구,오현로25길
강북구,오현로25길
강북구,오현로25나길
강북구,오현로25나길
강북구,오현로25다길
강북구,오현로25다길
강북구,오현로25라길
강북구,오현로25라길
강북구,오현로25마길
강북구,오현로25마길
강북구,오현로28길
강북구,오현로28길
강북구,오현로31길
강북구,오현로31길
강북구,오현로32길
강북구,오현로32길
강북구,오현로34길
강북구,오현로34길
강북구,오현로35길
강북구,오현로35길
강북구,오현로4길
강북구,오현로4길
강북구,오현로6길
강북구,오현로6길
강북구,오현로7길
강북구,오현로7길
강북구,오현로8길
강북구,오현로8길
강북구,오현로9길
강북구,오현로9길
강북구,월계로13길
강북구,월계로13길
강북구,월계로21가길
강북구,월계로21가길
강북구,월계로21길
강북구,월계로21길
강북구,월계로21나길
강북구,월계로21나길
강북구,월계로21다길
강북구,월계로21다길
강북구,월계로37길
강북구,월계로37길
강북구,월계로3가길
강북구,월계로3가길
강북구,월계로3길
강북구,월계로3길
강북구,월계로5길
강북구,월계로5길
강북구,월계로7가길
강북구,월계로7가길
강북구,월계로7길
강북구,월계로7길
강북구,월계로7나길
강북구,월계로7나길
강북구,인수봉로12가길
강북구,인수봉로12가길
강북구,인수봉로12길
강북구,인수봉로12길
강북구,인수봉로12나길
강북구,인수봉로12나길
강북구,인수봉로14길
강북구,인수봉로14길
강북구,인수봉로15길
강북구,인수봉로15길
강북구,인수봉로17길
강북구,인수봉로17길
강북구,인수봉로19가길
강북구,인수봉로19가길
강북구,인수봉로19가길
강북구,인수봉로19길
강북구,인수봉로19길
강북구,인수봉로19길
강북구,인수봉로19나길
강북구,인수봉로19나길
강북구,인수봉로20가길
강북구,인수봉로20가길
강북구,인수봉로20가길
강북구,인수봉로20길
강북구,인수봉로20길
강북구,인수봉로20길
강북구,인수봉로20나길
강북구,인수봉로20나길
강북구,인수봉로20나길
강북구,인수봉로23가길
강북구,인수봉로23가길
강북구,인수봉로23길
강북구,인수봉로23길
강북구,인수봉로27길
강북구,인수봉로27길
강북구,인수봉로28가길
강북구,인수봉로28가길
강북구,인수봉로28길
강북구,인수봉로28길
강북구,인수봉로28나길
강북구,인수봉로28나길
강북구,인수봉로29길
강북구,인수봉로29길
강북구,인수봉로30길
강북구,인수봉로30길
강북구,인수봉로31길
강북구,인수봉로31길
강북구,인수봉로32길
강북구,인수봉로32길
강북구,인수봉로34길
강북구,인수봉로34길
강북구,인수봉로37길
강북구,인수봉로37길
강북구,인수봉로38가길
강북구,인수봉로38가길
강북구,인수봉로38길
강북구,인수봉로38길
강북구,인수봉로40길
강북구,인수봉로40길
강북구,인수봉로41길
강북구,인수봉로41길
강북구,인수봉로42길
강북구,인수봉로42길
강북구,인수봉로44길
강북구,인수봉로44길
강북구,인수봉로48길
강북구,인수봉로48길
강북구,인수봉로50길
강북구,인수봉로50길
강북구,인수봉로51길
강북구,인수봉로51길
강북구,인수봉로52가길
강북구,인수봉로52가길
강북구,인수봉로52길
강북구,인수봉로52길
강북구,인수봉로55가길
강북구,인수봉로55가길
강북구,인수봉로55길
강북구,인수봉로55길
강북구,인수봉로55나길
강북구,인수봉로55나길
강북구,인수봉로55다길
강북구,인수봉로55다길
강북구,인수봉로56길
강북구,인수봉로56길
강북구,인수봉로57길
강북구,인수봉로57길
강북구,인수봉로58길
강북구,인수봉로58길
강북구,인수봉로60가길
강북구,인수봉로60가길
강북구,인수봉로60길
강북구,인수봉로60길
강북구,인수봉로61길
강북구,인수봉로61길
강북구,인수봉로62가길
강북구,인수봉로62가길
강북구,인수봉로62길
강북구,인수봉로62길
강북구,인수봉로62나길
강북구,인수봉로62나길
강북구,인수봉로64길
강북구,인수봉로64길
강북구,인수봉로66길
강북구,인수봉로66길
강북구,인수봉로67길
강북구,인수봉로67길
강북구,인수봉로68길
강북구,인수봉로68길
강북구,인수봉로6가길
강북구,인수봉로6가길
강북구,인수봉로6길
강북구,인수봉로6길
강북구,인수봉로6나길
강북구,인수봉로6나길
강북구,인수봉로70길
강북구,인수봉로70길
강북구,인수봉로72가길
강북구,인수봉로72가길
강북구,인수봉로72길
강북구,인수봉로72길
강북구,인수봉로73가길
강북구,인수봉로73가길
강북구,인수봉로73길
강북구,인수봉로73길
강북구,인수봉로73나길
강북구,인수봉로73나길
강북구,인수봉로75길
강북구,인수봉로75길
강북구,인수봉로76길
강북구,인수봉로76길
강북구,인수봉로77길
강북구,인수봉로77길
강북구,인수봉로78길
강북구,인수봉로78길
강북구,인수봉로79가길
강북구,인수봉로79가길
강북구,인수봉로79길
강북구,인수봉로79길
강북구,인수봉로79나길
강북구,인수봉로79나길
강북구,인수봉로79다길
강북구,인수봉로79다길
강북구,인수봉로80길
강북구,인수봉로80길
강북구,인수봉로81길
강북구,인수봉로81길
강북구,인수봉로82길
강북구,인수봉로82길
강북구,인수봉로84길
강북구,인수봉로84길
강북구,인수봉로85길
강북구,인수봉로85길
강북구,인수봉로8길
강북구,인수봉로8길
강북구,한천로105길
강북구,한천로105길
강북구,한천로109가길
강북구,한천로109가길
강북구,한천로109길
강북구,한천로109길
강북구,한천로115길
강북구,한천로115길
강북구,한천로118길
강북구,한천로118길
강북구,한천로120길
강북구,한천로120길
강북구,한천로122길
강북구,한천로122길
강북구,한천로123가길
강북구,한천로123가길
강북구,한천로123길
강북구,한천로123길
강북구,한천로124가길
강북구,한천로124가길
강북구,한천로124길
강북구,한천로124길
강북구,한천로124나길
강북구,한천로124나길
강북구,한천로124다길
강북구,한천로124다길
강북구,한천로129길
강북구,한천로129길
강북구,한천로130가길
강북구,한천로130가길
강북구,한천로130길
강북구,한천로130길
강북구,한천로130나길
강북구,한천로130나길
강북구,한천로131길
강북구,한천로131길
강북구,한천로132길
강북구,한천로132길
강북구,한천로134길
강북구,한천로134길
강북구,한천로138길
강북구,한천로138길
강북구,한천로139가길
강북구,한천로139가길
강북구,한천로139길
강북구,한천로139길
강북구,한천로139나길
강북구,한천로139나길
강북구,한천로140가길
강북구,한천로140가길
강북구,한천로140길
강북구,한천로140길
강북구,한천로143길
강북구,한천로143길
강북구,한천로144길
강북구,한천로144길
강북구,한천로145길
강북구,한천로145길
강북구,한천로148길
강북구,한천로148길
강북구,한천로150길
강북구,한천로150길
강북구,한천로153길
강북구,한천로153길
강북구,한천로155길
강북구,한천로155길
강북구,한천로159길
강북구,한천로159길
강북구,한천로160길
강북구,한천로160길
강북구,한천로161길
강북구,한천로161길
강북구,한천로162길
강북구,한천로162길
강북구,한천로166길
강북구,한천로166길
강북구,한천로170가길
강북구,한천로170가길
강북구,한천로170길
강북구,한천로170길
강북구,한천로172가길
강북구,한천로172가길
강북구,한천로172길
강북구,한천로172길
강북구,도봉로66길
강북구,도봉로66길
강북구,삼양로32길
강북구,오현로36길
강북구,화계사길
강북구,화계사길
강북구,화계사1길
강북구,화계사1길
강북구,화계사1가길
강북구,화계사1가길
강북구,화계사1나길
강북구,화계사1나길
강북구,4.19로1길
강북구,4.19로1길
강북구,4.19로2길
강북구,4.19로2길
강북구,4.19로8길
강북구,4.19로8길
강북구,4.19로9길
강북구,4.19로9길
강북구,4.19로9가길
강북구,4.19로9가길
강북구,4.19로11길
강북구,4.19로11길
강북구,4.19로12길
강북구,4.19로12길
강북구,4.19로13길
강북구,4.19로13길
강북구,4.19로17길
강북구,4.19로17길
강북구,4.19로20길
강북구,4.19로20길
강북구,4.19로21길
강북구,4.19로21길
강북구,4.19로23길
강북구,4.19로23길
강북구,4.19로25길
강북구,4.19로25길
강북구,4.19로32길
강북구,4.19로32길
강북구,4.19로31길
강북구,4.19로31길
강북구,4.19로27길
강북구,4.19로27길
강북구,4.19로30길
강북구,4.19로30길
강북구,4.19로28길
강북구,4.19로28길
강북구,4.19로29길
강북구,4.19로29길
강북구,우이천서자전거길