﻿강서구,인천국제공항고속도로
강서구,수원문산고속도로
강서구,남부순환로
강서구,남부순환로
강서구,남부순환로
강서구,남부순환로
강서구,공항대로
강서구,공항대로
강서구,공항대로
강서구,공항대로
강서구,공항대로
강서구,공항대로
강서구,공항대로
강서구,공항대로
강서구,국회대로
강서구,국회대로
강서구,방화대로
강서구,방화대로
강서구,방화대로
강서구,방화대로
강서구,방화대로
강서구,올림픽대로
강서구,김포대로
강서구,김포대로
강서구,가로공원로
강서구,가로공원로
강서구,안양천로
강서구,개화동로
강서구,개화동로
강서구,개화동로
강서구,오정로
강서구,오정로
강서구,오정로
강서구,오정로
강서구,오정로
강서구,곰달래로
강서구,곰달래로
강서구,등촌로
강서구,등촌로
강서구,등촌로
강서구,월정로
강서구,월정로
강서구,화곡로
강서구,화곡로
강서구,화곡로
강서구,화곡로
강서구,강서로
강서구,강서로
강서구,강서로
강서구,강서로
강서구,강서로
강서구,강서로
강서구,금낭화로
강서구,금낭화로
강서구,까치산로
강서구,까치산로
강서구,발산로
강서구,발산로
강서구,방화동로
강서구,방화동로
강서구,방화동로
강서구,송정로
강서구,송정로
강서구,수명로
강서구,수명로
강서구,양천로
강서구,양천로
강서구,양천로
강서구,양천로
강서구,양천로
강서구,양천로
강서구,우장산로
강서구,우장산로
강서구,우장산로
강서구,우현로
강서구,우현로
강서구,초록마을로
강서구,초록마을로
강서구,초원로
강서구,초원로
강서구,허준로
강서구,허준로
강서구,벌말로
강서구,벌말로
강서구,마곡중앙로
강서구,마곡중앙로
강서구,마곡중앙로
강서구,마곡중앙로
강서구,마곡동로
강서구,마곡동로
강서구,마곡서로
강서구,마곡서로
강서구,마곡서1로
강서구,마곡서1로
강서구,마곡중앙1로
강서구,마곡중앙1로
강서구,마곡중앙3로
강서구,마곡중앙3로
강서구,마곡중앙5로
강서구,마곡중앙5로
강서구,마곡중앙2로
강서구,마곡중앙2로
강서구,마곡중앙4로
강서구,마곡중앙4로
강서구,마곡중앙6로
강서구,마곡중앙6로
강서구,마곡중앙8로
강서구,마곡중앙8로
강서구,마곡중앙10로
강서구,마곡중앙10로
강서구,마곡중앙12로
강서구,마곡중앙12로
강서구,마곡중앙14로
강서구,마곡중앙14로
강서구,마곡중앙5로1길
강서구,마곡중앙5로1길
강서구,마곡동로1길
강서구,대장로
강서구,대장로
강서구,금포로
강서구,가로공원로72길
강서구,가로공원로72길
강서구,가로공원로74길
강서구,가로공원로74길
강서구,가로공원로76가길
강서구,가로공원로76가길
강서구,가로공원로76길
강서구,가로공원로76길
강서구,가로공원로77길
강서구,가로공원로77길
강서구,가로공원로78가길
강서구,가로공원로78가길
강서구,가로공원로78길
강서구,가로공원로78길
강서구,가로공원로80가길
강서구,가로공원로80가길
강서구,가로공원로80길
강서구,가로공원로80길
강서구,가로공원로82길
강서구,가로공원로82길
강서구,가로공원로84길
강서구,가로공원로84길
강서구,가로공원로86길
강서구,가로공원로86길
강서구,가로공원로88길
강서구,가로공원로88길
강서구,가로공원로89길
강서구,가로공원로89길
강서구,강서로10길
강서구,강서로10길
강서구,강서로12길
강서구,강서로12길
강서구,강서로13길
강서구,강서로13길
강서구,강서로15길
강서구,강서로15길
강서구,강서로16길
강서구,강서로16길
강서구,강서로17가길
강서구,강서로17가길
강서구,강서로17길
강서구,강서로17길
강서구,강서로17나길
강서구,강서로17나길
강서구,강서로17다길
강서구,강서로17다길
강서구,강서로17라길
강서구,강서로17라길
강서구,강서로18가길
강서구,강서로18가길
강서구,강서로18길
강서구,강서로18길
강서구,강서로18나길
강서구,강서로18나길
강서구,강서로18다길
강서구,강서로18다길
강서구,강서로18라길
강서구,강서로18라길
강서구,강서로18마길
강서구,강서로18마길
강서구,강서로18바길
강서구,강서로18바길
강서구,강서로18아길
강서구,강서로18아길
강서구,강서로19길
강서구,강서로19길
강서구,강서로20길
강서구,강서로20길
강서구,강서로23길
강서구,강서로23길
강서구,강서로24길
강서구,강서로24길
강서구,강서로26길
강서구,강서로26길
강서구,강서로27길
강서구,강서로27길
강서구,강서로29길
강서구,강서로29길
강서구,강서로31길
강서구,강서로31길
강서구,강서로33가길
강서구,강서로33가길
강서구,강서로33길
강서구,강서로33길
강서구,강서로34길
강서구,강서로34길
강서구,강서로35길
강서구,강서로35길
강서구,강서로36길
강서구,강서로36길
강서구,강서로37길
강서구,강서로37길
강서구,강서로39길
강서구,강서로39길
강서구,강서로41길
강서구,강서로41길
강서구,강서로43길
강서구,강서로43길
강서구,강서로45가길
강서구,강서로45가길
강서구,강서로45길
강서구,강서로45길
강서구,강서로45길
강서구,강서로45나길
강서구,강서로45나길
강서구,강서로45다길
강서구,강서로45다길
강서구,강서로45라길
강서구,강서로45라길
강서구,강서로46길
강서구,강서로46길
강서구,강서로47가길
강서구,강서로47가길
강서구,강서로47길
강서구,강서로47길
강서구,강서로47나길
강서구,강서로47나길
강서구,강서로47다길
강서구,강서로47다길
강서구,강서로47라길
강서구,강서로47라길
강서구,강서로47마길
강서구,강서로47마길
강서구,강서로47바길
강서구,강서로47바길
강서구,강서로48길
강서구,강서로48길
강서구,강서로50길
강서구,강서로50길
강서구,강서로52길
강서구,강서로52길
강서구,강서로54길
강서구,강서로54길
강서구,강서로56가길
강서구,강서로56가길
강서구,강서로56가길
강서구,강서로56길
강서구,강서로56길
강서구,강서로56나길
강서구,강서로56나길
강서구,강서로5가길
강서구,강서로5가길
강서구,강서로5길
강서구,강서로5길
강서구,강서로5나길
강서구,강서로5나길
강서구,강서로5다길
강서구,강서로5다길
강서구,강서로5라길
강서구,강서로5라길
강서구,강서로62길
강서구,강서로62길
강서구,강서로68길
강서구,강서로68길
강서구,강서로68길
강서구,강서로74길
강서구,강서로74길
강서구,강서로76길
강서구,강서로76길
강서구,강서로7길
강서구,강서로7길
강서구,강서로8길
강서구,강서로8길
강서구,개화10가길
강서구,개화10가길
강서구,개화10길
강서구,개화10길
강서구,개화12길
강서구,개화12길
강서구,개화2길
강서구,개화2길
강서구,개화3길
강서구,개화3길
강서구,개화4길
강서구,개화4길
강서구,개화6길
강서구,개화6길
강서구,개화길
강서구,개화길
강서구,개화동로11길
강서구,개화동로11길
강서구,개화동로13길
강서구,개화동로13길
강서구,개화동로15길
강서구,개화동로15길
강서구,개화동로17길
강서구,개화동로17길
강서구,개화동로19길
강서구,개화동로19길
강서구,개화동로19길
강서구,개화동로21길
강서구,개화동로21길
강서구,개화동로23길
강서구,개화동로23길
강서구,개화동로25길
강서구,개화동로25길
강서구,개화동로27가길
강서구,개화동로27가길
강서구,개화동로27길
강서구,개화동로27길
강서구,개화동로27나길
강서구,개화동로27나길
강서구,개화동로29길
강서구,개화동로29길
강서구,개화동로2길
강서구,개화동로2길
강서구,개화동로2길
강서구,개화동로31길
강서구,개화동로31길
강서구,개화동로5길
강서구,개화동로5길
강서구,개화동로7길
강서구,개화동로7길
강서구,개화동로8길
강서구,개화동로8길
강서구,개화동로9길
강서구,개화동로9길
강서구,곰달래로15가길
강서구,곰달래로15가길
강서구,곰달래로15길
강서구,곰달래로15길
강서구,곰달래로16길
강서구,곰달래로16길
강서구,곰달래로17길
강서구,곰달래로17길
강서구,곰달래로18길
강서구,곰달래로18길
강서구,곰달래로19가길
강서구,곰달래로19가길
강서구,곰달래로19길
강서구,곰달래로19길
강서구,곰달래로19나길
강서구,곰달래로19나길
강서구,곰달래로20길
강서구,곰달래로20길
강서구,곰달래로21길
강서구,곰달래로21길
강서구,곰달래로22길
강서구,곰달래로22길
강서구,곰달래로23길
강서구,곰달래로23길
강서구,곰달래로24길
강서구,곰달래로24길
강서구,곰달래로25길
강서구,곰달래로25길
강서구,곰달래로26길
강서구,곰달래로26길
강서구,곰달래로27길
강서구,곰달래로27길
강서구,곰달래로28길
강서구,곰달래로28길
강서구,곰달래로29길
강서구,곰달래로29길
강서구,곰달래로30길
강서구,곰달래로30길
강서구,곰달래로31가길
강서구,곰달래로31가길
강서구,곰달래로31길
강서구,곰달래로31길
강서구,곰달래로31나길
강서구,곰달래로31나길
강서구,곰달래로31다길
강서구,곰달래로31다길
강서구,곰달래로31라길
강서구,곰달래로31라길
강서구,곰달래로31마길
강서구,곰달래로31마길
강서구,곰달래로32길
강서구,곰달래로32길
강서구,곰달래로33가길
강서구,곰달래로33가길
강서구,곰달래로33길
강서구,곰달래로33길
강서구,곰달래로35길
강서구,곰달래로35길
강서구,곰달래로36길
강서구,곰달래로36길
강서구,곰달래로37길
강서구,곰달래로37길
강서구,곰달래로38길
강서구,곰달래로38길
강서구,곰달래로39길
강서구,곰달래로39길
강서구,곰달래로41길
강서구,곰달래로41길
강서구,곰달래로43길
강서구,곰달래로43길
강서구,곰달래로44길
강서구,곰달래로44길
강서구,곰달래로45길
강서구,곰달래로45길
강서구,곰달래로47길
강서구,곰달래로47길
강서구,곰달래로49가길
강서구,곰달래로49가길
강서구,곰달래로49길
강서구,곰달래로49길
강서구,곰달래로50길
강서구,곰달래로50길
강서구,곰달래로51길
강서구,곰달래로51길
강서구,곰달래로52길
강서구,곰달래로52길
강서구,곰달래로53가길
강서구,곰달래로53가길
강서구,곰달래로53길
강서구,곰달래로53길
강서구,곰달래로53나길
강서구,곰달래로53나길
강서구,곰달래로54길
강서구,곰달래로54길
강서구,곰달래로55길
강서구,곰달래로55길
강서구,곰달래로56길
강서구,곰달래로56길
강서구,곰달래로57가길
강서구,곰달래로57가길
강서구,곰달래로57길
강서구,곰달래로57길
강서구,곰달래로58길
강서구,곰달래로58길
강서구,곰달래로59길
강서구,곰달래로59길
강서구,곰달래로60가길
강서구,곰달래로60가길
강서구,곰달래로60길
강서구,곰달래로60길
강서구,공항대로10가길
강서구,공항대로10가길
강서구,공항대로10길
강서구,공항대로10길
강서구,공항대로11길
강서구,공항대로11길
강서구,공항대로13길
강서구,공항대로13길
강서구,공항대로15가길
강서구,공항대로15가길
강서구,공항대로15길
강서구,공항대로15길
강서구,공항대로2가길
강서구,공항대로2가길
강서구,공항대로2길
강서구,공항대로2길
강서구,공항대로36가길
강서구,공항대로36가길
강서구,공항대로36길
강서구,공항대로36길
강서구,공항대로36길
강서구,공항대로38길
강서구,공항대로38길
강서구,공항대로39길
강서구,공항대로39길
강서구,공항대로3가길
강서구,공항대로3가길
강서구,공항대로3길
강서구,공항대로3길
강서구,공항대로3나길
강서구,공항대로3나길
강서구,공항대로41길
강서구,공항대로41길
강서구,공항대로42길
강서구,공항대로42길
강서구,공항대로43길
강서구,공항대로43길
강서구,공항대로44길
강서구,공항대로44길
강서구,공항대로45가길
강서구,공항대로45가길
강서구,공항대로45길
강서구,공항대로45길
강서구,공항대로45나길
강서구,공항대로45나길
강서구,공항대로46길
강서구,공항대로46길
강서구,공항대로48길
강서구,공항대로48길
강서구,공항대로49길
강서구,공항대로49길
강서구,공항대로4가길
강서구,공항대로4가길
강서구,공항대로4길
강서구,공항대로4길
강서구,공항대로51길
강서구,공항대로51길
강서구,공항대로53가길
강서구,공항대로53가길
강서구,공항대로53길
강서구,공항대로53길
강서구,공항대로53나길
강서구,공항대로53나길
강서구,공항대로55길
강서구,공항대로55길
강서구,공항대로57길
강서구,공항대로57길
강서구,공항대로58가길
강서구,공항대로58가길
강서구,공항대로58길
강서구,공항대로58길
강서구,공항대로58나길
강서구,공항대로58나길
강서구,공항대로58다길
강서구,공항대로58다길
강서구,공항대로59가길
강서구,공항대로59가길
강서구,공항대로59길
강서구,공항대로59길
강서구,공항대로59나길
강서구,공항대로59나길
강서구,공항대로59다길
강서구,공항대로59다길
강서구,공항대로59다길
강서구,공항대로5길
강서구,공항대로5길
강서구,공항대로61길
강서구,공항대로61길
강서구,공항대로61길
강서구,공항대로63길
강서구,공항대로63길
강서구,공항대로65가길
강서구,공항대로65가길
강서구,공항대로65길
강서구,공항대로65길
강서구,공항대로67길
강서구,공항대로67길
강서구,공항대로69길
강서구,공항대로69길
강서구,공항대로71길
강서구,공항대로71길
강서구,공항대로75길
강서구,공항대로75길
강서구,공항대로7가길
강서구,공항대로7가길
강서구,공항대로7길
강서구,공항대로7길
강서구,공항대로7나길
강서구,공항대로7나길
강서구,공항대로7다길
강서구,공항대로7다길
강서구,공항대로7라길
강서구,공항대로7라길
강서구,공항대로7마길
강서구,공항대로7마길
강서구,공항대로81길
강서구,공항대로81길
강서구,공항대로8가길
강서구,공항대로8가길
강서구,공항대로8길
강서구,공항대로8길
강서구,국회대로7길
강서구,국회대로7길
강서구,금낭화로11길
강서구,금낭화로11길
강서구,금낭화로13길
강서구,금낭화로13길
강서구,금낭화로15길
강서구,금낭화로15길
강서구,금낭화로16길
강서구,금낭화로16길
강서구,금낭화로17길
강서구,금낭화로17길
강서구,금낭화로17길
강서구,금낭화로18길
강서구,금낭화로18길
강서구,금낭화로19길
강서구,금낭화로19길
강서구,금낭화로1길
강서구,금낭화로1길
강서구,금낭화로23길
강서구,금낭화로23길
강서구,금낭화로24가길
강서구,금낭화로24가길
강서구,금낭화로24길
강서구,금낭화로24길
강서구,금낭화로24나길
강서구,금낭화로24나길
강서구,금낭화로26가길
강서구,금낭화로26가길
강서구,금낭화로26가길
강서구,금낭화로26길
강서구,금낭화로26길
강서구,금낭화로3길
강서구,금낭화로3길
강서구,금낭화로5길
강서구,금낭화로5길
강서구,금낭화로6가길
강서구,금낭화로6가길
강서구,금낭화로6길
강서구,금낭화로6길
강서구,금낭화로7길
강서구,금낭화로7길
강서구,금낭화로9길
강서구,금낭화로9길
강서구,까치산로10길
강서구,까치산로10길
강서구,까치산로11길
강서구,까치산로11길
강서구,까치산로12길
강서구,까치산로12길
강서구,까치산로14가길
강서구,까치산로14가길
강서구,까치산로14길
강서구,까치산로14길
강서구,까치산로15길
강서구,까치산로15길
강서구,까치산로16길
강서구,까치산로16길
강서구,까치산로17길
강서구,까치산로17길
강서구,까치산로18가길
강서구,까치산로18가길
강서구,까치산로18길
강서구,까치산로18길
강서구,까치산로18나길
강서구,까치산로18나길
강서구,까치산로18다길
강서구,까치산로18다길
강서구,까치산로18라길
강서구,까치산로18라길
강서구,까치산로20가길
강서구,까치산로20가길
강서구,까치산로20길
강서구,까치산로20길
강서구,까치산로22길
강서구,까치산로22길
강서구,까치산로24가길
강서구,까치산로24가길
강서구,까치산로24길
강서구,까치산로24길
강서구,까치산로26길
강서구,까치산로26길
강서구,까치산로27길
강서구,까치산로27길
강서구,까치산로28길
강서구,까치산로28길
강서구,까치산로2길
강서구,까치산로2길
강서구,까치산로4가길
강서구,까치산로4가길
강서구,까치산로4길
강서구,까치산로4길
강서구,까치산로4나길
강서구,까치산로4나길
강서구,까치산로4다길
강서구,까치산로4다길
강서구,까치산로4라길
강서구,까치산로4라길
강서구,까치산로6길
강서구,까치산로6길
강서구,까치산로8길
강서구,까치산로8길
강서구,남부순환로11가길
강서구,남부순환로11가길
강서구,남부순환로11길
강서구,남부순환로11길
강서구,남부순환로17길
강서구,남부순환로17길
강서구,남부순환로17길
강서구,남부순환로19길
강서구,남부순환로19길
강서구,남부순환로3길
강서구,남부순환로3길
강서구,남부순환로5길
강서구,남부순환로5길
강서구,남부순환로7길
강서구,남부순환로7길
강서구,남부순환로9길
강서구,남부순환로9길
강서구,등촌로13가길
강서구,등촌로13가길
강서구,등촌로13길
강서구,등촌로13길
강서구,등촌로13길
강서구,등촌로13나길
강서구,등촌로13나길
강서구,등촌로13나길
강서구,등촌로13다길
강서구,등촌로13다길
강서구,등촌로13라길
강서구,등촌로13라길
강서구,등촌로13마길
강서구,등촌로13마길
강서구,등촌로13마길
강서구,등촌로13바길
강서구,등촌로13바길
강서구,등촌로13아길
강서구,등촌로13아길
강서구,등촌로13자길
강서구,등촌로13자길
강서구,등촌로35가길
강서구,등촌로35가길
강서구,등촌로35길
강서구,등촌로35길
강서구,등촌로39가길
강서구,등촌로39가길
강서구,등촌로39길
강서구,등촌로39길
강서구,등촌로39나길
강서구,등촌로39나길
강서구,등촌로39다길
강서구,등촌로39다길
강서구,등촌로39라길
강서구,등촌로39라길
강서구,등촌로39마길
강서구,등촌로39마길
강서구,등촌로39바길
강서구,등촌로39바길
강서구,등촌로3가길
강서구,등촌로3가길
강서구,등촌로3길
강서구,등촌로3길
강서구,등촌로3나길
강서구,등촌로3나길
강서구,등촌로47길
강서구,등촌로47길
강서구,등촌로51가길
강서구,등촌로51가길
강서구,등촌로51길
강서구,등촌로51길
강서구,등촌로51길
강서구,등촌로51나길
강서구,등촌로51나길
강서구,등촌로51다길
강서구,등촌로51다길
강서구,등촌로51라길
강서구,등촌로51라길
강서구,등촌로51마길
강서구,등촌로51마길
강서구,등촌로53길
강서구,등촌로53길
강서구,등촌로55길
강서구,등촌로55길
강서구,등촌로57길
강서구,등촌로57길
강서구,등촌로5가길
강서구,등촌로5가길
강서구,등촌로5길
강서구,등촌로5길
강서구,방화대로19길
강서구,방화대로19길
강서구,방화대로21가길
강서구,방화대로21가길
강서구,방화대로21길
강서구,방화대로21길
강서구,방화대로21길
강서구,방화대로21나길
강서구,방화대로21나길
강서구,방화대로21다길
강서구,방화대로21다길
강서구,방화대로23길
강서구,방화대로23길
강서구,방화대로23길
강서구,방화대로25길
강서구,방화대로25길
강서구,방화대로27길
강서구,방화대로27길
강서구,방화대로29길
강서구,방화대로29길
강서구,방화대로31길
강서구,방화대로31길
강서구,방화대로33길
강서구,방화대로33길
강서구,방화대로34길
강서구,방화대로34길
강서구,방화대로34길
강서구,방화대로35길
강서구,방화대로35길
강서구,방화대로37길
강서구,방화대로37길
강서구,방화대로40길
강서구,방화대로40길
강서구,방화대로41길
강서구,방화대로41길
강서구,방화대로42길
강서구,방화대로42길
강서구,방화대로44길
강서구,방화대로44길
강서구,방화대로45길
강서구,방화대로45길
강서구,방화대로47가길
강서구,방화대로47가길
강서구,방화대로47길
강서구,방화대로47길
강서구,방화대로48길
강서구,방화대로48길
강서구,방화대로49길
강서구,방화대로49길
강서구,방화대로50길
강서구,방화대로50길
강서구,방화대로52가길
강서구,방화대로52가길
강서구,방화대로52길
강서구,방화대로52길
강서구,방화대로5가길
강서구,방화대로5가길
강서구,방화대로5길
강서구,방화대로5길
강서구,방화대로5나길
강서구,방화대로5나길
강서구,방화대로5다길
강서구,방화대로5다길
강서구,방화대로5라길
강서구,방화대로5라길
강서구,방화대로6가길
강서구,방화대로6가길
강서구,방화대로6길
강서구,방화대로6길
강서구,방화대로6나길
강서구,방화대로6나길
강서구,방화대로6다길
강서구,방화대로6다길
강서구,방화대로6라길
강서구,방화대로6라길
강서구,방화대로6마길
강서구,방화대로6마길
강서구,방화대로6바길
강서구,방화대로6바길
강서구,방화대로7가길
강서구,방화대로7가길
강서구,방화대로7길
강서구,방화대로7길
강서구,방화대로7나길
강서구,방화대로7나길
강서구,방화대로7다길
강서구,방화대로7다길
강서구,방화대로8길
강서구,방화대로8길
강서구,방화동로10길
강서구,방화동로10길
강서구,방화동로12가길
강서구,방화동로12가길
강서구,방화동로12길
강서구,방화동로12길
강서구,방화동로12나길
강서구,방화동로12나길
강서구,방화동로14길
강서구,방화동로14길
강서구,방화동로16길
강서구,방화동로16길
강서구,방화동로18길
강서구,방화동로18길
강서구,방화동로1길
강서구,방화동로1길
강서구,방화동로3가길
강서구,방화동로3가길
강서구,방화동로3길
강서구,방화동로3길
강서구,방화동로5가길
강서구,방화동로5가길
강서구,방화동로5길
강서구,방화동로5길
강서구,방화동로7길
강서구,방화동로7길
강서구,송정로1길
강서구,송정로1길
강서구,송정로3길
강서구,송정로3길
강서구,송정로4길
강서구,송정로4길
강서구,송정로6길
강서구,송정로6길
강서구,수명로1길
강서구,수명로1길
강서구,수명로2길
강서구,수명로2길
강서구,양천로10길
강서구,양천로10길
강서구,양천로11길
강서구,양천로11길
강서구,양천로13길
강서구,양천로13길
강서구,양천로14가길
강서구,양천로14가길
강서구,양천로14길
강서구,양천로14길
강서구,양천로14나길
강서구,양천로14나길
강서구,양천로16길
강서구,양천로16길
강서구,양천로17길
강서구,양천로17길
강서구,양천로18길
강서구,양천로18길
강서구,양천로1길
강서구,양천로1길
강서구,양천로20가길
강서구,양천로20가길
강서구,양천로20길
강서구,양천로20길
강서구,양천로22길
강서구,양천로22길
강서구,양천로23길
강서구,양천로23길
강서구,양천로24가길
강서구,양천로24가길
강서구,양천로24길
강서구,양천로24길
강서구,양천로26길
강서구,양천로26길
강서구,양천로26길
강서구,양천로27길
강서구,양천로27길
강서구,양천로28길
강서구,양천로28길
강서구,양천로30가길
강서구,양천로30가길
강서구,양천로30길
강서구,양천로30길
강서구,양천로30길
강서구,양천로3길
강서구,양천로3길
강서구,양천로47가길
강서구,양천로47가길
강서구,양천로47길
강서구,양천로47길
강서구,양천로47길
강서구,양천로47나길
강서구,양천로47나길
강서구,양천로47나길
강서구,양천로49길
강서구,양천로49길
강서구,양천로49길
강서구,양천로51길
강서구,양천로51길
강서구,양천로53길
강서구,양천로53길
강서구,양천로55길
강서구,양천로55길
강서구,양천로57길
강서구,양천로57길
강서구,양천로59길
강서구,양천로59길
강서구,양천로60길
강서구,양천로60길
강서구,양천로61길
강서구,양천로61길
강서구,양천로61길
강서구,양천로62길
강서구,양천로62길
강서구,양천로63길
강서구,양천로63길
강서구,양천로65길
강서구,양천로65길
강서구,양천로66길
강서구,양천로66길
강서구,양천로67가길
강서구,양천로67가길
강서구,양천로67길
강서구,양천로67길
강서구,양천로69길
강서구,양천로69길
강서구,양천로6길
강서구,양천로6길
강서구,양천로71가길
강서구,양천로71가길
강서구,양천로71길
강서구,양천로71길
강서구,양천로73가길
강서구,양천로73가길
강서구,양천로73길
강서구,양천로73길
강서구,양천로75길
강서구,양천로75길
강서구,양천로77길
강서구,양천로77길
강서구,양천로7길
강서구,양천로7길
강서구,우장산로10길
강서구,우장산로10길
강서구,우장산로10길
강서구,우장산로14길
강서구,우장산로14길
강서구,우장산로15길
강서구,우장산로15길
강서구,우장산로16길
강서구,우장산로16길
강서구,우장산로2길
강서구,우장산로2길
강서구,우장산로4길
강서구,우장산로4길
강서구,우장산로6길
강서구,우장산로6길
강서구,우장산로8길
강서구,우장산로8길
강서구,월정로14길
강서구,월정로14길
강서구,월정로16길
강서구,월정로16길
강서구,월정로18길
강서구,월정로18길
강서구,월정로20길
강서구,월정로20길
강서구,월정로24길
강서구,월정로24길
강서구,월정로28가길
강서구,월정로28가길
강서구,월정로28길
강서구,월정로28길
강서구,월정로30가길
강서구,월정로30가길
강서구,월정로30길
강서구,월정로30길
강서구,월정로30나길
강서구,월정로30나길
강서구,월정로32길
강서구,월정로32길
강서구,월정로34길
강서구,월정로34길
강서구,초록마을로10길
강서구,초록마을로10길
강서구,초록마을로11길
강서구,초록마을로11길
강서구,초록마을로12길
강서구,초록마을로12길
강서구,초록마을로14길
강서구,초록마을로14길
강서구,초록마을로15길
강서구,초록마을로15길
강서구,초록마을로16길
강서구,초록마을로16길
강서구,초록마을로18길
강서구,초록마을로18길
강서구,초록마을로19길
강서구,초록마을로19길
강서구,초록마을로21길
강서구,초록마을로21길
강서구,초록마을로22길
강서구,초록마을로22길
강서구,초록마을로24길
강서구,초록마을로24길
강서구,초록마을로26길
강서구,초록마을로26길
강서구,초록마을로28길
강서구,초록마을로28길
강서구,초록마을로2길
강서구,초록마을로2길
강서구,초록마을로30길
강서구,초록마을로30길
강서구,초록마을로32길
강서구,초록마을로32길
강서구,초록마을로34길
강서구,초록마을로34길
강서구,초록마을로36길
강서구,초록마을로36길
강서구,초록마을로37길
강서구,초록마을로37길
강서구,초록마을로3길
강서구,초록마을로3길
강서구,초록마을로4길
강서구,초록마을로4길
강서구,초록마을로5길
강서구,초록마을로5길
강서구,초록마을로6길
강서구,초록마을로6길
강서구,초록마을로7가길
강서구,초록마을로7가길
강서구,초록마을로7길
강서구,초록마을로7길
강서구,초록마을로8길
강서구,초록마을로8길
강서구,초록마을로9길
강서구,초록마을로9길
강서구,초원로10길
강서구,초원로10길
강서구,초원로11길
강서구,초원로11길
강서구,초원로12길
강서구,초원로12길
강서구,초원로13길
강서구,초원로13길
강서구,초원로14길
강서구,초원로14길
강서구,초원로16길
강서구,초원로16길
강서구,초원로16길
강서구,초원로2길
강서구,초원로2길
강서구,초원로4길
강서구,초원로4길
강서구,초원로6길
강서구,초원로6길
강서구,초원로8길
강서구,초원로8길
강서구,하늘길
강서구,하늘길
강서구,하늘길
강서구,하늘길
강서구,하늘길
강서구,하늘길
강서구,허준로5길
강서구,허준로5길
강서구,화곡로13가길
강서구,화곡로13가길
강서구,화곡로13길
강서구,화곡로13길
강서구,화곡로13나길
강서구,화곡로13나길
강서구,화곡로14길
강서구,화곡로14길
강서구,화곡로15길
강서구,화곡로15길
강서구,화곡로17길
강서구,화곡로17길
강서구,화곡로18길
강서구,화곡로18길
강서구,화곡로19길
강서구,화곡로19길
강서구,화곡로20길
강서구,화곡로20길
강서구,화곡로21길
강서구,화곡로21길
강서구,화곡로23길
강서구,화곡로23길
강서구,화곡로24길
강서구,화곡로24길
강서구,화곡로25길
강서구,화곡로25길
강서구,화곡로26가길
강서구,화곡로26가길
강서구,화곡로26길
강서구,화곡로26길
강서구,화곡로27가길
강서구,화곡로27가길
강서구,화곡로27길
강서구,화곡로27길
강서구,화곡로29길
강서구,화곡로29길
강서구,화곡로31가길
강서구,화곡로31가길
강서구,화곡로31길
강서구,화곡로31길
강서구,화곡로31나길
강서구,화곡로31나길
강서구,화곡로31다길
강서구,화곡로31다길
강서구,화곡로32길
강서구,화곡로32길
강서구,화곡로33길
강서구,화곡로33길
강서구,화곡로34길
강서구,화곡로34길
강서구,화곡로35길
강서구,화곡로35길
강서구,화곡로37길
강서구,화곡로37길
강서구,화곡로39길
강서구,화곡로39길
강서구,화곡로41길
강서구,화곡로41길
강서구,화곡로42가길
강서구,화곡로42가길
강서구,화곡로42길
강서구,화곡로42길
강서구,화곡로42나길
강서구,화곡로42나길
강서구,화곡로43가길
강서구,화곡로43가길
강서구,화곡로43길
강서구,화곡로43길
강서구,화곡로44가길
강서구,화곡로44가길
강서구,화곡로44길
강서구,화곡로44길
강서구,화곡로44나길
강서구,화곡로44나길
강서구,화곡로46길
강서구,화곡로46길
강서구,화곡로49길
강서구,화곡로49길
강서구,화곡로50길
강서구,화곡로50길
강서구,화곡로51길
강서구,화곡로51길
강서구,화곡로52길
강서구,화곡로52길
강서구,화곡로53가길
강서구,화곡로53가길
강서구,화곡로53길
강서구,화곡로53길
강서구,화곡로53나길
강서구,화곡로53나길
강서구,화곡로54길
강서구,화곡로54길
강서구,화곡로55길
강서구,화곡로55길
강서구,화곡로56길
강서구,화곡로56길
강서구,화곡로58길
강서구,화곡로58길
강서구,화곡로59길
강서구,화곡로59길
강서구,화곡로60길
강서구,화곡로60길
강서구,화곡로61길
강서구,화곡로61길
강서구,화곡로63가길
강서구,화곡로63가길
강서구,화곡로63길
강서구,화곡로63길
강서구,화곡로64길
강서구,화곡로64길
강서구,화곡로65길
강서구,화곡로65길
강서구,화곡로66길
강서구,화곡로66길
강서구,화곡로68길
강서구,화곡로68길
강서구,화곡로69길
강서구,화곡로69길
강서구,화곡로72길
강서구,화곡로72길
강서구,화곡로73길
강서구,화곡로73길
강서구,강서로80길
강서구,강서로80길
강서구,개화동로20길
강서구,개화동로20길
강서구,개화동로20길
강서구,개화동로20길
강서구,개화동로4길
강서구,개화동로4길
강서구,개화동로4길
강서구,개화동로4길
강서구,개화동로4길
강서구,수명로6길
강서구,수명로2가길
강서구,수명로2가길
강서구,마곡중앙8로1길
강서구,마곡중앙8로1길
강서구,마곡중앙8로3길
강서구,마곡중앙8로3길
강서구,마곡중앙8로5길
강서구,마곡중앙8로5길
강서구,마곡중앙8로7길
강서구,마곡중앙8로7길
강서구,마곡동로2길
강서구,마곡동로2길
강서구,마곡동로3길
강서구,마곡동로3길
강서구,마곡동로4길
강서구,마곡동로4길
강서구,마곡동로6길
강서구,마곡동로8길
강서구,마곡동로8길
강서구,마곡동로10길
강서구,마곡동로10길
강서구,아라자전거남길
강서구,한강남자전거길
강서구,안양천동자전거길
강서구,굴포천서자전거길
강서구,굴포천동자전거길
강서구,안양천서자전거길