﻿금천구,서해안고속도로
금천구,남부순환로
금천구,남부순환로
금천구,남부순환로
금천구,시흥대로
금천구,시흥대로
금천구,시흥대로
금천구,안양천로
금천구,가마산로
금천구,가마산로
금천구,금하로
금천구,금하로
금천구,기아로
금천구,기아로
금천구,디지털로
금천구,디지털로
금천구,범안로
금천구,범안로
금천구,범안로
금천구,호암로
금천구,호암로
금천구,벚꽃로
금천구,벚꽃로
금천구,벚꽃로
금천구,가산디지털1로
금천구,가산디지털1로
금천구,가산디지털2로
금천구,가산디지털2로
금천구,가산로
금천구,가산로
금천구,가산로
금천구,독산로
금천구,독산로
금천구,독산로
금천구,두산로
금천구,두산로
금천구,은행나무로
금천구,은행나무로
금천구,탑골로
금천구,탑골로
금천구,한내로
금천구,한내로
금천구,문성로
금천구,문성로
금천구,강남순환로
금천구,서부간선지하도로
금천구,가산로3가길
금천구,가산로3가길
금천구,가산로3길
금천구,가산로3길
금천구,가산로3길
금천구,가산로5길
금천구,가산로5길
금천구,가산로5길
금천구,가산로7길
금천구,가산로7길
금천구,가산로9길
금천구,가산로9길
금천구,금하로11길
금천구,금하로11길
금천구,금하로14길
금천구,금하로14길
금천구,금하로15길
금천구,금하로15길
금천구,금하로16길
금천구,금하로16길
금천구,금하로18길
금천구,금하로18길
금천구,금하로1가길
금천구,금하로1가길
금천구,금하로1길
금천구,금하로1길
금천구,금하로1나길
금천구,금하로1나길
금천구,금하로1다길
금천구,금하로1다길
금천구,금하로1라길
금천구,금하로1라길
금천구,금하로1마길
금천구,금하로1마길
금천구,금하로20길
금천구,금하로20길
금천구,금하로21길
금천구,금하로21길
금천구,금하로23가길
금천구,금하로23가길
금천구,금하로23길
금천구,금하로23길
금천구,금하로23나길
금천구,금하로23나길
금천구,금하로23다길
금천구,금하로23다길
금천구,금하로23라길
금천구,금하로23라길
금천구,금하로24가길
금천구,금하로24가길
금천구,금하로24길
금천구,금하로24길
금천구,금하로24나길
금천구,금하로24나길
금천구,금하로24다길
금천구,금하로24다길
금천구,금하로24라길
금천구,금하로24라길
금천구,금하로25길
금천구,금하로25길
금천구,금하로28길
금천구,금하로28길
금천구,금하로29길
금천구,금하로29길
금천구,금하로30길
금천구,금하로30길
금천구,금하로3길
금천구,금하로3길
금천구,금하로5길
금천구,금하로5길
금천구,금하로9길
금천구,금하로9길
금천구,남부순환로108길
금천구,남부순환로108길
금천구,남부순환로108길
금천구,남부순환로110길
금천구,남부순환로110길
금천구,남부순환로112길
금천구,남부순환로112길
금천구,남부순환로120길
금천구,남부순환로120길
금천구,남부순환로122길
금천구,남부순환로122길
금천구,남부순환로124길
금천구,남부순환로124길
금천구,남부순환로126가길
금천구,남부순환로126가길
금천구,남부순환로126길
금천구,남부순환로126길
금천구,남부순환로128길
금천구,남부순환로128길
금천구,남부순환로130길
금천구,남부순환로130길
금천구,남부순환로132길
금천구,남부순환로132길
금천구,독산로101길
금천구,독산로101길
금천구,독산로102길
금천구,독산로102길
금천구,독산로103길
금천구,독산로103길
금천구,독산로106길
금천구,독산로106길
금천구,독산로107길
금천구,독산로107길
금천구,독산로108길
금천구,독산로108길
금천구,독산로109길
금천구,독산로109길
금천구,독산로10가길
금천구,독산로10가길
금천구,독산로10길
금천구,독산로10길
금천구,독산로11길
금천구,독산로11길
금천구,독산로14길
금천구,독산로14길
금천구,독산로16길
금천구,독산로16길
금천구,독산로18길
금천구,독산로18길
금천구,독산로1길
금천구,독산로1길
금천구,독산로20길
금천구,독산로20길
금천구,독산로21길
금천구,독산로21길
금천구,독산로22가길
금천구,독산로22가길
금천구,독산로22길
금천구,독산로22길
금천구,독산로23길
금천구,독산로23길
금천구,독산로24가길
금천구,독산로24가길
금천구,독산로24길
금천구,독산로24길
금천구,독산로24나길
금천구,독산로24나길
금천구,독산로24다길
금천구,독산로24다길
금천구,독산로24라길
금천구,독산로24라길
금천구,독산로24마길
금천구,독산로24마길
금천구,독산로25길
금천구,독산로25길
금천구,독산로26길
금천구,독산로26길
금천구,독산로27길
금천구,독산로27길
금천구,독산로28가길
금천구,독산로28가길
금천구,독산로28길
금천구,독산로28길
금천구,독산로28나길
금천구,독산로28나길
금천구,독산로29길
금천구,독산로29길
금천구,독산로2길
금천구,독산로2길
금천구,독산로31길
금천구,독산로31길
금천구,독산로32가길
금천구,독산로32가길
금천구,독산로32길
금천구,독산로32길
금천구,독산로32나길
금천구,독산로32나길
금천구,독산로32다길
금천구,독산로32다길
금천구,독산로33길
금천구,독산로33길
금천구,독산로35가길
금천구,독산로35가길
금천구,독산로35길
금천구,독산로35길
금천구,독산로36가길
금천구,독산로36가길
금천구,독산로36길
금천구,독산로36길
금천구,독산로36나길
금천구,독산로36나길
금천구,독산로38길
금천구,독산로38길
금천구,독산로39길
금천구,독산로39길
금천구,독산로3길
금천구,독산로3길
금천구,독산로40길
금천구,독산로40길
금천구,독산로41가길
금천구,독산로41가길
금천구,독산로41길
금천구,독산로41길
금천구,독산로43가길
금천구,독산로43가길
금천구,독산로43길
금천구,독산로43길
금천구,독산로44가길
금천구,독산로44가길
금천구,독산로44길
금천구,독산로44길
금천구,독산로44나길
금천구,독산로44나길
금천구,독산로44다길
금천구,독산로44다길
금천구,독산로44라길
금천구,독산로44라길
금천구,독산로45가길
금천구,독산로45가길
금천구,독산로45길
금천구,독산로45길
금천구,독산로45나길
금천구,독산로45나길
금천구,독산로47가길
금천구,독산로47가길
금천구,독산로47가길
금천구,독산로47길
금천구,독산로47길
금천구,독산로47길
금천구,독산로49길
금천구,독산로49길
금천구,독산로4길
금천구,독산로4길
금천구,독산로50가길
금천구,독산로50가길
금천구,독산로50길
금천구,독산로50길
금천구,독산로50길
금천구,독산로50나길
금천구,독산로50나길
금천구,독산로50다길
금천구,독산로50다길
금천구,독산로50라길
금천구,독산로50라길
금천구,독산로50마길
금천구,독산로50마길
금천구,독산로51길
금천구,독산로51길
금천구,독산로52길
금천구,독산로52길
금천구,독산로53길
금천구,독산로53길
금천구,독산로54길
금천구,독산로54길
금천구,독산로54길
금천구,독산로55길
금천구,독산로55길
금천구,독산로56길
금천구,독산로56길
금천구,독산로56길
금천구,독산로58가길
금천구,독산로58가길
금천구,독산로58길
금천구,독산로58길
금천구,독산로58나길
금천구,독산로58나길
금천구,독산로58다길
금천구,독산로58다길
금천구,독산로58라길
금천구,독산로58라길
금천구,독산로5길
금천구,독산로5길
금천구,독산로60길
금천구,독산로60길
금천구,독산로62길
금천구,독산로62길
금천구,독산로64가길
금천구,독산로64가길
금천구,독산로64길
금천구,독산로64길
금천구,독산로64나길
금천구,독산로64나길
금천구,독산로64다길
금천구,독산로64다길
금천구,독산로64라길
금천구,독산로64라길
금천구,독산로65길
금천구,독산로65길
금천구,독산로67길
금천구,독산로67길
금천구,독산로68가길
금천구,독산로68가길
금천구,독산로68길
금천구,독산로68길
금천구,독산로69길
금천구,독산로69길
금천구,독산로6가길
금천구,독산로6가길
금천구,독산로6길
금천구,독산로6길
금천구,독산로70가길
금천구,독산로70가길
금천구,독산로70길
금천구,독산로70길
금천구,독산로70나길
금천구,독산로70나길
금천구,독산로70다길
금천구,독산로70다길
금천구,독산로70라길
금천구,독산로70라길
금천구,독산로72길
금천구,독산로72길
금천구,독산로73길
금천구,독산로73길
금천구,독산로74길
금천구,독산로74길
금천구,독산로75길
금천구,독산로75길
금천구,독산로76길
금천구,독산로76길
금천구,독산로77길
금천구,독산로77길
금천구,독산로78가길
금천구,독산로78가길
금천구,독산로78길
금천구,독산로78길
금천구,독산로78나길
금천구,독산로78나길
금천구,독산로78다길
금천구,독산로78다길
금천구,독산로7길
금천구,독산로7길
금천구,독산로80가길
금천구,독산로80가길
금천구,독산로80길
금천구,독산로80길
금천구,독산로82가길
금천구,독산로82가길
금천구,독산로82길
금천구,독산로82길
금천구,독산로84길
금천구,독산로84길
금천구,독산로85길
금천구,독산로85길
금천구,독산로86길
금천구,독산로86길
금천구,독산로87길
금천구,독산로87길
금천구,독산로88길
금천구,독산로88길
금천구,독산로8가길
금천구,독산로8가길
금천구,독산로8길
금천구,독산로8길
금천구,독산로8나길
금천구,독산로8나길
금천구,독산로8다길
금천구,독산로8다길
금천구,독산로90길
금천구,독산로90길
금천구,독산로92길
금천구,독산로92길
금천구,독산로93길
금천구,독산로93길
금천구,독산로94가길
금천구,독산로94가길
금천구,독산로94길
금천구,독산로94길
금천구,독산로95길
금천구,독산로95길
금천구,독산로96길
금천구,독산로96길
금천구,독산로97길
금천구,독산로97길
금천구,독산로99길
금천구,독산로99길
금천구,두산로10길
금천구,두산로10길
금천구,두산로11길
금천구,두산로11길
금천구,두산로11길
금천구,두산로13길
금천구,두산로13길
금천구,두산로14길
금천구,두산로14길
금천구,두산로3가길
금천구,두산로3가길
금천구,두산로3길
금천구,두산로3길
금천구,두산로3길
금천구,두산로5길
금천구,두산로5길
금천구,두산로5길
금천구,두산로7길
금천구,두산로7길
금천구,두산로9가길
금천구,두산로9가길
금천구,두산로9길
금천구,두산로9길
금천구,두산로9길
금천구,디지털로10길
금천구,디지털로10길
금천구,디지털로11길
금천구,디지털로11길
금천구,디지털로12길
금천구,디지털로12길
금천구,디지털로9길
금천구,디지털로9길
금천구,문성로1길
금천구,문성로1길
금천구,문성로3가길
금천구,문성로3가길
금천구,문성로3길
금천구,문성로3길
금천구,문성로5가길
금천구,문성로5가길
금천구,문성로5길
금천구,문성로5길
금천구,문성로7가길
금천구,문성로7가길
금천구,문성로7길
금천구,문성로7길
금천구,범안로11길
금천구,범안로11길
금천구,범안로12가길
금천구,범안로12가길
금천구,범안로12길
금천구,범안로12길
금천구,범안로13길
금천구,범안로13길
금천구,범안로14길
금천구,범안로14길
금천구,범안로15길
금천구,범안로15길
금천구,범안로16길
금천구,범안로16길
금천구,범안로17길
금천구,범안로17길
금천구,범안로18길
금천구,범안로18길
금천구,범안로19길
금천구,범안로19길
금천구,범안로20길
금천구,범안로20길
금천구,범안로21길
금천구,범안로21길
금천구,범안로9길
금천구,범안로9길
금천구,벚꽃로10길
금천구,벚꽃로10길
금천구,벚꽃로12길
금천구,벚꽃로12길
금천구,벚꽃로14길
금천구,벚꽃로14길
금천구,벚꽃로18길
금천구,벚꽃로18길
금천구,벚꽃로20길
금천구,벚꽃로20길
금천구,벚꽃로24길
금천구,벚꽃로24길
금천구,벚꽃로26길
금천구,벚꽃로26길
금천구,벚꽃로38길
금천구,벚꽃로38길
금천구,벚꽃로40길
금천구,벚꽃로40길
금천구,벚꽃로42길
금천구,벚꽃로42길
금천구,벚꽃로44길
금천구,벚꽃로44길
금천구,벚꽃로46가길
금천구,벚꽃로46가길
금천구,벚꽃로46길
금천구,벚꽃로46길
금천구,벚꽃로46나길
금천구,벚꽃로46나길
금천구,벚꽃로46다길
금천구,벚꽃로46다길
금천구,벚꽃로48길
금천구,벚꽃로48길
금천구,벚꽃로50길
금천구,벚꽃로50길
금천구,벚꽃로52길
금천구,벚꽃로52길
금천구,벚꽃로56길
금천구,벚꽃로56길
금천구,벚꽃로6길
금천구,벚꽃로6길
금천구,서부샛길
금천구,서부샛길
금천구,서부샛길
금천구,시흥대로100길
금천구,시흥대로100길
금천구,시흥대로101길
금천구,시흥대로101길
금천구,시흥대로102길
금천구,시흥대로102길
금천구,시흥대로103길
금천구,시흥대로103길
금천구,시흥대로104가길
금천구,시흥대로104가길
금천구,시흥대로104길
금천구,시흥대로104길
금천구,시흥대로104나길
금천구,시흥대로104나길
금천구,시흥대로104다길
금천구,시흥대로104다길
금천구,시흥대로105길
금천구,시흥대로105길
금천구,시흥대로106길
금천구,시흥대로106길
금천구,시흥대로10길
금천구,시흥대로10길
금천구,시흥대로110길
금천구,시흥대로110길
금천구,시흥대로112길
금천구,시흥대로112길
금천구,시흥대로114길
금천구,시흥대로114길
금천구,시흥대로115길
금천구,시흥대로115길
금천구,시흥대로116길
금천구,시흥대로116길
금천구,시흥대로118길
금천구,시흥대로118길
금천구,시흥대로120길
금천구,시흥대로120길
금천구,시흥대로122길
금천구,시흥대로122길
금천구,시흥대로123길
금천구,시흥대로123길
금천구,시흥대로124길
금천구,시흥대로124길
금천구,시흥대로126길
금천구,시흥대로126길
금천구,시흥대로128길
금천구,시흥대로128길
금천구,시흥대로12길
금천구,시흥대로12길
금천구,시흥대로130길
금천구,시흥대로130길
금천구,시흥대로134길
금천구,시흥대로134길
금천구,시흥대로136길
금천구,시흥대로136길
금천구,시흥대로138길
금천구,시흥대로138길
금천구,시흥대로139길
금천구,시흥대로139길
금천구,시흥대로140길
금천구,시흥대로140길
금천구,시흥대로141길
금천구,시흥대로141길
금천구,시흥대로142길
금천구,시흥대로142길
금천구,시흥대로143길
금천구,시흥대로143길
금천구,시흥대로144길
금천구,시흥대로144길
금천구,시흥대로145길
금천구,시흥대로145길
금천구,시흥대로145길
금천구,시흥대로146길
금천구,시흥대로146길
금천구,시흥대로147길
금천구,시흥대로147길
금천구,시흥대로148길
금천구,시흥대로148길
금천구,시흥대로149가길
금천구,시흥대로149가길
금천구,시흥대로149길
금천구,시흥대로149길
금천구,시흥대로149길
금천구,시흥대로14길
금천구,시흥대로14길
금천구,시흥대로150길
금천구,시흥대로150길
금천구,시흥대로151길
금천구,시흥대로151길
금천구,시흥대로151길
금천구,시흥대로152길
금천구,시흥대로152길
금천구,시흥대로153길
금천구,시흥대로153길
금천구,시흥대로153길
금천구,시흥대로16길
금천구,시흥대로16길
금천구,시흥대로18길
금천구,시흥대로18길
금천구,시흥대로20길
금천구,시흥대로20길
금천구,시흥대로22길
금천구,시흥대로22길
금천구,시흥대로24길
금천구,시흥대로24길
금천구,시흥대로26길
금천구,시흥대로26길
금천구,시흥대로27길
금천구,시흥대로27길
금천구,시흥대로28길
금천구,시흥대로28길
금천구,시흥대로2가길
금천구,시흥대로2가길
금천구,시흥대로2길
금천구,시흥대로2길
금천구,시흥대로2나길
금천구,시흥대로2나길
금천구,시흥대로30길
금천구,시흥대로30길
금천구,시흥대로32길
금천구,시흥대로32길
금천구,시흥대로34길
금천구,시흥대로34길
금천구,시흥대로36길
금천구,시흥대로36길
금천구,시흥대로37길
금천구,시흥대로37길
금천구,시흥대로38길
금천구,시흥대로38길
금천구,시흥대로39길
금천구,시흥대로39길
금천구,시흥대로40가길
금천구,시흥대로40가길
금천구,시흥대로40길
금천구,시흥대로40길
금천구,시흥대로40나길
금천구,시흥대로40나길
금천구,시흥대로40다길
금천구,시흥대로40다길
금천구,시흥대로40라길
금천구,시흥대로40라길
금천구,시흥대로40마길
금천구,시흥대로40마길
금천구,시흥대로41길
금천구,시흥대로41길
금천구,시흥대로45길
금천구,시흥대로45길
금천구,시흥대로47길
금천구,시흥대로47길
금천구,시흥대로48길
금천구,시흥대로48길
금천구,시흥대로4길
금천구,시흥대로4길
금천구,시흥대로50길
금천구,시흥대로50길
금천구,시흥대로51길
금천구,시흥대로51길
금천구,시흥대로52길
금천구,시흥대로52길
금천구,시흥대로54길
금천구,시흥대로54길
금천구,시흥대로56길
금천구,시흥대로56길
금천구,시흥대로57길
금천구,시흥대로57길
금천구,시흥대로58길
금천구,시흥대로58길
금천구,시흥대로59길
금천구,시흥대로59길
금천구,시흥대로61길
금천구,시흥대로61길
금천구,시흥대로62가길
금천구,시흥대로62가길
금천구,시흥대로62길
금천구,시흥대로62길
금천구,시흥대로63길
금천구,시흥대로63길
금천구,시흥대로64길
금천구,시흥대로64길
금천구,시흥대로66길
금천구,시흥대로66길
금천구,시흥대로68길
금천구,시흥대로68길
금천구,시흥대로6가길
금천구,시흥대로6가길
금천구,시흥대로6길
금천구,시흥대로6길
금천구,시흥대로70길
금천구,시흥대로70길
금천구,시흥대로71길
금천구,시흥대로71길
금천구,시흥대로72길
금천구,시흥대로72길
금천구,시흥대로73길
금천구,시흥대로73길
금천구,시흥대로74가길
금천구,시흥대로74가길
금천구,시흥대로74길
금천구,시흥대로74길
금천구,시흥대로74나길
금천구,시흥대로74나길
금천구,시흥대로75길
금천구,시흥대로75길
금천구,시흥대로76길
금천구,시흥대로76길
금천구,시흥대로76길
금천구,시흥대로77길
금천구,시흥대로77길
금천구,시흥대로78길
금천구,시흥대로78길
금천구,시흥대로78길
금천구,시흥대로79길
금천구,시흥대로79길
금천구,시흥대로79길
금천구,시흥대로80길
금천구,시흥대로80길
금천구,시흥대로80길
금천구,시흥대로82길
금천구,시흥대로82길
금천구,시흥대로84가길
금천구,시흥대로84가길
금천구,시흥대로84길
금천구,시흥대로84길
금천구,시흥대로84나길
금천구,시흥대로84나길
금천구,시흥대로84나길
금천구,시흥대로84다길
금천구,시흥대로84다길
금천구,시흥대로84라길
금천구,시흥대로84라길
금천구,시흥대로84마길
금천구,시흥대로84마길
금천구,시흥대로86길
금천구,시흥대로86길
금천구,시흥대로88가길
금천구,시흥대로88가길
금천구,시흥대로88길
금천구,시흥대로88길
금천구,시흥대로8길
금천구,시흥대로8길
금천구,시흥대로90길
금천구,시흥대로90길
금천구,시흥대로92길
금천구,시흥대로92길
금천구,시흥대로94길
금천구,시흥대로94길
금천구,시흥대로96길
금천구,시흥대로96길
금천구,시흥대로98길
금천구,시흥대로98길
금천구,은행나무로10길
금천구,은행나무로10길
금천구,은행나무로12길
금천구,은행나무로12길
금천구,은행나무로7길
금천구,은행나무로7길
금천구,탑골로10길
금천구,탑골로10길
금천구,탑골로11길
금천구,탑골로11길
금천구,탑골로13길
금천구,탑골로13길
금천구,탑골로2길
금천구,탑골로2길
금천구,탑골로3가길
금천구,탑골로3가길
금천구,탑골로3길
금천구,탑골로3길
금천구,탑골로4길
금천구,탑골로4길
금천구,탑골로5가길
금천구,탑골로5가길
금천구,탑골로5길
금천구,탑골로5길
금천구,탑골로7길
금천구,탑골로7길
금천구,탑골로8길
금천구,탑골로8길
금천구,벚꽃로36길
금천구,시흥대로17길
금천구,삼성산길
금천구,삼성산길
금천구,안양천동자전거길
금천구,안양천동자전거길
금천구,안양천동자전거길
금천구,안양천동자전거길
금천구,안양천서자전거길
금천구,안양천서자전거길