﻿구로구,수원문산고속도로
구로구,남부순환로
구로구,남부순환로
구로구,남부순환로
구로구,남부순환로
구로구,시흥대로
구로구,시흥대로
구로구,안양천로
구로구,안양천로
구로구,광남로
구로구,광남로
구로구,금오로
구로구,금오로
구로구,부일로
구로구,부일로
구로구,부일로
구로구,서해안로
구로구,서해안로
구로구,서해안로
구로구,서해안로
구로구,연동로
구로구,연동로
구로구,연동로
구로구,오리로
구로구,오리로
구로구,오리로
구로구,오리로
구로구,가마산로
구로구,가마산로
구로구,디지털로
구로구,디지털로
구로구,디지털로
구로구,경인로
구로구,경인로
구로구,경인로
구로구,경인로
구로구,경인로
구로구,경인로
구로구,경인로
구로구,경인로
구로구,경인로
구로구,목동남로
구로구,목동남로
구로구,신정로
구로구,신정로
구로구,중앙로
구로구,중앙로
구로구,구로동로
구로구,구로동로
구로구,구로동로
구로구,개봉로
구로구,개봉로
구로구,경서로
구로구,경서로
구로구,경서로
구로구,고척로
구로구,고척로
구로구,고척로
구로구,고척로
구로구,공원로
구로구,공원로
구로구,구로중앙로
구로구,구로중앙로
구로구,구로중앙로
구로구,구일로
구로구,구일로
구로구,새말로
구로구,새말로
구로구,새말로
구로구,신도림로
구로구,신도림로
구로구,오류로
구로구,오류로
구로구,오류로
구로구,도림로
구로구,도림로
구로구,도림천로
구로구,도림천로
구로구,벚꽃로
구로구,벚꽃로
구로구,벚꽃로
구로구,천왕로
구로구,천왕로
구로구,천왕로
구로구,천왕로2길
구로구,천왕로2길
구로구,부광로
구로구,부광로
구로구,항동로
구로구,항동로
구로구,서부간선지하도로
구로구,가마산로11길
구로구,가마산로11길
구로구,가마산로12가길
구로구,가마산로12가길
구로구,가마산로12길
구로구,가마산로12길
구로구,가마산로15가길
구로구,가마산로15가길
구로구,가마산로15길
구로구,가마산로15길
구로구,가마산로19길
구로구,가마산로19길
구로구,가마산로20가길
구로구,가마산로20가길
구로구,가마산로20길
구로구,가마산로20길
구로구,가마산로20나길
구로구,가마산로20나길
구로구,가마산로20다길
구로구,가마산로20다길
구로구,가마산로20라길
구로구,가마산로20라길
구로구,가마산로21길
구로구,가마산로21길
구로구,가마산로22길
구로구,가마산로22길
구로구,가마산로23길
구로구,가마산로23길
구로구,가마산로25길
구로구,가마산로25길
구로구,가마산로26길
구로구,가마산로26길
구로구,가마산로27길
구로구,가마산로27길
구로구,가마산로2길
구로구,가마산로2길
구로구,가마산로4길
구로구,가마산로4길
구로구,가마산로5가길
구로구,가마산로5가길
구로구,가마산로5길
구로구,가마산로5길
구로구,가마산로7길
구로구,가마산로7길
구로구,가마산로9길
구로구,가마산로9길
구로구,개봉로10길
구로구,개봉로10길
구로구,개봉로11가길
구로구,개봉로11가길
구로구,개봉로11길
구로구,개봉로11길
구로구,개봉로11나길
구로구,개봉로11나길
구로구,개봉로12길
구로구,개봉로12길
구로구,개봉로14길
구로구,개봉로14길
구로구,개봉로15길
구로구,개봉로15길
구로구,개봉로16가길
구로구,개봉로16가길
구로구,개봉로16길
구로구,개봉로16길
구로구,개봉로17가길
구로구,개봉로17가길
구로구,개봉로17길
구로구,개봉로17길
구로구,개봉로17나길
구로구,개봉로17나길
구로구,개봉로17다길
구로구,개봉로17다길
구로구,개봉로17라길
구로구,개봉로17라길
구로구,개봉로17마길
구로구,개봉로17마길
구로구,개봉로17바길
구로구,개봉로17바길
구로구,개봉로17아길
구로구,개봉로17아길
구로구,개봉로18길
구로구,개봉로18길
구로구,개봉로19길
구로구,개봉로19길
구로구,개봉로1가길
구로구,개봉로1가길
구로구,개봉로1길
구로구,개봉로1길
구로구,개봉로1길
구로구,개봉로1나길
구로구,개봉로1나길
구로구,개봉로1다길
구로구,개봉로1다길
구로구,개봉로1라길
구로구,개봉로1라길
구로구,개봉로20길
구로구,개봉로20길
구로구,개봉로23가길
구로구,개봉로23가길
구로구,개봉로23길
구로구,개봉로23길
구로구,개봉로24길
구로구,개봉로24길
구로구,개봉로2길
구로구,개봉로2길
구로구,개봉로3가길
구로구,개봉로3가길
구로구,개봉로3길
구로구,개봉로3길
구로구,개봉로5길
구로구,개봉로5길
구로구,개봉로6길
구로구,개봉로6길
구로구,경서로11길
구로구,경서로11길
구로구,경서로1가길
구로구,경서로1가길
구로구,경서로1길
구로구,경서로1길
구로구,경서로1길
구로구,경서로1나길
구로구,경서로1나길
구로구,경서로3길
구로구,경서로3길
구로구,경서로5길
구로구,경서로5길
구로구,경서로7가길
구로구,경서로7가길
구로구,경서로7길
구로구,경서로7길
구로구,경서로9길
구로구,경서로9길
구로구,경인로11길
구로구,경인로11길
구로구,경인로13길
구로구,경인로13길
구로구,경인로15가길
구로구,경인로15가길
구로구,경인로15길
구로구,경인로15길
구로구,경인로15나길
구로구,경인로15나길
구로구,경인로15나길
구로구,경인로19가길
구로구,경인로19가길
구로구,경인로19길
구로구,경인로19길
구로구,경인로20가길
구로구,경인로20가길
구로구,경인로20길
구로구,경인로20길
구로구,경인로20나길
구로구,경인로20나길
구로구,경인로22길
구로구,경인로22길
구로구,경인로23길
구로구,경인로23길
구로구,경인로25길
구로구,경인로25길
구로구,경인로27길
구로구,경인로27길
구로구,경인로2길
구로구,경인로2길
구로구,경인로31길
구로구,경인로31길
구로구,경인로33가길
구로구,경인로33가길
구로구,경인로33길
구로구,경인로33길
구로구,경인로33길
구로구,경인로33나길
구로구,경인로33나길
구로구,경인로33다길
구로구,경인로33다길
구로구,경인로33라길
구로구,경인로33라길
구로구,경인로33라길
구로구,경인로33마길
구로구,경인로33마길
구로구,경인로33마길
구로구,경인로33바길
구로구,경인로33바길
구로구,경인로33바길
구로구,경인로35가길
구로구,경인로35가길
구로구,경인로35길
구로구,경인로35길
구로구,경인로35길
구로구,경인로35나길
구로구,경인로35나길
구로구,경인로35나길
구로구,경인로35다길
구로구,경인로35다길
구로구,경인로38길
구로구,경인로38길
구로구,경인로3가길
구로구,경인로3가길
구로구,경인로3가길
구로구,경인로3길
구로구,경인로3길
구로구,경인로40길
구로구,경인로40길
구로구,경인로42길
구로구,경인로42길
구로구,경인로43길
구로구,경인로43길
구로구,경인로46길
구로구,경인로46길
구로구,경인로47가길
구로구,경인로47가길
구로구,경인로47길
구로구,경인로47길
구로구,경인로47나길
구로구,경인로47나길
구로구,경인로47다길
구로구,경인로47다길
구로구,경인로51길
구로구,경인로51길
구로구,경인로53가길
구로구,경인로53가길
구로구,경인로53길
구로구,경인로53길
구로구,경인로53나길
구로구,경인로53나길
구로구,경인로54길
구로구,경인로54길
구로구,경인로55길
구로구,경인로55길
구로구,경인로56길
구로구,경인로56길
구로구,경인로58길
구로구,경인로58길
구로구,경인로59길
구로구,경인로59길
구로구,경인로62길
구로구,경인로62길
구로구,경인로63길
구로구,경인로63길
구로구,경인로65길
구로구,경인로65길
구로구,경인로66길
구로구,경인로66길
구로구,경인로67가길
구로구,경인로67가길
구로구,경인로67길
구로구,경인로67길
구로구,경인로67나길
구로구,경인로67나길
구로구,경인로6길
구로구,경인로6길
구로구,경인로8길
구로구,경인로8길
구로구,경인로9길
구로구,경인로9길
구로구,고척로10길
구로구,고척로10길
구로구,고척로12길
구로구,고척로12길
구로구,고척로12길
구로구,고척로16가길
구로구,고척로16가길
구로구,고척로16가길
구로구,고척로16길
구로구,고척로16길
구로구,고척로16길
구로구,고척로18가길
구로구,고척로18가길
구로구,고척로18길
구로구,고척로18길
구로구,고척로18길
구로구,고척로18나길
구로구,고척로18나길
구로구,고척로19가길
구로구,고척로19가길
구로구,고척로19길
구로구,고척로19길
구로구,고척로1길
구로구,고척로1길
구로구,고척로1길
구로구,고척로20길
구로구,고척로20길
구로구,고척로21가길
구로구,고척로21가길
구로구,고척로21길
구로구,고척로21길
구로구,고척로21나길
구로구,고척로21나길
구로구,고척로21다길
구로구,고척로21다길
구로구,고척로21라길
구로구,고척로21라길
구로구,고척로21라길
구로구,고척로22길
구로구,고척로22길
구로구,고척로23길
구로구,고척로23길
구로구,고척로25길
구로구,고척로25길
구로구,고척로27가길
구로구,고척로27가길
구로구,고척로27가길
구로구,고척로27길
구로구,고척로27길
구로구,고척로27나길
구로구,고척로27나길
구로구,고척로27나길
구로구,고척로27다길
구로구,고척로27다길
구로구,고척로27다길
구로구,고척로27라길
구로구,고척로27라길
구로구,고척로27라길
구로구,고척로27마길
구로구,고척로27마길
구로구,고척로27마길
구로구,고척로27바길
구로구,고척로27바길
구로구,고척로27바길
구로구,고척로30길
구로구,고척로30길
구로구,고척로31길
구로구,고척로31길
구로구,고척로31길
구로구,고척로32길
구로구,고척로32길
구로구,고척로32길
구로구,고척로33가길
구로구,고척로33가길
구로구,고척로33길
구로구,고척로33길
구로구,고척로33나길
구로구,고척로33나길
구로구,고척로33다길
구로구,고척로33다길
구로구,고척로33라길
구로구,고척로33라길
구로구,고척로35길
구로구,고척로35길
구로구,고척로37길
구로구,고척로37길
구로구,고척로39가길
구로구,고척로39가길
구로구,고척로39길
구로구,고척로39길
구로구,고척로3가길
구로구,고척로3가길
구로구,고척로3길
구로구,고척로3길
구로구,고척로40길
구로구,고척로40길
구로구,고척로41가길
구로구,고척로41가길
구로구,고척로41길
구로구,고척로41길
구로구,고척로43길
구로구,고척로43길
구로구,고척로45길
구로구,고척로45길
구로구,고척로47길
구로구,고척로47길
구로구,고척로48길
구로구,고척로48길
구로구,고척로49길
구로구,고척로49길
구로구,고척로4길
구로구,고척로4길
구로구,고척로51가길
구로구,고척로51가길
구로구,고척로51길
구로구,고척로51길
구로구,고척로52가길
구로구,고척로52가길
구로구,고척로52길
구로구,고척로52길
구로구,고척로52길
구로구,고척로52나길
구로구,고척로52나길
구로구,고척로52다길
구로구,고척로52다길
구로구,고척로52라길
구로구,고척로52라길
구로구,고척로52라길
구로구,고척로52마길
구로구,고척로52마길
구로구,고척로52마길
구로구,고척로54길
구로구,고척로54길
구로구,고척로55길
구로구,고척로55길
구로구,고척로60길
구로구,고척로60길
구로구,고척로6길
구로구,고척로6길
구로구,고척로8길
구로구,고척로8길
구로구,공원로11가길
구로구,공원로11가길
구로구,공원로11길
구로구,공원로11길
구로구,공원로6가길
구로구,공원로6가길
구로구,공원로6길
구로구,공원로6길
구로구,공원로6나길
구로구,공원로6나길
구로구,공원로6다길
구로구,공원로6다길
구로구,공원로7길
구로구,공원로7길
구로구,공원로8길
구로구,공원로8길
구로구,공원로9길
구로구,공원로9길
구로구,구로동로11길
구로구,구로동로11길
구로구,구로동로12길
구로구,구로동로12길
구로구,구로동로13길
구로구,구로동로13길
구로구,구로동로13길
구로구,구로동로14길
구로구,구로동로14길
구로구,구로동로15길
구로구,구로동로15길
구로구,구로동로17길
구로구,구로동로17길
구로구,구로동로18길
구로구,구로동로18길
구로구,구로동로19길
구로구,구로동로19길
구로구,구로동로1길
구로구,구로동로1길
구로구,구로동로20길
구로구,구로동로20길
구로구,구로동로21가길
구로구,구로동로21가길
구로구,구로동로21길
구로구,구로동로21길
구로구,구로동로21나길
구로구,구로동로21나길
구로구,구로동로22길
구로구,구로동로22길
구로구,구로동로23길
구로구,구로동로23길
구로구,구로동로25길
구로구,구로동로25길
구로구,구로동로26길
구로구,구로동로26길
구로구,구로동로28가길
구로구,구로동로28가길
구로구,구로동로28길
구로구,구로동로28길
구로구,구로동로29길
구로구,구로동로29길
구로구,구로동로2가길
구로구,구로동로2가길
구로구,구로동로2길
구로구,구로동로2길
구로구,구로동로2나길
구로구,구로동로2나길
구로구,구로동로2다길
구로구,구로동로2다길
구로구,구로동로33길
구로구,구로동로33길
구로구,구로동로35가길
구로구,구로동로35가길
구로구,구로동로35길
구로구,구로동로35길
구로구,구로동로35나길
구로구,구로동로35나길
구로구,구로동로38길
구로구,구로동로38길
구로구,구로동로3길
구로구,구로동로3길
구로구,구로동로40가길
구로구,구로동로40가길
구로구,구로동로40길
구로구,구로동로40길
구로구,구로동로40나길
구로구,구로동로40나길
구로구,구로동로41길
구로구,구로동로41길
구로구,구로동로42길
구로구,구로동로42길
구로구,구로동로43길
구로구,구로동로43길
구로구,구로동로45길
구로구,구로동로45길
구로구,구로동로47길
구로구,구로동로47길
구로구,구로동로48길
구로구,구로동로48길
구로구,구로동로49길
구로구,구로동로49길
구로구,구로동로50길
구로구,구로동로50길
구로구,구로동로5길
구로구,구로동로5길
구로구,구로동로7가길
구로구,구로동로7가길
구로구,구로동로7길
구로구,구로동로7길
구로구,구로동로7길
구로구,구로동로7나길
구로구,구로동로7나길
구로구,구로동로7다길
구로구,구로동로7다길
구로구,구로동로7다길
구로구,구로동로7라길
구로구,구로동로7라길
구로구,구로동로8길
구로구,구로동로8길
구로구,구로동로9길
구로구,구로동로9길
구로구,구로중앙로11길
구로구,구로중앙로11길
구로구,구로중앙로12길
구로구,구로중앙로12길
구로구,구로중앙로14길
구로구,구로중앙로14길
구로구,구로중앙로15길
구로구,구로중앙로15길
구로구,구로중앙로18길
구로구,구로중앙로18길
구로구,구로중앙로19가길
구로구,구로중앙로19가길
구로구,구로중앙로19길
구로구,구로중앙로19길
구로구,구로중앙로19나길
구로구,구로중앙로19나길
구로구,구로중앙로21길
구로구,구로중앙로21길
구로구,구로중앙로22길
구로구,구로중앙로22길
구로구,구로중앙로24가길
구로구,구로중앙로24가길
구로구,구로중앙로24길
구로구,구로중앙로24길
구로구,구로중앙로25길
구로구,구로중앙로25길
구로구,구로중앙로26가길
구로구,구로중앙로26가길
구로구,구로중앙로26길
구로구,구로중앙로26길
구로구,구로중앙로27가길
구로구,구로중앙로27가길
구로구,구로중앙로27길
구로구,구로중앙로27길
구로구,구로중앙로27나길
구로구,구로중앙로27나길
구로구,구로중앙로27다길
구로구,구로중앙로27다길
구로구,구로중앙로28가길
구로구,구로중앙로28가길
구로구,구로중앙로28길
구로구,구로중앙로28길
구로구,구로중앙로28나길
구로구,구로중앙로28나길
구로구,구로중앙로28다길
구로구,구로중앙로28다길
구로구,구로중앙로2길
구로구,구로중앙로2길
구로구,구로중앙로30길
구로구,구로중앙로30길
구로구,구로중앙로31길
구로구,구로중앙로31길
구로구,구로중앙로32가길
구로구,구로중앙로32가길
구로구,구로중앙로32길
구로구,구로중앙로32길
구로구,구로중앙로32나길
구로구,구로중앙로32나길
구로구,구로중앙로32다길
구로구,구로중앙로32다길
구로구,구로중앙로34길
구로구,구로중앙로34길
구로구,구로중앙로39길
구로구,구로중앙로39길
구로구,구로중앙로3길
구로구,구로중앙로3길
구로구,구로중앙로40가길
구로구,구로중앙로40가길
구로구,구로중앙로40길
구로구,구로중앙로40길
구로구,구로중앙로40나길
구로구,구로중앙로40나길
구로구,구로중앙로42길
구로구,구로중앙로42길
구로구,구로중앙로5길
구로구,구로중앙로5길
구로구,구로중앙로7길
구로구,구로중앙로7길
구로구,구로중앙로8길
구로구,구로중앙로8길
구로구,구로중앙로9길
구로구,구로중앙로9길
구로구,구일로10길
구로구,구일로10길
구로구,구일로2길
구로구,구일로2길
구로구,구일로4길
구로구,구일로4길
구로구,구일로8길
구로구,구일로8길
구로구,남부순환로105가길
구로구,남부순환로105가길
구로구,남부순환로105길
구로구,남부순환로105길
구로구,남부순환로105나길
구로구,남부순환로105나길
구로구,남부순환로105다길
구로구,남부순환로105다길
구로구,남부순환로105라길
구로구,남부순환로105라길
구로구,남부순환로107가길
구로구,남부순환로107가길
구로구,남부순환로107길
구로구,남부순환로107길
구로구,남부순환로107길
구로구,남부순환로95길
구로구,남부순환로95길
구로구,남부순환로97길
구로구,남부순환로97길
구로구,도림로10길
구로구,도림로10길
구로구,도림로12길
구로구,도림로12길
구로구,도림로14길
구로구,도림로14길
구로구,도림로17길
구로구,도림로17길
구로구,도림로19길
구로구,도림로19길
구로구,도림로20가길
구로구,도림로20가길
구로구,도림로20길
구로구,도림로20길
구로구,도림로22길
구로구,도림로22길
구로구,도림로23길
구로구,도림로23길
구로구,도림로24길
구로구,도림로24길
구로구,도림로26길
구로구,도림로26길
구로구,도림로28길
구로구,도림로28길
구로구,도림로3길
구로구,도림로3길
구로구,도림로6길
구로구,도림로6길
구로구,도림로8길
구로구,도림로8길
구로구,도림천로12길
구로구,도림천로12길
구로구,디지털로19길
구로구,디지털로19길
구로구,디지털로20길
구로구,디지털로20길
구로구,디지털로21길
구로구,디지털로21길
구로구,디지털로23길
구로구,디지털로23길
구로구,디지털로24가길
구로구,디지털로24가길
구로구,디지털로24길
구로구,디지털로24길
구로구,디지털로26길
구로구,디지털로26길
구로구,디지털로27가길
구로구,디지털로27가길
구로구,디지털로27길
구로구,디지털로27길
구로구,디지털로27길
구로구,디지털로27나길
구로구,디지털로27나길
구로구,디지털로27다길
구로구,디지털로27다길
구로구,디지털로27라길
구로구,디지털로27라길
구로구,디지털로29길
구로구,디지털로29길
구로구,디지털로30길
구로구,디지털로30길
구로구,디지털로31길
구로구,디지털로31길
구로구,디지털로32가길
구로구,디지털로32가길
구로구,디지털로32길
구로구,디지털로32길
구로구,디지털로32나길
구로구,디지털로32나길
구로구,디지털로32다길
구로구,디지털로32다길
구로구,디지털로33길
구로구,디지털로33길
구로구,디지털로34길
구로구,디지털로34길
구로구,디지털로35길
구로구,디지털로35길
구로구,목동로1길
구로구,목동로1길
구로구,벚꽃로68길
구로구,벚꽃로68길
구로구,벚꽃로70길
구로구,벚꽃로70길
구로구,벚꽃로72길
구로구,벚꽃로72길
구로구,벚꽃로74길
구로구,벚꽃로74길
구로구,벚꽃로76길
구로구,벚꽃로76길
구로구,벚꽃로78길
구로구,벚꽃로78길
구로구,부일로11길
구로구,부일로11길
구로구,부일로13길
구로구,부일로13길
구로구,부일로15가길
구로구,부일로15가길
구로구,부일로15길
구로구,부일로15길
구로구,부일로15나길
구로구,부일로15나길
구로구,부일로17길
구로구,부일로17길
구로구,부일로19길
구로구,부일로19길
구로구,부일로1가길
구로구,부일로1가길
구로구,부일로1길
구로구,부일로1길
구로구,부일로1나길
구로구,부일로1나길
구로구,부일로1다길
구로구,부일로1다길
구로구,부일로5길
구로구,부일로5길
구로구,부일로7길
구로구,부일로7길
구로구,부일로815번길
구로구,부일로815번길
구로구,부일로9길
구로구,부일로9길
구로구,부일로9길
구로구,새말로12길
구로구,새말로12길
구로구,새말로16길
구로구,새말로16길
구로구,새말로18길
구로구,새말로18길
구로구,새말로4길
구로구,새말로4길
구로구,새말로6길
구로구,새말로6길
구로구,새말로8가길
구로구,새말로8가길
구로구,새말로8길
구로구,새말로8길
구로구,새말로9길
구로구,새말로9길
구로구,서부샛길
구로구,서부샛길
구로구,서해안로18길
구로구,서해안로18길
구로구,서해안로20길
구로구,서해안로20길
구로구,서해안로21길
구로구,서해안로21길
구로구,서해안로24길
구로구,서해안로24길
구로구,서해안로26길
구로구,서해안로26길
구로구,서해안로28길
구로구,서해안로28길
구로구,서해안로30길
구로구,서해안로30길
구로구,서해안로32길
구로구,서해안로32길
구로구,서해안로34가길
구로구,서해안로34가길
구로구,서해안로34가길
구로구,서해안로34길
구로구,서해안로34길
구로구,시흥대로161가길
구로구,시흥대로161가길
구로구,시흥대로161길
구로구,시흥대로161길
구로구,시흥대로163길
구로구,시흥대로163길
구로구,신도림로11가길
구로구,신도림로11가길
구로구,신도림로11길
구로구,신도림로11길
구로구,신도림로11나길
구로구,신도림로11나길
구로구,신도림로11다길
구로구,신도림로11다길
구로구,신도림로11라길
구로구,신도림로11라길
구로구,신도림로13길
구로구,신도림로13길
구로구,신도림로15가길
구로구,신도림로15가길
구로구,신도림로15길
구로구,신도림로15길
구로구,신도림로19길
구로구,신도림로19길
구로구,신도림로21가길
구로구,신도림로21가길
구로구,신도림로21길
구로구,신도림로21길
구로구,신도림로3길
구로구,신도림로3길
구로구,신도림로5길
구로구,신도림로5길
구로구,신도림로7길
구로구,신도림로7길
구로구,신도림로9길
구로구,신도림로9길
구로구,안양천로537가길
구로구,안양천로537가길
구로구,안양천로537길
구로구,안양천로537길
구로구,안양천로537나길
구로구,안양천로537나길
구로구,안양천로537다길
구로구,안양천로537다길
구로구,안양천로539길
구로구,안양천로539길
구로구,연동로12길
구로구,연동로12길
구로구,연동로13길
구로구,연동로13길
구로구,오류로8가길
구로구,오류로8가길
구로구,오류로8길
구로구,오류로8길
구로구,오류로8나길
구로구,오류로8나길
구로구,오류로8다길
구로구,오류로8다길
구로구,오류로8라길
구로구,오류로8라길
구로구,오류로8마길
구로구,오류로8마길
구로구,오류로8바길
구로구,오류로8바길
구로구,오리로10길
구로구,오리로10길
구로구,오리로11길
구로구,오리로11길
구로구,오리로13가길
구로구,오리로13가길
구로구,오리로13길
구로구,오리로13길
구로구,오리로15길
구로구,오리로15길
구로구,오리로17길
구로구,오리로17길
구로구,오리로1길
구로구,오리로1길
구로구,오리로20길
구로구,오리로20길
구로구,오리로21가길
구로구,오리로21가길
구로구,오리로21길
구로구,오리로21길
구로구,오리로22가길
구로구,오리로22가길
구로구,오리로22길
구로구,오리로22길
구로구,오리로22나길
구로구,오리로22나길
구로구,오리로22다길
구로구,오리로22다길
구로구,오리로23길
구로구,오리로23길
구로구,오리로3길
구로구,오리로3길
구로구,오리로7길
구로구,오리로7길
구로구,오리로9길
구로구,오리로9길
구로구,우마1가길
구로구,우마1가길
구로구,우마1길
구로구,우마1길
구로구,우마1나길
구로구,우마1나길
구로구,우마1다길
구로구,우마1다길
구로구,우마2가길
구로구,우마2가길
구로구,우마2길
구로구,우마2길
구로구,우마2나길
구로구,우마2나길
구로구,우마3길
구로구,우마3길
구로구,우마길
구로구,우마길
구로구,중앙로10길
구로구,중앙로10길
구로구,중앙로12길
구로구,중앙로12길
구로구,중앙로13길
구로구,중앙로13길
구로구,중앙로14가길
구로구,중앙로14가길
구로구,중앙로14길
구로구,중앙로14길
구로구,중앙로14나길
구로구,중앙로14나길
구로구,중앙로15길
구로구,중앙로15길
구로구,중앙로15길
구로구,중앙로17길
구로구,중앙로17길
구로구,중앙로1길
구로구,중앙로1길
구로구,중앙로3길
구로구,중앙로3길
구로구,중앙로5길
구로구,중앙로5길
구로구,중앙로6길
구로구,중앙로6길
구로구,중앙로8길
구로구,중앙로8길
구로구,구로중앙로37길
구로구,새말로20길
구로구,신도림로17길
구로구,신도림로17길
구로구,천왕로1길
구로구,천왕로1길
구로구,천왕로3길
구로구,천왕로3길
구로구,천왕로3길
구로구,천왕로1가길
구로구,천왕로1가길
구로구,경인로61길
구로구,경인로61길
구로구,연동로11길
구로구,연동로11길
구로구,연동로8길
구로구,연동로8길
구로구,항동로4길
구로구,항동로4길
구로구,항동로3길
구로구,항동로3길
구로구,항동로2길
구로구,항동로2길
구로구,도림천서자전거길
구로구,도림천서자전거길
구로구,도림천동자전거길
구로구,안양천동자전거길
구로구,안양천동자전거길
구로구,안양천동자전거길
구로구,목감천동자전거길
구로구,목감천서자전거길
구로구,목감천서자전거길
구로구,목감천서자전거길
구로구,안양천서자전거길
구로구,안양천서자전거길