﻿광진구,천호대로
광진구,천호대로
광진구,천호대로
광진구,천호대로
광진구,천호대로
광진구,천호대로
광진구,동일로
광진구,동일로
광진구,동일로
광진구,동일로
광진구,동일로
광진구,아차산로
광진구,아차산로
광진구,아차산로
광진구,아차산로
광진구,아차산로
광진구,광나루로
광진구,광나루로
광진구,광나루로
광진구,광나루로
광진구,광나루로
광진구,광나루로
광진구,답십리로
광진구,답십리로
광진구,면목로
광진구,면목로
광진구,면목로
광진구,용마산로
광진구,용마산로
광진구,구천면로
광진구,구천면로
광진구,뚝섬로
광진구,뚝섬로
광진구,뚝섬로
광진구,강변역로
광진구,강변역로
광진구,광장로
광진구,광장로
광진구,구의강변로
광진구,구의강변로
광진구,구의강변로
광진구,구의로
광진구,구의로
광진구,군자로
광진구,군자로
광진구,군자로
광진구,긴고랑로
광진구,긴고랑로
광진구,능동로
광진구,능동로
광진구,능동로
광진구,능동로
광진구,능동로
광진구,능동로
광진구,영화사로
광진구,영화사로
광진구,영화사로
광진구,영화사로
광진구,워커힐로
광진구,워커힐로
광진구,워커힐로
광진구,자양로
광진구,자양로
광진구,자양로
광진구,자양로
광진구,자양번영로
광진구,자양번영로
광진구,강변북로
광진구,강변북로
광진구,강변북로
광진구,강변북로
광진구,동부간선로
광진구,강변역로2길
광진구,강변역로2길
광진구,강변역로4길
광진구,강변역로4길
광진구,광나루로12길
광진구,광나루로12길
광진구,광나루로13길
광진구,광나루로13길
광진구,광나루로14길
광진구,광나루로14길
광진구,광나루로15길
광진구,광나루로15길
광진구,광나루로16길
광진구,광나루로16길
광진구,광나루로17길
광진구,광나루로17길
광진구,광나루로18길
광진구,광나루로18길
광진구,광나루로19길
광진구,광나루로19길
광진구,광나루로20가길
광진구,광나루로20가길
광진구,광나루로20길
광진구,광나루로20길
광진구,광나루로22가길
광진구,광나루로22가길
광진구,광나루로22길
광진구,광나루로22길
광진구,광나루로22나길
광진구,광나루로22나길
광진구,광나루로24길
광진구,광나루로24길
광진구,광나루로26길
광진구,광나루로26길
광진구,광나루로28길
광진구,광나루로28길
광진구,광나루로30가길
광진구,광나루로30가길
광진구,광나루로30길
광진구,광나루로30길
광진구,광나루로30길
광진구,광나루로30나길
광진구,광나루로30나길
광진구,광나루로30다길
광진구,광나루로30다길
광진구,광나루로32길
광진구,광나루로32길
광진구,광나루로34길
광진구,광나루로34길
광진구,광나루로35길
광진구,광나루로35길
광진구,광나루로36길
광진구,광나루로36길
광진구,광나루로37길
광진구,광나루로37길
광진구,광나루로38길
광진구,광나루로38길
광진구,광나루로39길
광진구,광나루로39길
광진구,광나루로40길
광진구,광나루로40길
광진구,광나루로43길
광진구,광나루로43길
광진구,광나루로44길
광진구,광나루로44길
광진구,광나루로46길
광진구,광나루로46길
광진구,광나루로48길
광진구,광나루로48길
광진구,광나루로50길
광진구,광나루로50길
광진구,광나루로52길
광진구,광나루로52길
광진구,광나루로54길
광진구,광나루로54길
광진구,광나루로56길
광진구,광나루로56길
광진구,광장로1가길
광진구,광장로1가길
광진구,광장로1길
광진구,광장로1길
광진구,광장로1나길
광진구,광장로1나길
광진구,광장로1다길
광진구,광장로1다길
광진구,광장로3길
광진구,광장로3길
광진구,광장로5길
광진구,광장로5길
광진구,광장로7길
광진구,광장로7길
광진구,광장로9길
광진구,광장로9길
광진구,구의강변로1길
광진구,구의강변로1길
광진구,구의강변로3가길
광진구,구의강변로3가길
광진구,구의강변로3길
광진구,구의강변로3길
광진구,구의강변로5길
광진구,구의강변로5길
광진구,구의강변로7길
광진구,구의강변로7길
광진구,구의로10길
광진구,구의로10길
광진구,구의로11길
광진구,구의로11길
광진구,구의로12길
광진구,구의로12길
광진구,구의로14길
광진구,구의로14길
광진구,구의로16길
광진구,구의로16길
광진구,구의로1길
광진구,구의로1길
광진구,구의로3길
광진구,구의로3길
광진구,구의로4길
광진구,구의로4길
광진구,구의로6길
광진구,구의로6길
광진구,구의로8길
광진구,구의로8길
광진구,구의로9길
광진구,구의로9길
광진구,군자로10길
광진구,군자로10길
광진구,군자로11길
광진구,군자로11길
광진구,군자로12길
광진구,군자로12길
광진구,군자로13길
광진구,군자로13길
광진구,군자로15길
광진구,군자로15길
광진구,군자로17길
광진구,군자로17길
광진구,군자로2길
광진구,군자로2길
광진구,군자로3길
광진구,군자로3길
광진구,군자로4길
광진구,군자로4길
광진구,군자로5길
광진구,군자로5길
광진구,군자로6길
광진구,군자로6길
광진구,군자로7길
광진구,군자로7길
광진구,군자로9길
광진구,군자로9길
광진구,긴고랑로10길
광진구,긴고랑로10길
광진구,긴고랑로11길
광진구,긴고랑로11길
광진구,긴고랑로12길
광진구,긴고랑로12길
광진구,긴고랑로13길
광진구,긴고랑로13길
광진구,긴고랑로14길
광진구,긴고랑로14길
광진구,긴고랑로15길
광진구,긴고랑로15길
광진구,긴고랑로16길
광진구,긴고랑로16길
광진구,긴고랑로17길
광진구,긴고랑로17길
광진구,긴고랑로19길
광진구,긴고랑로19길
광진구,긴고랑로1길
광진구,긴고랑로1길
광진구,긴고랑로20길
광진구,긴고랑로20길
광진구,긴고랑로22길
광진구,긴고랑로22길
광진구,긴고랑로23길
광진구,긴고랑로23길
광진구,긴고랑로25길
광진구,긴고랑로25길
광진구,긴고랑로26길
광진구,긴고랑로26길
광진구,긴고랑로27길
광진구,긴고랑로27길
광진구,긴고랑로29길
광진구,긴고랑로29길
광진구,긴고랑로2길
광진구,긴고랑로2길
광진구,긴고랑로30길
광진구,긴고랑로30길
광진구,긴고랑로31길
광진구,긴고랑로31길
광진구,긴고랑로33길
광진구,긴고랑로33길
광진구,긴고랑로35길
광진구,긴고랑로35길
광진구,긴고랑로36길
광진구,긴고랑로36길
광진구,긴고랑로37길
광진구,긴고랑로37길
광진구,긴고랑로38길
광진구,긴고랑로38길
광진구,긴고랑로39길
광진구,긴고랑로39길
광진구,긴고랑로3길
광진구,긴고랑로3길
광진구,긴고랑로40길
광진구,긴고랑로40길
광진구,긴고랑로41길
광진구,긴고랑로41길
광진구,긴고랑로42길
광진구,긴고랑로42길
광진구,긴고랑로44길
광진구,긴고랑로44길
광진구,긴고랑로45길
광진구,긴고랑로45길
광진구,긴고랑로46가길
광진구,긴고랑로46가길
광진구,긴고랑로46길
광진구,긴고랑로46길
광진구,긴고랑로46나길
광진구,긴고랑로46나길
광진구,긴고랑로47길
광진구,긴고랑로47길
광진구,긴고랑로49길
광진구,긴고랑로49길
광진구,긴고랑로4길
광진구,긴고랑로4길
광진구,긴고랑로5길
광진구,긴고랑로5길
광진구,긴고랑로6길
광진구,긴고랑로6길
광진구,긴고랑로7길
광진구,긴고랑로7길
광진구,긴고랑로8길
광진구,긴고랑로8길
광진구,긴고랑로9길
광진구,긴고랑로9길
광진구,능동로10길
광진구,능동로10길
광진구,능동로11길
광진구,능동로11길
광진구,능동로13길
광진구,능동로13길
광진구,능동로15길
광진구,능동로15길
광진구,능동로16길
광진구,능동로16길
광진구,능동로17길
광진구,능동로17길
광진구,능동로19길
광진구,능동로19길
광진구,능동로1길
광진구,능동로1길
광진구,능동로21길
광진구,능동로21길
광진구,능동로23길
광진구,능동로23길
광진구,능동로24길
광진구,능동로24길
광진구,능동로25길
광진구,능동로25길
광진구,능동로26길
광진구,능동로26길
광진구,능동로27가길
광진구,능동로27가길
광진구,능동로27길
광진구,능동로27길
광진구,능동로27나길
광진구,능동로27나길
광진구,능동로28길
광진구,능동로28길
광진구,능동로29가길
광진구,능동로29가길
광진구,능동로29길
광진구,능동로29길
광진구,능동로30길
광진구,능동로30길
광진구,능동로31길
광진구,능동로31길
광진구,능동로32길
광진구,능동로32길
광진구,능동로34길
광진구,능동로34길
광진구,능동로35길
광진구,능동로35길
광진구,능동로36길
광진구,능동로36길
광진구,능동로37길
광진구,능동로37길
광진구,능동로38길
광진구,능동로38길
광진구,능동로39길
광진구,능동로39길
광진구,능동로3가길
광진구,능동로3가길
광진구,능동로3길
광진구,능동로3길
광진구,능동로3나길
광진구,능동로3나길
광진구,능동로3다길
광진구,능동로3다길
광진구,능동로3라길
광진구,능동로3라길
광진구,능동로3마길
광진구,능동로3마길
광진구,능동로40길
광진구,능동로40길
광진구,능동로41길
광진구,능동로41길
광진구,능동로42길
광진구,능동로42길
광진구,능동로43길
광진구,능동로43길
광진구,능동로44길
광진구,능동로44길
광진구,능동로46길
광진구,능동로46길
광진구,능동로47길
광진구,능동로47길
광진구,능동로48가길
광진구,능동로48가길
광진구,능동로48길
광진구,능동로48길
광진구,능동로49길
광진구,능동로49길
광진구,능동로4길
광진구,능동로4길
광진구,능동로50길
광진구,능동로50길
광진구,능동로51길
광진구,능동로51길
광진구,능동로53길
광진구,능동로53길
광진구,능동로55길
광진구,능동로55길
광진구,능동로57길
광진구,능동로57길
광진구,능동로59길
광진구,능동로59길
광진구,능동로5길
광진구,능동로5길
광진구,능동로6길
광진구,능동로6길
광진구,능동로7길
광진구,능동로7길
광진구,능동로8길
광진구,능동로8길
광진구,능동로9길
광진구,능동로9길
광진구,답십리로74길
광진구,답십리로74길
광진구,답십리로76길
광진구,답십리로76길
광진구,답십리로78길
광진구,답십리로78길
광진구,답십리로80길
광진구,답십리로80길
광진구,답십리로82길
광진구,답십리로82길
광진구,답십리로84길
광진구,답십리로84길
광진구,답십리로86길
광진구,답십리로86길
광진구,답십리로88길
광진구,답십리로88길
광진구,동일로10가길
광진구,동일로10가길
광진구,동일로10길
광진구,동일로10길
광진구,동일로10나길
광진구,동일로10나길
광진구,동일로10다길
광진구,동일로10다길
광진구,동일로12길
광진구,동일로12길
광진구,동일로14길
광진구,동일로14길
광진구,동일로16길
광진구,동일로16길
광진구,동일로18가길
광진구,동일로18가길
광진구,동일로18길
광진구,동일로18길
광진구,동일로18나길
광진구,동일로18나길
광진구,동일로20길
광진구,동일로20길
광진구,동일로22길
광진구,동일로22길
광진구,동일로24길
광진구,동일로24길
광진구,동일로26길
광진구,동일로26길
광진구,동일로28길
광진구,동일로28길
광진구,동일로2길
광진구,동일로2길
광진구,동일로30길
광진구,동일로30길
광진구,동일로32길
광진구,동일로32길
광진구,동일로34길
광진구,동일로34길
광진구,동일로36길
광진구,동일로36길
광진구,동일로38길
광진구,동일로38길
광진구,동일로40길
광진구,동일로40길
광진구,동일로42길
광진구,동일로42길
광진구,동일로44길
광진구,동일로44길
광진구,동일로46길
광진구,동일로46길
광진구,동일로48길
광진구,동일로48길
광진구,동일로4가길
광진구,동일로4가길
광진구,동일로4길
광진구,동일로4길
광진구,동일로50길
광진구,동일로50길
광진구,동일로52길
광진구,동일로52길
광진구,동일로54길
광진구,동일로54길
광진구,동일로56가길
광진구,동일로56가길
광진구,동일로56길
광진구,동일로56길
광진구,동일로56나길
광진구,동일로56나길
광진구,동일로56다길
광진구,동일로56다길
광진구,동일로56라길
광진구,동일로56라길
광진구,동일로58길
광진구,동일로58길
광진구,동일로60길
광진구,동일로60길
광진구,동일로62길
광진구,동일로62길
광진구,동일로64길
광진구,동일로64길
광진구,동일로66길
광진구,동일로66길
광진구,동일로68길
광진구,동일로68길
광진구,동일로6길
광진구,동일로6길
광진구,동일로70길
광진구,동일로70길
광진구,동일로72길
광진구,동일로72길
광진구,동일로74길
광진구,동일로74길
광진구,동일로76가길
광진구,동일로76가길
광진구,동일로76길
광진구,동일로76길
광진구,동일로76나길
광진구,동일로76나길
광진구,동일로78길
광진구,동일로78길
광진구,동일로80길
광진구,동일로80길
광진구,동일로8길
광진구,동일로8길
광진구,뚝섬로21길
광진구,뚝섬로21길
광진구,뚝섬로22가길
광진구,뚝섬로22가길
광진구,뚝섬로22길
광진구,뚝섬로22길
광진구,뚝섬로23가길
광진구,뚝섬로23가길
광진구,뚝섬로23길
광진구,뚝섬로23길
광진구,뚝섬로24길
광진구,뚝섬로24길
광진구,뚝섬로25가길
광진구,뚝섬로25가길
광진구,뚝섬로25길
광진구,뚝섬로25길
광진구,뚝섬로26길
광진구,뚝섬로26길
광진구,뚝섬로27길
광진구,뚝섬로27길
광진구,뚝섬로28길
광진구,뚝섬로28길
광진구,뚝섬로29길
광진구,뚝섬로29길
광진구,뚝섬로30가길
광진구,뚝섬로30가길
광진구,뚝섬로30길
광진구,뚝섬로30길
광진구,뚝섬로31가길
광진구,뚝섬로31가길
광진구,뚝섬로31길
광진구,뚝섬로31길
광진구,뚝섬로32가길
광진구,뚝섬로32가길
광진구,뚝섬로32길
광진구,뚝섬로32길
광진구,뚝섬로33길
광진구,뚝섬로33길
광진구,뚝섬로34길
광진구,뚝섬로34길
광진구,뚝섬로35길
광진구,뚝섬로35길
광진구,뚝섬로36가길
광진구,뚝섬로36가길
광진구,뚝섬로36길
광진구,뚝섬로36길
광진구,뚝섬로37길
광진구,뚝섬로37길
광진구,뚝섬로38길
광진구,뚝섬로38길
광진구,뚝섬로40길
광진구,뚝섬로40길
광진구,뚝섬로41길
광진구,뚝섬로41길
광진구,뚝섬로43길
광진구,뚝섬로43길
광진구,뚝섬로44길
광진구,뚝섬로44길
광진구,뚝섬로45길
광진구,뚝섬로45길
광진구,뚝섬로46길
광진구,뚝섬로46길
광진구,뚝섬로47길
광진구,뚝섬로47길
광진구,뚝섬로48길
광진구,뚝섬로48길
광진구,뚝섬로49길
광진구,뚝섬로49길
광진구,뚝섬로50길
광진구,뚝섬로50길
광진구,뚝섬로51길
광진구,뚝섬로51길
광진구,뚝섬로52가길
광진구,뚝섬로52가길
광진구,뚝섬로52길
광진구,뚝섬로52길
광진구,뚝섬로52나길
광진구,뚝섬로52나길
광진구,뚝섬로52다길
광진구,뚝섬로52다길
광진구,뚝섬로52라길
광진구,뚝섬로52라길
광진구,뚝섬로52마길
광진구,뚝섬로52마길
광진구,뚝섬로54길
광진구,뚝섬로54길
광진구,뚝섬로55길
광진구,뚝섬로55길
광진구,뚝섬로56가길
광진구,뚝섬로56가길
광진구,뚝섬로56길
광진구,뚝섬로56길
광진구,뚝섬로57가길
광진구,뚝섬로57가길
광진구,뚝섬로57길
광진구,뚝섬로57길
광진구,뚝섬로58가길
광진구,뚝섬로58가길
광진구,뚝섬로58길
광진구,뚝섬로58길
광진구,뚝섬로59길
광진구,뚝섬로59길
광진구,뚝섬로60길
광진구,뚝섬로60길
광진구,뚝섬로62길
광진구,뚝섬로62길
광진구,뚝섬로64길
광진구,뚝섬로64길
광진구,뚝섬로66길
광진구,뚝섬로66길
광진구,뚝섬로66길
광진구,뚝섬로67가길
광진구,뚝섬로67가길
광진구,뚝섬로67길
광진구,뚝섬로67길
광진구,면목로11길
광진구,면목로11길
광진구,면목로12길
광진구,면목로12길
광진구,면목로13길
광진구,면목로13길
광진구,면목로15길
광진구,면목로15길
광진구,면목로16길
광진구,면목로16길
광진구,면목로17길
광진구,면목로17길
광진구,면목로1길
광진구,면목로1길
광진구,면목로3길
광진구,면목로3길
광진구,면목로4길
광진구,면목로4길
광진구,면목로5길
광진구,면목로5길
광진구,면목로6길
광진구,면목로6길
광진구,면목로7길
광진구,면목로7길
광진구,면목로9길
광진구,면목로9길
광진구,아차산로21길
광진구,아차산로21길
광진구,아차산로22길
광진구,아차산로22길
광진구,아차산로23길
광진구,아차산로23길
광진구,아차산로24길
광진구,아차산로24길
광진구,아차산로25길
광진구,아차산로25길
광진구,아차산로26길
광진구,아차산로26길
광진구,아차산로27길
광진구,아차산로27길
광진구,아차산로28길
광진구,아차산로28길
광진구,아차산로29길
광진구,아차산로29길
광진구,아차산로30길
광진구,아차산로30길
광진구,아차산로31길
광진구,아차산로31길
광진구,아차산로32길
광진구,아차산로32길
광진구,아차산로33길
광진구,아차산로33길
광진구,아차산로34길
광진구,아차산로34길
광진구,아차산로36길
광진구,아차산로36길
광진구,아차산로38길
광진구,아차산로38길
광진구,아차산로39가길
광진구,아차산로39가길
광진구,아차산로39길
광진구,아차산로39길
광진구,아차산로40길
광진구,아차산로40길
광진구,아차산로41가길
광진구,아차산로41가길
광진구,아차산로41길
광진구,아차산로41길
광진구,아차산로42길
광진구,아차산로42길
광진구,아차산로44가길
광진구,아차산로44가길
광진구,아차산로44길
광진구,아차산로44길
광진구,아차산로45길
광진구,아차산로45길
광진구,아차산로46가길
광진구,아차산로46가길
광진구,아차산로46길
광진구,아차산로46길
광진구,아차산로46나길
광진구,아차산로46나길
광진구,아차산로49길
광진구,아차산로49길
광진구,아차산로51길
광진구,아차산로51길
광진구,아차산로53길
광진구,아차산로53길
광진구,아차산로55길
광진구,아차산로55길
광진구,아차산로57길
광진구,아차산로57길
광진구,아차산로58가길
광진구,아차산로58가길
광진구,아차산로58길
광진구,아차산로58길
광진구,아차산로58길
광진구,아차산로58나길
광진구,아차산로58나길
광진구,아차산로59길
광진구,아차산로59길
광진구,아차산로60길
광진구,아차산로60길
광진구,아차산로61길
광진구,아차산로61길
광진구,아차산로62길
광진구,아차산로62길
광진구,아차산로63길
광진구,아차산로63길
광진구,아차산로65길
광진구,아차산로65길
광진구,아차산로66길
광진구,아차산로66길
광진구,아차산로69길
광진구,아차산로69길
광진구,아차산로70길
광진구,아차산로70길
광진구,아차산로73길
광진구,아차산로73길
광진구,아차산로75길
광진구,아차산로75길
광진구,아차산로76가길
광진구,아차산로76가길
광진구,아차산로76길
광진구,아차산로76길
광진구,아차산로78가길
광진구,아차산로78가길
광진구,아차산로78길
광진구,아차산로78길
광진구,영화사로11길
광진구,영화사로11길
광진구,영화사로11길
광진구,영화사로13길
광진구,영화사로13길
광진구,영화사로15길
광진구,영화사로15길
광진구,영화사로16가길
광진구,영화사로16가길
광진구,영화사로16길
광진구,영화사로16길
광진구,영화사로16나길
광진구,영화사로16나길
광진구,영화사로1길
광진구,영화사로1길
광진구,영화사로20길
광진구,영화사로20길
광진구,영화사로3가길
광진구,영화사로3가길
광진구,영화사로3길
광진구,영화사로3길
광진구,영화사로3나길
광진구,영화사로3나길
광진구,영화사로5길
광진구,영화사로5길
광진구,영화사로7길
광진구,영화사로7길
광진구,영화사로9가길
광진구,영화사로9가길
광진구,영화사로9길
광진구,영화사로9길
광진구,영화사로9나길
광진구,영화사로9나길
광진구,용마산로10길
광진구,용마산로10길
광진구,용마산로12길
광진구,용마산로12길
광진구,용마산로14길
광진구,용마산로14길
광진구,용마산로16길
광진구,용마산로16길
광진구,용마산로18길
광진구,용마산로18길
광진구,용마산로1길
광진구,용마산로1길
광진구,용마산로20길
광진구,용마산로20길
광진구,용마산로21길
광진구,용마산로21길
광진구,용마산로22길
광진구,용마산로22길
광진구,용마산로23길
광진구,용마산로23길
광진구,용마산로24길
광진구,용마산로24길
광진구,용마산로25길
광진구,용마산로25길
광진구,용마산로26길
광진구,용마산로26길
광진구,용마산로27길
광진구,용마산로27길
광진구,용마산로28가길
광진구,용마산로28가길
광진구,용마산로28길
광진구,용마산로28길
광진구,용마산로28나길
광진구,용마산로28나길
광진구,용마산로28다길
광진구,용마산로28다길
광진구,용마산로29길
광진구,용마산로29길
광진구,용마산로2길
광진구,용마산로2길
광진구,용마산로30길
광진구,용마산로30길
광진구,용마산로31길
광진구,용마산로31길
광진구,용마산로32길
광진구,용마산로32길
광진구,용마산로33길
광진구,용마산로33길
광진구,용마산로34길
광진구,용마산로34길
광진구,용마산로36길
광진구,용마산로36길
광진구,용마산로3길
광진구,용마산로3길
광진구,용마산로4길
광진구,용마산로4길
광진구,용마산로5길
광진구,용마산로5길
광진구,용마산로6길
광진구,용마산로6길
광진구,용마산로7길
광진구,용마산로7길
광진구,용마산로8가길
광진구,용마산로8가길
광진구,용마산로8길
광진구,용마산로8길
광진구,용마산로8나길
광진구,용마산로8나길
광진구,용마산로8다길
광진구,용마산로8다길
광진구,용마산로8라길
광진구,용마산로8라길
광진구,용마산로8마길
광진구,용마산로8마길
광진구,자양강변길
광진구,자양강변길
광진구,자양로11길
광진구,자양로11길
광진구,자양로13가길
광진구,자양로13가길
광진구,자양로13길
광진구,자양로13길
광진구,자양로13나길
광진구,자양로13나길
광진구,자양로13다길
광진구,자양로13다길
광진구,자양로15길
광진구,자양로15길
광진구,자양로16길
광진구,자양로16길
광진구,자양로18길
광진구,자양로18길
광진구,자양로19가길
광진구,자양로19가길
광진구,자양로19가길
광진구,자양로19길
광진구,자양로19길
광진구,자양로21길
광진구,자양로21길
광진구,자양로22길
광진구,자양로22길
광진구,자양로23가길
광진구,자양로23가길
광진구,자양로23가길
광진구,자양로23길
광진구,자양로23길
광진구,자양로23길
광진구,자양로23나길
광진구,자양로23나길
광진구,자양로25길
광진구,자양로25길
광진구,자양로26길
광진구,자양로26길
광진구,자양로28가길
광진구,자양로28가길
광진구,자양로28길
광진구,자양로28길
광진구,자양로29길
광진구,자양로29길
광진구,자양로2길
광진구,자양로2길
광진구,자양로30길
광진구,자양로30길
광진구,자양로32길
광진구,자양로32길
광진구,자양로33길
광진구,자양로33길
광진구,자양로34길
광진구,자양로34길
광진구,자양로35길
광진구,자양로35길
광진구,자양로36길
광진구,자양로36길
광진구,자양로37가길
광진구,자양로37가길
광진구,자양로37길
광진구,자양로37길
광진구,자양로38길
광진구,자양로38길
광진구,자양로39길
광진구,자양로39길
광진구,자양로3가길
광진구,자양로3가길
광진구,자양로3길
광진구,자양로3길
광진구,자양로40길
광진구,자양로40길
광진구,자양로41길
광진구,자양로41길
광진구,자양로42길
광진구,자양로42길
광진구,자양로43길
광진구,자양로43길
광진구,자양로43길
광진구,자양로44가길
광진구,자양로44가길
광진구,자양로44길
광진구,자양로44길
광진구,자양로44나길
광진구,자양로44나길
광진구,자양로44다길
광진구,자양로44다길
광진구,자양로45길
광진구,자양로45길
광진구,자양로45길
광진구,자양로46길
광진구,자양로46길
광진구,자양로47길
광진구,자양로47길
광진구,자양로48길
광진구,자양로48길
광진구,자양로49길
광진구,자양로49길
광진구,자양로4가길
광진구,자양로4가길
광진구,자양로4길
광진구,자양로4길
광진구,자양로4나길
광진구,자양로4나길
광진구,자양로50가길
광진구,자양로50가길
광진구,자양로50길
광진구,자양로50길
광진구,자양로51길
광진구,자양로51길
광진구,자양로51길
광진구,자양로52길
광진구,자양로52길
광진구,자양로53길
광진구,자양로53길
광진구,자양로53길
광진구,자양로54길
광진구,자양로54길
광진구,자양로5길
광진구,자양로5길
광진구,자양로6길
광진구,자양로6길
광진구,자양로7길
광진구,자양로7길
광진구,자양로9길
광진구,자양로9길
광진구,자양번영로10길
광진구,자양번영로10길
광진구,자양번영로11길
광진구,자양번영로11길
광진구,자양번영로12길
광진구,자양번영로12길
광진구,자양번영로13길
광진구,자양번영로13길
광진구,자양번영로1길
광진구,자양번영로1길
광진구,자양번영로2길
광진구,자양번영로2길
광진구,자양번영로3가길
광진구,자양번영로3가길
광진구,자양번영로3길
광진구,자양번영로3길
광진구,자양번영로3나길
광진구,자양번영로3나길
광진구,자양번영로3다길
광진구,자양번영로3다길
광진구,자양번영로4길
광진구,자양번영로4길
광진구,자양번영로5길
광진구,자양번영로5길
광진구,자양번영로6길
광진구,자양번영로6길
광진구,자양번영로7길
광진구,자양번영로7길
광진구,자양번영로8길
광진구,자양번영로8길
광진구,자양번영로9길
광진구,자양번영로9길
광진구,천호대로101길
광진구,천호대로101길
광진구,천호대로102길
광진구,천호대로102길
광진구,천호대로103길
광진구,천호대로103길
광진구,천호대로104가길
광진구,천호대로104가길
광진구,천호대로104길
광진구,천호대로104길
광진구,천호대로104나길
광진구,천호대로104나길
광진구,천호대로105길
광진구,천호대로105길
광진구,천호대로107길
광진구,천호대로107길
광진구,천호대로109길
광진구,천호대로109길
광진구,천호대로110길
광진구,천호대로110길
광진구,천호대로111길
광진구,천호대로111길
광진구,천호대로112길
광진구,천호대로112길
광진구,천호대로113길
광진구,천호대로113길
광진구,천호대로114길
광진구,천호대로114길
광진구,천호대로115길
광진구,천호대로115길
광진구,천호대로116길
광진구,천호대로116길
광진구,천호대로117길
광진구,천호대로117길
광진구,천호대로118길
광진구,천호대로118길
광진구,천호대로119길
광진구,천호대로119길
광진구,천호대로120길
광진구,천호대로120길
광진구,천호대로121길
광진구,천호대로121길
광진구,천호대로122길
광진구,천호대로122길
광진구,천호대로123길
광진구,천호대로123길
광진구,천호대로124길
광진구,천호대로124길
광진구,천호대로125길
광진구,천호대로125길
광진구,천호대로127길
광진구,천호대로127길
광진구,천호대로129길
광진구,천호대로129길
광진구,천호대로129길
광진구,천호대로130길
광진구,천호대로130길
광진구,천호대로130길
광진구,천호대로131길
광진구,천호대로131길
광진구,천호대로132길
광진구,천호대로132길
광진구,천호대로134길
광진구,천호대로134길
광진구,천호대로135길
광진구,천호대로135길
광진구,천호대로136길
광진구,천호대로136길
광진구,천호대로137길
광진구,천호대로137길
광진구,천호대로138길
광진구,천호대로138길
광진구,천호대로140길
광진구,천호대로140길
광진구,천호대로141길
광진구,천호대로141길
광진구,천호대로143길
광진구,천호대로143길
광진구,천호대로145길
광진구,천호대로145길
광진구,한강북자전거길
광진구,중랑천동자전거길