﻿관악구,남부순환로
관악구,남부순환로
관악구,남부순환로
관악구,남부순환로
관악구,과천대로
관악구,과천대로
관악구,시흥대로
관악구,시흥대로
관악구,낙성대로
관악구,낙성대로
관악구,호암로
관악구,호암로
관악구,보라매로
관악구,보라매로
관악구,솔밭로
관악구,솔밭로
관악구,양녕로
관악구,양녕로
관악구,봉천로
관악구,봉천로
관악구,봉천로
관악구,문성로
관악구,문성로
관악구,관악로
관악구,관악로
관악구,관악로
관악구,관천로
관악구,관천로
관악구,난곡로
관악구,난곡로
관악구,성현로
관악구,성현로
관악구,신림로
관악구,신림로
관악구,신사로
관악구,신사로
관악구,신사로
관악구,신원로
관악구,신원로
관악구,쑥고개로
관악구,쑥고개로
관악구,쑥고개로
관악구,은천로
관악구,은천로
관악구,조원로
관악구,조원로
관악구,조원중앙로
관악구,조원중앙로
관악구,강남순환로
관악구,보라매로5가길
관악구,보라매로5가길
관악구,관악로10길
관악구,관악로10길
관악구,관악로11가길
관악구,관악로11가길
관악구,관악로11길
관악구,관악로11길
관악구,관악로12길
관악구,관악로12길
관악구,관악로13길
관악구,관악로13길
관악구,관악로14가길
관악구,관악로14가길
관악구,관악로14길
관악구,관악로14길
관악구,관악로14나길
관악구,관악로14나길
관악구,관악로15길
관악구,관악로15길
관악구,관악로16길
관악구,관악로16길
관악구,관악로17길
관악구,관악로17길
관악구,관악로24가길
관악구,관악로24가길
관악구,관악로24길
관악구,관악로24길
관악구,관악로24나길
관악구,관악로24나길
관악구,관악로25길
관악구,관악로25길
관악구,관악로28길
관악구,관악로28길
관악구,관악로29길
관악구,관악로29길
관악구,관악로30길
관악구,관악로30길
관악구,관악로30길
관악구,관악로37길
관악구,관악로37길
관악구,관악로38길
관악구,관악로38길
관악구,관악로40길
관악구,관악로40길
관악구,관악로5길
관악구,관악로5길
관악구,관악로6길
관악구,관악로6길
관악구,관악로8길
관악구,관악로8길
관악구,관천로10길
관악구,관천로10길
관악구,관천로11길
관악구,관천로11길
관악구,관천로12길
관악구,관천로12길
관악구,관천로15길
관악구,관천로15길
관악구,관천로16길
관악구,관천로16길
관악구,관천로17길
관악구,관천로17길
관악구,관천로18길
관악구,관천로18길
관악구,관천로19길
관악구,관천로19길
관악구,관천로20길
관악구,관천로20길
관악구,관천로21길
관악구,관천로21길
관악구,관천로22길
관악구,관천로22길
관악구,관천로23길
관악구,관천로23길
관악구,관천로24길
관악구,관천로24길
관악구,관천로25길
관악구,관천로25길
관악구,관천로26길
관악구,관천로26길
관악구,관천로27길
관악구,관천로27길
관악구,광신길
관악구,광신길
관악구,구암5가길
관악구,구암5가길
관악구,구암5길
관악구,구암5길
관악구,구암7길
관악구,구암7길
관악구,구암길
관악구,구암길
관악구,국회단지10길
관악구,국회단지10길
관악구,국회단지11길
관악구,국회단지11길
관악구,국회단지12길
관악구,국회단지12길
관악구,국회단지13길
관악구,국회단지13길
관악구,국회단지14길
관악구,국회단지14길
관악구,국회단지15길
관악구,국회단지15길
관악구,국회단지16길
관악구,국회단지16길
관악구,국회단지17길
관악구,국회단지17길
관악구,국회단지18길
관악구,국회단지18길
관악구,국회단지19길
관악구,국회단지19길
관악구,국회단지20길
관악구,국회단지20길
관악구,국회단지21길
관악구,국회단지21길
관악구,국회단지22길
관악구,국회단지22길
관악구,국회단지23길
관악구,국회단지23길
관악구,국회단지25길
관악구,국회단지25길
관악구,국회단지27길
관악구,국회단지27길
관악구,국회단지2길
관악구,국회단지2길
관악구,국회단지4길
관악구,국회단지4길
관악구,국회단지5길
관악구,국회단지5길
관악구,국회단지6길
관악구,국회단지6길
관악구,국회단지7길
관악구,국회단지7길
관악구,국회단지8길
관악구,국회단지8길
관악구,국회단지9길
관악구,국회단지9길
관악구,국회단지길
관악구,국회단지길
관악구,낙성대로15길
관악구,낙성대로15길
관악구,낙성대로3길
관악구,낙성대로3길
관악구,낙성대로4가길
관악구,낙성대로4가길
관악구,낙성대로4길
관악구,낙성대로4길
관악구,낙성대역10길
관악구,낙성대역10길
관악구,낙성대역12길
관악구,낙성대역12길
관악구,낙성대역14가길
관악구,낙성대역14가길
관악구,낙성대역14길
관악구,낙성대역14길
관악구,낙성대역16길
관악구,낙성대역16길
관악구,낙성대역18길
관악구,낙성대역18길
관악구,낙성대역3길
관악구,낙성대역3길
관악구,낙성대역4길
관악구,낙성대역4길
관악구,낙성대역6길
관악구,낙성대역6길
관악구,낙성대역8길
관악구,낙성대역8길
관악구,낙성대역길
관악구,낙성대역길
관악구,난곡로10길
관악구,난곡로10길
관악구,난곡로11가길
관악구,난곡로11가길
관악구,난곡로11길
관악구,난곡로11길
관악구,난곡로12길
관악구,난곡로12길
관악구,난곡로15길
관악구,난곡로15길
관악구,난곡로16가길
관악구,난곡로16가길
관악구,난곡로16길
관악구,난곡로16길
관악구,난곡로18길
관악구,난곡로18길
관악구,난곡로20길
관악구,난곡로20길
관악구,난곡로22길
관악구,난곡로22길
관악구,난곡로24가길
관악구,난곡로24가길
관악구,난곡로24길
관악구,난곡로24길
관악구,난곡로24나길
관악구,난곡로24나길
관악구,난곡로24다길
관악구,난곡로24다길
관악구,난곡로24라길
관악구,난곡로24라길
관악구,난곡로24마길
관악구,난곡로24마길
관악구,난곡로24바길
관악구,난곡로24바길
관악구,난곡로25가길
관악구,난곡로25가길
관악구,난곡로25길
관악구,난곡로25길
관악구,난곡로26가길
관악구,난곡로26가길
관악구,난곡로26길
관악구,난곡로26길
관악구,난곡로26나길
관악구,난곡로26나길
관악구,난곡로26다길
관악구,난곡로26다길
관악구,난곡로26라길
관악구,난곡로26라길
관악구,난곡로26마길
관악구,난곡로26마길
관악구,난곡로28길
관악구,난곡로28길
관악구,난곡로30가길
관악구,난곡로30가길
관악구,난곡로30길
관악구,난곡로30길
관악구,난곡로30나길
관악구,난곡로30나길
관악구,난곡로31길
관악구,난곡로31길
관악구,난곡로32길
관악구,난곡로32길
관악구,난곡로34가길
관악구,난곡로34가길
관악구,난곡로34길
관악구,난곡로34길
관악구,난곡로34나길
관악구,난곡로34나길
관악구,난곡로34다길
관악구,난곡로34다길
관악구,난곡로35가길
관악구,난곡로35가길
관악구,난곡로35길
관악구,난곡로35길
관악구,난곡로35나길
관악구,난곡로35나길
관악구,난곡로35다길
관악구,난곡로35다길
관악구,난곡로35라길
관악구,난곡로35라길
관악구,난곡로35마길
관악구,난곡로35마길
관악구,난곡로38길
관악구,난곡로38길
관악구,난곡로39길
관악구,난곡로39길
관악구,난곡로40길
관악구,난곡로40길
관악구,난곡로41길
관악구,난곡로41길
관악구,난곡로42길
관악구,난곡로42길
관악구,난곡로43길
관악구,난곡로43길
관악구,난곡로44길
관악구,난곡로44길
관악구,난곡로45길
관악구,난곡로45길
관악구,난곡로46길
관악구,난곡로46길
관악구,난곡로47길
관악구,난곡로47길
관악구,난곡로48길
관악구,난곡로48길
관악구,난곡로49길
관악구,난곡로49길
관악구,난곡로50길
관악구,난곡로50길
관악구,난곡로51길
관악구,난곡로51길
관악구,난곡로52길
관악구,난곡로52길
관악구,난곡로53길
관악구,난곡로53길
관악구,난곡로55길
관악구,난곡로55길
관악구,난곡로57길
관악구,난곡로57길
관악구,난곡로58길
관악구,난곡로58길
관악구,난곡로59길
관악구,난곡로59길
관악구,난곡로61길
관악구,난곡로61길
관악구,난곡로63가길
관악구,난곡로63가길
관악구,난곡로63길
관악구,난곡로63길
관악구,난곡로64가길
관악구,난곡로64가길
관악구,난곡로64길
관악구,난곡로64길
관악구,난곡로65길
관악구,난곡로65길
관악구,난곡로66가길
관악구,난곡로66가길
관악구,난곡로66길
관악구,난곡로66길
관악구,난곡로72길
관악구,난곡로72길
관악구,난곡로74길
관악구,난곡로74길
관악구,난곡로75길
관악구,난곡로75길
관악구,난곡로76길
관악구,난곡로76길
관악구,난곡로77길
관악구,난곡로77길
관악구,난곡로78길
관악구,난곡로78길
관악구,난곡로9길
관악구,난곡로9길
관악구,난우10가길
관악구,난우10가길
관악구,난우10길
관악구,난우10길
관악구,난우12길
관악구,난우12길
관악구,난우16길
관악구,난우16길
관악구,난우2길
관악구,난우2길
관악구,난우길
관악구,난우길
관악구,난향10길
관악구,난향10길
관악구,난향12길
관악구,난향12길
관악구,난향14길
관악구,난향14길
관악구,난향15길
관악구,난향15길
관악구,난향16길
관악구,난향16길
관악구,난향2길
관악구,난향2길
관악구,난향3길
관악구,난향3길
관악구,난향5길
관악구,난향5길
관악구,난향6길
관악구,난향6길
관악구,난향7길
관악구,난향7길
관악구,난향9길
관악구,난향9길
관악구,난향길
관악구,난향길
관악구,남부순환로125길
관악구,남부순환로125길
관악구,남부순환로131가길
관악구,남부순환로131가길
관악구,남부순환로131길
관악구,남부순환로131길
관악구,남부순환로141가길
관악구,남부순환로141가길
관악구,남부순환로141길
관악구,남부순환로141길
관악구,남부순환로142길
관악구,남부순환로142길
관악구,남부순환로143가길
관악구,남부순환로143가길
관악구,남부순환로143길
관악구,남부순환로143길
관악구,남부순환로143나길
관악구,남부순환로143나길
관악구,남부순환로144길
관악구,남부순환로144길
관악구,남부순환로145길
관악구,남부순환로145길
관악구,남부순환로149길
관악구,남부순환로149길
관악구,남부순환로151길
관악구,남부순환로151길
관악구,남부순환로152가길
관악구,남부순환로152가길
관악구,남부순환로152길
관악구,남부순환로152길
관악구,남부순환로153길
관악구,남부순환로153길
관악구,남부순환로154길
관악구,남부순환로154길
관악구,남부순환로155길
관악구,남부순환로155길
관악구,남부순환로156길
관악구,남부순환로156길
관악구,남부순환로157길
관악구,남부순환로157길
관악구,남부순환로159길
관악구,남부순환로159길
관악구,남부순환로160길
관악구,남부순환로160길
관악구,남부순환로161가길
관악구,남부순환로161가길
관악구,남부순환로161길
관악구,남부순환로161길
관악구,남부순환로161나길
관악구,남부순환로161나길
관악구,남부순환로163가길
관악구,남부순환로163가길
관악구,남부순환로163길
관악구,남부순환로163길
관악구,남부순환로163나길
관악구,남부순환로163나길
관악구,남부순환로163다길
관악구,남부순환로163다길
관악구,남부순환로164길
관악구,남부순환로164길
관악구,남부순환로165길
관악구,남부순환로165길
관악구,남부순환로166길
관악구,남부순환로166길
관악구,남부순환로167길
관악구,남부순환로167길
관악구,남부순환로168가길
관악구,남부순환로168가길
관악구,남부순환로168길
관악구,남부순환로168길
관악구,남부순환로168나길
관악구,남부순환로168나길
관악구,남부순환로168다길
관악구,남부순환로168다길
관악구,남부순환로168라길
관악구,남부순환로168라길
관악구,남부순환로170길
관악구,남부순환로170길
관악구,남부순환로172길
관악구,남부순환로172길
관악구,남부순환로176길
관악구,남부순환로176길
관악구,남부순환로180길
관악구,남부순환로180길
관악구,남부순환로181길
관악구,남부순환로181길
관악구,남부순환로182길
관악구,남부순환로182길
관악구,남부순환로184가길
관악구,남부순환로184가길
관악구,남부순환로184길
관악구,남부순환로184길
관악구,남부순환로185길
관악구,남부순환로185길
관악구,남부순환로186가길
관악구,남부순환로186가길
관악구,남부순환로186길
관악구,남부순환로186길
관악구,남부순환로187길
관악구,남부순환로187길
관악구,남부순환로188길
관악구,남부순환로188길
관악구,남부순환로190가길
관악구,남부순환로190가길
관악구,남부순환로190길
관악구,남부순환로190길
관악구,남부순환로191가길
관악구,남부순환로191가길
관악구,남부순환로191길
관악구,남부순환로191길
관악구,남부순환로191길
관악구,남부순환로192길
관악구,남부순환로192길
관악구,남부순환로194길
관악구,남부순환로194길
관악구,남부순환로196길
관악구,남부순환로196길
관악구,남부순환로198길
관악구,남부순환로198길
관악구,남부순환로200가길
관악구,남부순환로200가길
관악구,남부순환로200길
관악구,남부순환로200길
관악구,남부순환로200길
관악구,남부순환로200나길
관악구,남부순환로200나길
관악구,남부순환로200다길
관악구,남부순환로200다길
관악구,남부순환로202길
관악구,남부순환로202길
관악구,남부순환로206길
관악구,남부순환로206길
관악구,남부순환로208길
관악구,남부순환로208길
관악구,남부순환로209길
관악구,남부순환로209길
관악구,남부순환로210길
관악구,남부순환로210길
관악구,남부순환로214길
관악구,남부순환로214길
관악구,남부순환로216길
관악구,남부순환로216길
관악구,남부순환로218길
관악구,남부순환로218길
관악구,남부순환로220길
관악구,남부순환로220길
관악구,남부순환로224길
관악구,남부순환로224길
관악구,남부순환로226길
관악구,남부순환로226길
관악구,남부순환로228길
관악구,남부순환로228길
관악구,남부순환로230길
관악구,남부순환로230길
관악구,남부순환로231길
관악구,남부순환로231길
관악구,남부순환로233길
관악구,남부순환로233길
관악구,남부순환로234길
관악구,남부순환로234길
관악구,남부순환로237길
관악구,남부순환로237길
관악구,남부순환로239길
관악구,남부순환로239길
관악구,남부순환로240길
관악구,남부순환로240길
관악구,남부순환로241길
관악구,남부순환로241길
관악구,남부순환로244가길
관악구,남부순환로244가길
관악구,남부순환로244길
관악구,남부순환로244길
관악구,남부순환로245길
관악구,남부순환로245길
관악구,남부순환로246가길
관악구,남부순환로246가길
관악구,남부순환로246길
관악구,남부순환로246길
관악구,남부순환로246나길
관악구,남부순환로246나길
관악구,남부순환로246다길
관악구,남부순환로246다길
관악구,남부순환로246라길
관악구,남부순환로246라길
관악구,남부순환로247가길
관악구,남부순환로247가길
관악구,남부순환로247길
관악구,남부순환로247길
관악구,남부순환로247나길
관악구,남부순환로247나길
관악구,남부순환로247다길
관악구,남부순환로247다길
관악구,남부순환로248길
관악구,남부순환로248길
관악구,남부순환로249길
관악구,남부순환로249길
관악구,남부순환로251길
관악구,남부순환로251길
관악구,남부순환로256가길
관악구,남부순환로256가길
관악구,남부순환로256길
관악구,남부순환로256길
관악구,남부순환로256나길
관악구,남부순환로256나길
관악구,남부순환로256다길
관악구,남부순환로256다길
관악구,남부순환로256라길
관악구,남부순환로256라길
관악구,남부순환로260가길
관악구,남부순환로260가길
관악구,남부순환로260길
관악구,남부순환로260길
관악구,남부순환로262길
관악구,남부순환로262길
관악구,남부순환로266길
관악구,남부순환로266길
관악구,남부순환로272길
관악구,남부순환로272길
관악구,남현12길
관악구,남현12길
관악구,남현1가길
관악구,남현1가길
관악구,남현1길
관악구,남현1길
관악구,남현2길
관악구,남현2길
관악구,남현3가길
관악구,남현3가길
관악구,남현3길
관악구,남현3길
관악구,남현4길
관악구,남현4길
관악구,남현6길
관악구,남현6길
관악구,남현7길
관악구,남현7길
관악구,남현8길
관악구,남현8길
관악구,남현길
관악구,남현길
관악구,당곡2가길
관악구,당곡2가길
관악구,당곡2길
관악구,당곡2길
관악구,당곡4길
관악구,당곡4길
관악구,당곡6가길
관악구,당곡6가길
관악구,당곡6길
관악구,당곡6길
관악구,당곡6나길
관악구,당곡6나길
관악구,당곡6다길
관악구,당곡6다길
관악구,당곡6라길
관악구,당곡6라길
관악구,당곡길
관악구,당곡길
관악구,대학10길
관악구,대학10길
관악구,대학12길
관악구,대학12길
관악구,대학14길
관악구,대학14길
관악구,대학16길
관악구,대학16길
관악구,대학18길
관악구,대학18길
관악구,대학20길
관악구,대학20길
관악구,대학21길
관악구,대학21길
관악구,대학2길
관악구,대학2길
관악구,대학4길
관악구,대학4길
관악구,대학5길
관악구,대학5길
관악구,대학6길
관악구,대학6길
관악구,대학7가길
관악구,대학7가길
관악구,대학7길
관악구,대학7길
관악구,대학7길
관악구,대학길
관악구,대학길
관악구,문성로16가길
관악구,문성로16가길
관악구,문성로16길
관악구,문성로16길
관악구,문성로16나길
관악구,문성로16나길
관악구,문성로16다길
관악구,문성로16다길
관악구,문성로19길
관악구,문성로19길
관악구,문성로25길
관악구,문성로25길
관악구,문성로26길
관악구,문성로26길
관악구,문성로27길
관악구,문성로27길
관악구,문성로28가길
관악구,문성로28가길
관악구,문성로28길
관악구,문성로28길
관악구,문성로29길
관악구,문성로29길
관악구,문성로30길
관악구,문성로30길
관악구,문성로31길
관악구,문성로31길
관악구,문성로32가길
관악구,문성로32가길
관악구,문성로32길
관악구,문성로32길
관악구,문성로36길
관악구,문성로36길
관악구,문성로38가길
관악구,문성로38가길
관악구,문성로38길
관악구,문성로38길
관악구,문성로38나길
관악구,문성로38나길
관악구,문성로38다길
관악구,문성로38다길
관악구,문성로38라길
관악구,문성로38라길
관악구,문성로40길
관악구,문성로40길
관악구,미성10길
관악구,미성10길
관악구,미성1길
관악구,미성1길
관악구,미성3길
관악구,미성3길
관악구,미성5길
관악구,미성5길
관악구,미성7길
관악구,미성7길
관악구,미성8길
관악구,미성8길
관악구,미성길
관악구,미성길
관악구,법원단지10길
관악구,법원단지10길
관악구,법원단지12길
관악구,법원단지12길
관악구,법원단지13길
관악구,법원단지13길
관악구,법원단지14길
관악구,법원단지14길
관악구,법원단지16길
관악구,법원단지16길
관악구,법원단지17길
관악구,법원단지17길
관악구,법원단지18길
관악구,법원단지18길
관악구,법원단지20길
관악구,법원단지20길
관악구,법원단지21길
관악구,법원단지21길
관악구,법원단지22길
관악구,법원단지22길
관악구,법원단지24길
관악구,법원단지24길
관악구,법원단지25길
관악구,법원단지25길
관악구,법원단지26길
관악구,법원단지26길
관악구,법원단지28길
관악구,법원단지28길
관악구,법원단지29길
관악구,법원단지29길
관악구,법원단지2길
관악구,법원단지2길
관악구,법원단지30길
관악구,법원단지30길
관악구,법원단지31길
관악구,법원단지31길
관악구,법원단지32길
관악구,법원단지32길
관악구,법원단지33길
관악구,법원단지33길
관악구,법원단지34길
관악구,법원단지34길
관악구,법원단지36길
관악구,법원단지36길
관악구,법원단지3길
관악구,법원단지3길
관악구,법원단지5가길
관악구,법원단지5가길
관악구,법원단지5길
관악구,법원단지5길
관악구,법원단지5나길
관악구,법원단지5나길
관악구,법원단지5다길
관악구,법원단지5다길
관악구,법원단지5라길
관악구,법원단지5라길
관악구,법원단지7길
관악구,법원단지7길
관악구,법원단지9길
관악구,법원단지9길
관악구,법원단지길
관악구,법원단지길
관악구,보라매로2길
관악구,보라매로2길
관악구,보라매로3길
관악구,보라매로3길
관악구,보라매로5길
관악구,보라매로5길
관악구,보라매로6길
관악구,보라매로6길
관악구,보라매로7길
관악구,보라매로7길
관악구,복은12길
관악구,복은12길
관악구,복은14길
관악구,복은14길
관악구,복은2길
관악구,복은2길
관악구,복은4길
관악구,복은4길
관악구,복은6길
관악구,복은6길
관악구,복은7길
관악구,복은7길
관악구,복은8길
관악구,복은8길
관악구,복은길
관악구,복은길
관악구,복은길
관악구,봉천로12길
관악구,봉천로12길
관악구,봉천로13가길
관악구,봉천로13가길
관악구,봉천로13길
관악구,봉천로13길
관악구,봉천로13길
관악구,봉천로13나길
관악구,봉천로13나길
관악구,봉천로13다길
관악구,봉천로13다길
관악구,봉천로14길
관악구,봉천로14길
관악구,봉천로15길
관악구,봉천로15길
관악구,봉천로17가길
관악구,봉천로17가길
관악구,봉천로17길
관악구,봉천로17길
관악구,봉천로18길
관악구,봉천로18길
관악구,봉천로19길
관악구,봉천로19길
관악구,봉천로20길
관악구,봉천로20길
관악구,봉천로21가길
관악구,봉천로21가길
관악구,봉천로21길
관악구,봉천로21길
관악구,봉천로21나길
관악구,봉천로21나길
관악구,봉천로21다길
관악구,봉천로21다길
관악구,봉천로21라길
관악구,봉천로21라길
관악구,봉천로23가길
관악구,봉천로23가길
관악구,봉천로23길
관악구,봉천로23길
관악구,봉천로23나길
관악구,봉천로23나길
관악구,봉천로23다길
관악구,봉천로23다길
관악구,봉천로23라길
관악구,봉천로23라길
관악구,봉천로23마길
관악구,봉천로23마길
관악구,봉천로23바길
관악구,봉천로23바길
관악구,봉천로25길
관악구,봉천로25길
관악구,봉천로27길
관악구,봉천로27길
관악구,봉천로29길
관악구,봉천로29길
관악구,봉천로2길
관악구,봉천로2길
관악구,봉천로30길
관악구,봉천로30길
관악구,봉천로31길
관악구,봉천로31길
관악구,봉천로33가길
관악구,봉천로33가길
관악구,봉천로33길
관악구,봉천로33길
관악구,봉천로33나길
관악구,봉천로33나길
관악구,봉천로35길
관악구,봉천로35길
관악구,봉천로41길
관악구,봉천로41길
관악구,봉천로43길
관악구,봉천로43길
관악구,봉천로45길
관악구,봉천로45길
관악구,봉천로47길
관악구,봉천로47길
관악구,봉천로49가길
관악구,봉천로49가길
관악구,봉천로49길
관악구,봉천로49길
관악구,봉천로49나길
관악구,봉천로49나길
관악구,봉천로49다길
관악구,봉천로49다길
관악구,봉천로4길
관악구,봉천로4길
관악구,봉천로53길
관악구,봉천로53길
관악구,봉천로55길
관악구,봉천로55길
관악구,봉천로58길
관악구,봉천로58길
관악구,봉천로62길
관악구,봉천로62길
관악구,봉천로6길
관악구,봉천로6길
관악구,봉천로7길
관악구,봉천로7길
관악구,봉천로8길
관악구,봉천로8길
관악구,서림11가길
관악구,서림11가길
관악구,서림11길
관악구,서림11길
관악구,서림1길
관악구,서림1길
관악구,서림1길
관악구,서림3길
관악구,서림3길
관악구,서림5길
관악구,서림5길
관악구,서림6길
관악구,서림6길
관악구,서림7길
관악구,서림7길
관악구,서림9길
관악구,서림9길
관악구,서림길
관악구,서림길
관악구,서원10길
관악구,서원10길
관악구,서원1길
관악구,서원1길
관악구,서원2길
관악구,서원2길
관악구,서원3길
관악구,서원3길
관악구,서원4길
관악구,서원4길
관악구,서원5길
관악구,서원5길
관악구,서원6길
관악구,서원6길
관악구,서원7길
관악구,서원7길
관악구,서원8길
관악구,서원8길
관악구,서원길
관악구,서원길
관악구,솔밭로2길
관악구,솔밭로2길
관악구,솔밭로4길
관악구,솔밭로4길
관악구,솔밭로5길
관악구,솔밭로5길
관악구,솔밭로7길
관악구,솔밭로7길
관악구,승방10길
관악구,승방10길
관악구,승방1길
관악구,승방1길
관악구,승방2길
관악구,승방2길
관악구,승방3가길
관악구,승방3가길
관악구,승방3길
관악구,승방3길
관악구,승방3나길
관악구,승방3나길
관악구,승방4길
관악구,승방4길
관악구,승방6길
관악구,승방6길
관악구,승방7길
관악구,승방7길
관악구,승방9길
관악구,승방9길
관악구,승방길
관악구,승방길
관악구,시흥대로158가길
관악구,시흥대로158가길
관악구,시흥대로158길
관악구,시흥대로158길
관악구,시흥대로160길
관악구,시흥대로160길
관악구,시흥대로162길
관악구,시흥대로162길
관악구,시흥대로164길
관악구,시흥대로164길
관악구,시흥대로166길
관악구,시흥대로166길
관악구,신림동1길
관악구,신림동1길
관악구,신림동2길
관악구,신림동2길
관악구,신림동3길
관악구,신림동3길
관악구,신림동5가길
관악구,신림동5가길
관악구,신림동5길
관악구,신림동5길
관악구,신림동5나길
관악구,신림동5나길
관악구,신림동7길
관악구,신림동7길
관악구,신림동9길
관악구,신림동9길
관악구,신림동길
관악구,신림동길
관악구,신림로11가길
관악구,신림로11가길
관악구,신림로11길
관악구,신림로11길
관악구,신림로12길
관악구,신림로12길
관악구,신림로14길
관악구,신림로14길
관악구,신림로15길
관악구,신림로15길
관악구,신림로17길
관악구,신림로17길
관악구,신림로18가길
관악구,신림로18가길
관악구,신림로18길
관악구,신림로18길
관악구,신림로19길
관악구,신림로19길
관악구,신림로21길
관악구,신림로21길
관악구,신림로22길
관악구,신림로22길
관악구,신림로23길
관악구,신림로23길
관악구,신림로26길
관악구,신림로26길
관악구,신림로28길
관악구,신림로28길
관악구,신림로29길
관악구,신림로29길
관악구,신림로30길
관악구,신림로30길
관악구,신림로31가길
관악구,신림로31가길
관악구,신림로31길
관악구,신림로31길
관악구,신림로32길
관악구,신림로32길
관악구,신림로36길
관악구,신림로36길
관악구,신림로38길
관악구,신림로38길
관악구,신림로39길
관악구,신림로39길
관악구,신림로3가길
관악구,신림로3가길
관악구,신림로3길
관악구,신림로3길
관악구,신림로41길
관악구,신림로41길
관악구,신림로43길
관악구,신림로43길
관악구,신림로44가길
관악구,신림로44가길
관악구,신림로44길
관악구,신림로44길
관악구,신림로44나길
관악구,신림로44나길
관악구,신림로44다길
관악구,신림로44다길
관악구,신림로46길
관악구,신림로46길
관악구,신림로48가길
관악구,신림로48가길
관악구,신림로48길
관악구,신림로48길
관악구,신림로48나길
관악구,신림로48나길
관악구,신림로50길
관악구,신림로50길
관악구,신림로53가길
관악구,신림로53가길
관악구,신림로53길
관악구,신림로53길
관악구,신림로54가길
관악구,신림로54가길
관악구,신림로54길
관악구,신림로54길
관악구,신림로56길
관악구,신림로56길
관악구,신림로58가길
관악구,신림로58가길
관악구,신림로58길
관악구,신림로58길
관악구,신림로59길
관악구,신림로59길
관악구,신림로63길
관악구,신림로63길
관악구,신림로64길
관악구,신림로64길
관악구,신림로65길
관악구,신림로65길
관악구,신림로66길
관악구,신림로66길
관악구,신림로67길
관악구,신림로67길
관악구,신림로68길
관악구,신림로68길
관악구,신림로70길
관악구,신림로70길
관악구,신림로71길
관악구,신림로71길
관악구,신림로73길
관악구,신림로73길
관악구,신림로7가길
관악구,신림로7가길
관악구,신림로7길
관악구,신림로7길
관악구,신림로7나길
관악구,신림로7나길
관악구,신림로8길
관악구,신림로8길
관악구,신사로10길
관악구,신사로10길
관악구,신사로12길
관악구,신사로12길
관악구,신사로14길
관악구,신사로14길
관악구,신사로16길
관악구,신사로16길
관악구,신사로18길
관악구,신사로18길
관악구,신사로20길
관악구,신사로20길
관악구,신사로22길
관악구,신사로22길
관악구,신사로24길
관악구,신사로24길
관악구,신사로26길
관악구,신사로26길
관악구,신원로1길
관악구,신원로1길
관악구,신원로2길
관악구,신원로2길
관악구,신원로3가길
관악구,신원로3가길
관악구,신원로3길
관악구,신원로3길
관악구,신원로3나길
관악구,신원로3나길
관악구,신원로3다길
관악구,신원로3다길
관악구,신원로3라길
관악구,신원로3라길
관악구,신원로3마길
관악구,신원로3마길
관악구,신원로4길
관악구,신원로4길
관악구,신원로5길
관악구,신원로5길
관악구,쑥고개로11길
관악구,쑥고개로11길
관악구,쑥고개로13길
관악구,쑥고개로13길
관악구,쑥고개로16길
관악구,쑥고개로16길
관악구,쑥고개로1가길
관악구,쑥고개로1가길
관악구,쑥고개로1길
관악구,쑥고개로1길
관악구,쑥고개로1나길
관악구,쑥고개로1나길
관악구,청룡중앙길
관악구,청룡중앙길
관악구,쑥고개로21길
관악구,쑥고개로21길
관악구,쑥고개로22길
관악구,쑥고개로22길
관악구,쑥고개로24길
관악구,쑥고개로24길
관악구,쑥고개로26길
관악구,쑥고개로26길
관악구,쑥고개로28길
관악구,쑥고개로28길
관악구,쑥고개로2가길
관악구,쑥고개로2가길
관악구,쑥고개로2길
관악구,쑥고개로2길
관악구,쑥고개로2나길
관악구,쑥고개로2나길
관악구,쑥고개로2다길
관악구,쑥고개로2다길
관악구,쑥고개로2라길
관악구,쑥고개로2라길
관악구,쑥고개로30길
관악구,쑥고개로30길
관악구,쑥고개로3길
관악구,쑥고개로3길
관악구,양녕로10길
관악구,양녕로10길
관악구,양녕로16길
관악구,양녕로16길
관악구,양녕로1가길
관악구,양녕로1가길
관악구,양녕로1길
관악구,양녕로1길
관악구,양녕로2가길
관악구,양녕로2가길
관악구,양녕로2길
관악구,양녕로2길
관악구,양녕로5길
관악구,양녕로5길
관악구,양녕로6가길
관악구,양녕로6가길
관악구,양녕로6길
관악구,양녕로6길
관악구,양녕로6나길
관악구,양녕로6나길
관악구,양녕로6다길
관악구,양녕로6다길
관악구,양녕로6라길
관악구,양녕로6라길
관악구,양녕로7길
관악구,양녕로7길
관악구,은천로10길
관악구,은천로10길
관악구,은천로11길
관악구,은천로11길
관악구,은천로15길
관악구,은천로15길
관악구,은천로19길
관악구,은천로19길
관악구,은천로1길
관악구,은천로1길
관악구,은천로21길
관악구,은천로21길
관악구,은천로23길
관악구,은천로23길
관악구,은천로24길
관악구,은천로24길
관악구,은천로25가길
관악구,은천로25가길
관악구,은천로25길
관악구,은천로25길
관악구,은천로26길
관악구,은천로26길
관악구,은천로28가길
관악구,은천로28가길
관악구,은천로28길
관악구,은천로28길
관악구,은천로2길
관악구,은천로2길
관악구,은천로30길
관악구,은천로30길
관악구,은천로32길
관악구,은천로32길
관악구,은천로33길
관악구,은천로33길
관악구,은천로34길
관악구,은천로34길
관악구,은천로35가길
관악구,은천로35가길
관악구,은천로35길
관악구,은천로35길
관악구,은천로35나길
관악구,은천로35나길
관악구,은천로35다길
관악구,은천로35다길
관악구,은천로35라길
관악구,은천로35라길
관악구,은천로35마길
관악구,은천로35마길
관악구,은천로35바길
관악구,은천로35바길
관악구,은천로36길
관악구,은천로36길
관악구,은천로37길
관악구,은천로37길
관악구,은천로38길
관악구,은천로38길
관악구,은천로39길
관악구,은천로39길
관악구,은천로41길
관악구,은천로41길
관악구,은천로5길
관악구,은천로5길
관악구,은천로6길
관악구,은천로6길
관악구,은천로8길
관악구,은천로8길
관악구,은천로9길
관악구,은천로9길
관악구,인헌11길
관악구,인헌11길
관악구,인헌12가길
관악구,인헌12가길
관악구,인헌12길
관악구,인헌12길
관악구,인헌12나길
관악구,인헌12나길
관악구,인헌12다길
관악구,인헌12다길
관악구,인헌13길
관악구,인헌13길
관악구,인헌14길
관악구,인헌14길
관악구,인헌15길
관악구,인헌15길
관악구,인헌16가길
관악구,인헌16가길
관악구,인헌16길
관악구,인헌16길
관악구,인헌16나길
관악구,인헌16나길
관악구,인헌16다길
관악구,인헌16다길
관악구,인헌17길
관악구,인헌17길
관악구,인헌19길
관악구,인헌19길
관악구,인헌1가길
관악구,인헌1가길
관악구,인헌1길
관악구,인헌1길
관악구,인헌1나길
관악구,인헌1나길
관악구,인헌1다길
관악구,인헌1다길
관악구,인헌21길
관악구,인헌21길
관악구,인헌23길
관악구,인헌23길
관악구,인헌2길
관악구,인헌2길
관악구,인헌3가길
관악구,인헌3가길
관악구,인헌3길
관악구,인헌3길
관악구,인헌3나길
관악구,인헌3나길
관악구,인헌4길
관악구,인헌4길
관악구,인헌6길
관악구,인헌6길
관악구,인헌7길
관악구,인헌7길
관악구,인헌9길
관악구,인헌9길
관악구,인헌길
관악구,인헌길
관악구,인헌길
관악구,장군봉11길
관악구,장군봉11길
관악구,장군봉13길
관악구,장군봉13길
관악구,장군봉15길
관악구,장군봉15길
관악구,장군봉1길
관악구,장군봉1길
관악구,장군봉2길
관악구,장군봉2길
관악구,장군봉3길
관악구,장군봉3길
관악구,장군봉4길
관악구,장군봉4길
관악구,장군봉5길
관악구,장군봉5길
관악구,장군봉6길
관악구,장군봉6길
관악구,장군봉7길
관악구,장군봉7길
관악구,장군봉8길
관악구,장군봉8길
관악구,장군봉9길
관악구,장군봉9길
관악구,장군봉길
관악구,장군봉길
관악구,장군봉길
관악구,조원로10길
관악구,조원로10길
관악구,조원로11길
관악구,조원로11길
관악구,조원로12길
관악구,조원로12길
관악구,조원로13길
관악구,조원로13길
관악구,조원로14길
관악구,조원로14길
관악구,조원로15길
관악구,조원로15길
관악구,조원로16가길
관악구,조원로16가길
관악구,조원로16길
관악구,조원로16길
관악구,조원로17길
관악구,조원로17길
관악구,조원로18길
관악구,조원로18길
관악구,조원로19길
관악구,조원로19길
관악구,조원로20길
관악구,조원로20길
관악구,조원로21길
관악구,조원로21길
관악구,조원로22길
관악구,조원로22길
관악구,조원로23길
관악구,조원로23길
관악구,조원로2가길
관악구,조원로2가길
관악구,조원로2길
관악구,조원로2길
관악구,조원로31길
관악구,조원로31길
관악구,조원로33길
관악구,조원로33길
관악구,조원로4길
관악구,조원로4길
관악구,조원로6길
관악구,조원로6길
관악구,조원로8길
관악구,조원로8길
관악구,조원중앙로1길
관악구,조원중앙로1길
관악구,조원중앙로2길
관악구,조원중앙로2길
관악구,중앙1가길
관악구,중앙1가길
관악구,중앙1길
관악구,중앙1길
관악구,중앙1나길
관악구,중앙1나길
관악구,중앙2길
관악구,중앙2길
관악구,중앙길
관악구,중앙길
관악구,청룡10길
관악구,청룡10길
관악구,청룡11길
관악구,청룡11길
관악구,청룡12길
관악구,청룡12길
관악구,청룡13길
관악구,청룡13길
관악구,청룡15길
관악구,청룡15길
관악구,청룡16길
관악구,청룡16길
관악구,청룡1길
관악구,청룡1길
관악구,청룡2길
관악구,청룡2길
관악구,청룡3길
관악구,청룡3길
관악구,청룡4길
관악구,청룡4길
관악구,청룡5길
관악구,청룡5길
관악구,청룡6길
관악구,청룡6길
관악구,청룡7길
관악구,청룡7길
관악구,청룡8길
관악구,청룡8길
관악구,청룡9길
관악구,청룡9길
관악구,청룡길
관악구,청룡길
관악구,청림1길
관악구,청림1길
관악구,청림2길
관악구,청림2길
관악구,청림3가길
관악구,청림3가길
관악구,청림3길
관악구,청림3길
관악구,청림3나길
관악구,청림3나길
관악구,청림3다길
관악구,청림3다길
관악구,청림3라길
관악구,청림3라길
관악구,청림3마길
관악구,청림3마길
관악구,청림3바길
관악구,청림3바길
관악구,청림5가길
관악구,청림5가길
관악구,청림5길
관악구,청림5길
관악구,청림5나길
관악구,청림5나길
관악구,청림6길
관악구,청림6길
관악구,청림길
관악구,청림길
관악구,행운10길
관악구,행운10길
관악구,행운1가길
관악구,행운1가길
관악구,행운1길
관악구,행운1길
관악구,행운1나길
관악구,행운1나길
관악구,행운1다길
관악구,행운1다길
관악구,행운1라길
관악구,행운1라길
관악구,행운1마길
관악구,행운1마길
관악구,행운1바길
관악구,행운1바길
관악구,행운2길
관악구,행운2길
관악구,행운4길
관악구,행운4길
관악구,행운5길
관악구,행운5길
관악구,행운6길
관악구,행운6길
관악구,행운7길
관악구,행운7길
관악구,행운8길
관악구,행운8길
관악구,행운9길
관악구,행운9길
관악구,행운길
관악구,행운길
관악구,호암로16길
관악구,호암로16길
관악구,호암로18가길
관악구,호암로18가길
관악구,호암로18길
관악구,호암로18길
관악구,호암로18나길
관악구,호암로18나길
관악구,호암로18다길
관악구,호암로18다길
관악구,호암로20길
관악구,호암로20길
관악구,호암로22가길
관악구,호암로22가길
관악구,호암로22길
관악구,호암로22길
관악구,호암로24가길
관악구,호암로24가길
관악구,호암로24길
관악구,호암로24길
관악구,호암로26가길
관악구,호암로26가길
관악구,호암로26길
관악구,호암로26길
관악구,관악로11나길
관악구,관악로11나길
관악구,봉천로5길
관악구,양산길
관악구,양산길
관악구,양산2길
관악구,양산2길
관악구,양산3길
관악구,양산3길
관악구,방천길
관악구,방천길
관악구,양지길
관악구,양지길
관악구,양지1길
관악구,양지1길
관악구,양지2길
관악구,양지2길
관악구,양지3길
관악구,양지3길
관악구,양지4길
관악구,양지4길
관악구,양지5길
관악구,양지5길
관악구,양지6길
관악구,양지6길
관악구,양지7길
관악구,양지7길
관악구,양지8길
관악구,양지8길
관악구,양지9길
관악구,양지9길
관악구,양지10길
관악구,양지10길
관악구,양지11길
관악구,양지11길
관악구,양지12길
관악구,양지12길
관악구,양지13길
관악구,양지13길
관악구,양지14길
관악구,양지14길
관악구,양지15길
관악구,양지15길
관악구,양지16길
관악구,양지16길
관악구,양지17길
관악구,양지17길
관악구,원신길
관악구,원신길
관악구,원신1길
관악구,원신1길
관악구,원신2길
관악구,원신2길
관악구,원신3길
관악구,원신3길
관악구,원신4길
관악구,원신4길
관악구,원신5길
관악구,원신5길
관악구,원신6길
관악구,원신6길
관악구,원신7길
관악구,원신7길
관악구,원신8길
관악구,원신8길
관악구,원신9길
관악구,원신9길
관악구,원신10길
관악구,원신10길
관악구,원신11길
관악구,원신11길
관악구,태흥길
관악구,태흥길
관악구,성림길
관악구,성림길
관악구,성림1길
관악구,성림1길
관악구,성림2길
관악구,성림2길
관악구,성림3길
관악구,성림3길
관악구,동마길
관악구,동마길
관악구,밤골길
관악구,밤골길
관악구,신우길
관악구,신우길
관악구,약수암길
관악구,약수암길
관악구,약수암1길
관악구,약수암1길
관악구,광신1길
관악구,광신1길
관악구,광신3길
관악구,광신3길
관악구,광신5길
관악구,광신5길
관악구,참숯길
관악구,참숯길
관악구,참숯1길
관악구,참숯1길
관악구,참숯1길
관악구,참숯5길
관악구,참숯5길
관악구,참숯5길
관악구,복은10길
관악구,복은10길
관악구,관악산나들길
관악구,관악산나들길
관악구,도림천서자전거길
관악구,도림천동자전거길