﻿중구,세종대로
중구,세종대로
중구,세종대로
중구,세종대로
중구,세종대로
중구,세종대로
중구,세종대로
중구,세종대로
중구,세종대로
중구,세종대로
중구,세종대로
중구,녹사평대로
중구,한강대로
중구,한강대로
중구,한강대로
중구,삼일대로
중구,삼일대로
중구,삼일대로
중구,삼일대로
중구,삼일대로
중구,삼일대로
중구,통일로
중구,통일로
중구,통일로
중구,통일로
중구,통일로
중구,통일로
중구,통일로
중구,동호로
중구,동호로
중구,동호로
중구,동호로
중구,동호로
중구,동호로
중구,동호로
중구,동호로
중구,무교로
중구,무교로
중구,무교로
중구,무교로
중구,새문안로
중구,새문안로
중구,수표로
중구,수표로
중구,수표로
중구,수표로
중구,수표로
중구,수표로
중구,수표로
중구,수표로
중구,창경궁로
중구,창경궁로
중구,창경궁로
중구,창경궁로
중구,창경궁로
중구,창경궁로
중구,창경궁로
중구,마장로
중구,마장로
중구,마장로
중구,마장로
중구,서소문로
중구,서소문로
중구,서소문로
중구,서소문로
중구,서소문로
중구,서소문로
중구,왕십리로
중구,왕십리로
중구,난계로
중구,난계로
중구,난계로
중구,청계천로
중구,청계천로
중구,청계천로
중구,청계천로
중구,청계천로
중구,청계천로
중구,청계천로
중구,청계천로
중구,청계천로
중구,청계천로
중구,청계천로
중구,청계천로
중구,청계천로
중구,남대문로
중구,남대문로
중구,남대문로
중구,남대문로
중구,남대문로
중구,남대문로
중구,남대문로
중구,남대문로
중구,남대문로
중구,남대문로
중구,남대문로
중구,남대문로
중구,남대문로
중구,남대문로
중구,남대문로
중구,마른내로
중구,마른내로
중구,마른내로
중구,마른내로
중구,마른내로
중구,마른내로
중구,마른내로
중구,마른내로
중구,마른내로
중구,서애로
중구,서애로
중구,서애로
중구,서애로
중구,서애로
중구,소공로
중구,소공로
중구,소공로
중구,소공로
중구,소공로
중구,소공로
중구,소공로
중구,소파로
중구,소파로
중구,소파로
중구,소파로
중구,소파로
중구,소파로
중구,을지로
중구,을지로
중구,을지로
중구,을지로
중구,을지로
중구,을지로
중구,을지로
중구,을지로
중구,을지로
중구,을지로
중구,을지로
중구,중림로
중구,중림로
중구,중림로
중구,청구로
중구,청구로
중구,충무로
중구,충무로
중구,충무로
중구,충무로
중구,충무로
중구,충무로
중구,충무로
중구,칠패로
중구,칠패로
중구,칠패로
중구,칠패로
중구,칠패로
중구,퇴계로
중구,퇴계로
중구,퇴계로
중구,퇴계로
중구,퇴계로
중구,퇴계로
중구,퇴계로
중구,퇴계로
중구,퇴계로
중구,퇴계로
중구,퇴계로
중구,퇴계로
중구,퇴계로
중구,퇴계로
중구,퇴계로
중구,퇴계로
중구,퇴계로
중구,퇴계로
중구,퇴계로
중구,퇴계로
중구,퇴계로
중구,퇴계로
중구,퇴계로
중구,퇴계로
중구,퇴계로
중구,퇴계로
중구,퇴계로
중구,퇴계로
중구,퇴계로
중구,필동로
중구,필동로
중구,필동로
중구,필동로
중구,다산로
중구,다산로
중구,다산로
중구,다산로
중구,만리재로
중구,만리재로
중구,만리재로
중구,소월로
중구,소월로
중구,소월로
중구,손기정로
중구,손기정로
중구,손기정로
중구,장충단로
중구,장충단로
중구,장충단로
중구,장충단로
중구,장충단로
중구,장충단로
중구,장충단로
중구,장충단로
중구,장충단로
중구,청파로
중구,청파로
중구,청파로
중구,후암로
중구,후암로
중구,난계로10길
중구,난계로10길
중구,난계로11길
중구,난계로11길
중구,난계로13길
중구,난계로13길
중구,난계로15길
중구,난계로15길
중구,난계로17길
중구,난계로17길
중구,난계로19길
중구,난계로19길
중구,난계로21길
중구,난계로21길
중구,난계로23길
중구,난계로23길
중구,난계로6길
중구,난계로6길
중구,남대문로10길
중구,남대문로10길
중구,남대문로10길
중구,남대문로1길
중구,남대문로1길
중구,남대문로1길
중구,남대문로1길
중구,남대문로1길
중구,남대문로5길
중구,남대문로5길
중구,남대문로5길
중구,남대문로7길
중구,남대문로7길
중구,남대문로9길
중구,남대문로9길
중구,남대문로9길
중구,남대문로9길
중구,남대문시장10길
중구,남대문시장10길
중구,남대문시장2가길
중구,남대문시장2가길
중구,남대문시장2길
중구,남대문시장2길
중구,남대문시장4길
중구,남대문시장4길
중구,남대문시장6길
중구,남대문시장6길
중구,남대문시장8길
중구,남대문시장8길
중구,남대문시장8길
중구,남대문시장길
중구,남대문시장길
중구,남대문시장길
중구,남대문시장길
중구,남대문시장길
중구,남대문시장길
중구,남산공원길
중구,남산공원길
중구,남산공원길
중구,남산공원길
중구,다동길
중구,다동길
중구,다동길
중구,다산로10길
중구,다산로10길
중구,다산로11길
중구,다산로11길
중구,다산로12길
중구,다산로12길
중구,다산로14길
중구,다산로14길
중구,다산로15길
중구,다산로15길
중구,다산로16길
중구,다산로16길
중구,다산로18길
중구,다산로18길
중구,다산로19길
중구,다산로19길
중구,다산로20길
중구,다산로20길
중구,다산로21길
중구,다산로21길
중구,다산로22길
중구,다산로22길
중구,다산로24가길
중구,다산로24가길
중구,다산로24길
중구,다산로24길
중구,다산로25길
중구,다산로25길
중구,다산로27길
중구,다산로27길
중구,다산로28가길
중구,다산로28가길
중구,다산로28길
중구,다산로28길
중구,다산로28나길
중구,다산로28나길
중구,다산로29길
중구,다산로29길
중구,다산로31길
중구,다산로31길
중구,다산로32길
중구,다산로32길
중구,다산로33가길
중구,다산로33가길
중구,다산로33길
중구,다산로33길
중구,다산로33나길
중구,다산로33나길
중구,다산로33다길
중구,다산로33다길
중구,다산로33라길
중구,다산로33라길
중구,다산로34길
중구,다산로34길
중구,다산로35길
중구,다산로35길
중구,다산로35길
중구,다산로36가길
중구,다산로36가길
중구,다산로36길
중구,다산로36길
중구,다산로36나길
중구,다산로36나길
중구,다산로36다길
중구,다산로36다길
중구,다산로38길
중구,다산로38길
중구,다산로39가길
중구,다산로39가길
중구,다산로39길
중구,다산로39길
중구,다산로39길
중구,다산로40길
중구,다산로40길
중구,다산로42가길
중구,다산로42가길
중구,다산로42길
중구,다산로42길
중구,다산로42나길
중구,다산로42나길
중구,다산로42다길
중구,다산로42다길
중구,다산로44길
중구,다산로44길
중구,다산로46길
중구,다산로46길
중구,다산로46길
중구,다산로47길
중구,다산로47길
중구,다산로47길
중구,다산로48길
중구,다산로48길
중구,다산로48길
중구,다산로4길
중구,다산로4길
중구,다산로5길
중구,다산로5길
중구,다산로6길
중구,다산로6길
중구,다산로8길
중구,다산로8길
중구,덕수궁길
중구,덕수궁길
중구,덕수궁길
중구,덕수궁길
중구,동호로10길
중구,동호로10길
중구,동호로11가길
중구,동호로11가길
중구,동호로11길
중구,동호로11길
중구,동호로11나길
중구,동호로11나길
중구,동호로11다길
중구,동호로11다길
중구,동호로11라길
중구,동호로11라길
중구,동호로11마길
중구,동호로11마길
중구,동호로11바길
중구,동호로11바길
중구,동호로11아길
중구,동호로11아길
중구,동호로11자길
중구,동호로11자길
중구,동호로11차길
중구,동호로11차길
중구,동호로11차길
중구,동호로12길
중구,동호로12길
중구,동호로14길
중구,동호로14길
중구,동호로15가길
중구,동호로15가길
중구,동호로15길
중구,동호로15길
중구,동호로17가길
중구,동호로17가길
중구,동호로17길
중구,동호로17길
중구,동호로17나길
중구,동호로17나길
중구,동호로17다길
중구,동호로17다길
중구,동호로18길
중구,동호로18길
중구,동호로20가길
중구,동호로20가길
중구,동호로20길
중구,동호로20길
중구,동호로20길
중구,동호로20나길
중구,동호로20나길
중구,동호로20다길
중구,동호로20다길
중구,동호로24길
중구,동호로24길
중구,동호로24길
중구,동호로25가길
중구,동호로25가길
중구,동호로25길
중구,동호로25길
중구,동호로27길
중구,동호로27길
중구,동호로27길
중구,동호로28길
중구,동호로28길
중구,동호로30길
중구,동호로30길
중구,동호로31길
중구,동호로31길
중구,동호로31길
중구,동호로33길
중구,동호로33길
중구,동호로33길
중구,동호로34길
중구,동호로34길
중구,동호로34길
중구,동호로34길
중구,동호로35길
중구,동호로35길
중구,동호로37길
중구,동호로37길
중구,동호로37길
중구,동호로5길
중구,동호로5길
중구,동호로7길
중구,동호로7길
중구,동호로8가길
중구,동호로8가길
중구,동호로8길
중구,동호로8길
중구,동호로8나길
중구,동호로8나길
중구,동호로8다길
중구,동호로8다길
중구,동호로8라길
중구,동호로8라길
중구,마른내로10길
중구,마른내로10길
중구,마른내로10길
중구,마른내로10길
중구,마른내로12길
중구,마른내로12길
중구,마른내로12길
중구,마른내로2길
중구,마른내로2길
중구,마른내로2길
중구,마른내로4가길
중구,마른내로4가길
중구,마른내로4가길
중구,마른내로4가길
중구,마른내로4길
중구,마른내로4길
중구,마른내로4길
중구,마른내로4길
중구,마른내로4길
중구,마른내로6길
중구,마른내로6길
중구,마른내로6길
중구,마른내로8길
중구,마른내로8길
중구,마른내로8길
중구,마른내로9길
중구,마른내로9길
중구,마른내로9길
중구,마장로11길
중구,마장로11길
중구,마장로13길
중구,마장로13길
중구,마장로14가길
중구,마장로14가길
중구,마장로14길
중구,마장로14길
중구,마장로15길
중구,마장로15길
중구,마장로16길
중구,마장로16길
중구,마장로18길
중구,마장로18길
중구,마장로1가길
중구,마장로1가길
중구,마장로1길
중구,마장로1길
중구,마장로3길
중구,마장로3길
중구,마장로5길
중구,마장로5길
중구,마장로7길
중구,마장로7길
중구,마장로9길
중구,마장로9길
중구,만리재로21길
중구,만리재로21길
중구,만리재로27길
중구,만리재로27길
중구,만리재로33길
중구,만리재로33길
중구,만리재로35길
중구,만리재로35길
중구,만리재로35길
중구,만리재로37길
중구,만리재로37길
중구,만리재로37길
중구,매봉18길
중구,매봉18길
중구,명동10길
중구,명동10길
중구,명동10길
중구,명동11길
중구,명동11길
중구,명동11길
중구,명동13길
중구,명동13길
중구,명동13길
중구,명동2길
중구,명동2길
중구,명동2길
중구,명동3길
중구,명동3길
중구,명동3길
중구,명동4길
중구,명동4길
중구,명동4길
중구,명동6길
중구,명동6길
중구,명동7가길
중구,명동7가길
중구,명동7길
중구,명동7길
중구,명동7길
중구,명동8가길
중구,명동8가길
중구,명동8가길
중구,명동8길
중구,명동8길
중구,명동8길
중구,명동8길
중구,명동8나길
중구,명동8나길
중구,명동9가길
중구,명동9가길
중구,명동9길
중구,명동9길
중구,명동9길
중구,명동길
중구,명동길
중구,명동길
중구,명동길
중구,삼일대로10길
중구,삼일대로10길
중구,삼일대로12길
중구,삼일대로12길
중구,삼일대로12길
중구,삼일대로12길
중구,삼일대로2길
중구,삼일대로2길
중구,삼일대로2길
중구,삼일대로2길
중구,삼일대로4길
중구,삼일대로4길
중구,삼일대로6길
중구,삼일대로6길
중구,삼일대로8길
중구,삼일대로8길
중구,삼일대로9길
중구,삼일대로9길
중구,서소문로11길
중구,서소문로11길
중구,서소문로11길
중구,서소문로12길
중구,서소문로12길
중구,서소문로2길
중구,서소문로2길
중구,서소문로6길
중구,서소문로6길
중구,서소문로9길
중구,서소문로9길
중구,서애로1길
중구,서애로1길
중구,서애로1길
중구,서애로1길
중구,서애로1길
중구,서애로3길
중구,서애로3길
중구,서애로3길
중구,서애로5길
중구,서애로5길
중구,서애로5길
중구,세종대로11길
중구,세종대로11길
중구,세종대로12길
중구,세종대로12길
중구,세종대로12길
중구,세종대로14길
중구,세종대로14길
중구,세종대로14길
중구,세종대로16길
중구,세종대로16길
중구,세종대로16길
중구,세종대로18길
중구,세종대로18길
중구,세종대로18길
중구,세종대로18길
중구,세종대로19길
중구,세종대로19길
중구,세종대로1길
중구,세종대로1길
중구,세종대로1길
중구,세종대로20길
중구,세종대로20길
중구,세종대로20길
중구,세종대로21길
중구,세종대로21길
중구,세종대로21길
중구,세종대로22길
중구,세종대로22길
중구,세종대로2가길
중구,세종대로2가길
중구,세종대로2길
중구,세종대로2길
중구,세종대로2나길
중구,세종대로2나길
중구,세종대로4길
중구,세종대로4길
중구,세종대로5길
중구,세종대로5길
중구,세종대로5길
중구,세종대로7길
중구,세종대로7길
중구,세종대로7길
중구,세종대로7길
중구,세종대로9길
중구,세종대로9길
중구,세종대로9길
중구,소공로1길
중구,소공로1길
중구,소공로3길
중구,소공로3길
중구,소공로3길
중구,소공로4길
중구,소공로4길
중구,소공로6가길
중구,소공로6가길
중구,소공로6가길
중구,소공로6가길
중구,소공로6길
중구,소공로6길
중구,소공로6길
중구,소공로6길
중구,소공로6나길
중구,소공로6나길
중구,소공로7길
중구,소공로7길
중구,소월로1길
중구,소월로1길
중구,소월로2길
중구,소월로2길
중구,소월로3길
중구,소파로2길
중구,소파로2길
중구,소파로4길
중구,소파로4길
중구,손기정로12길
중구,손기정로12길
중구,손기정로1길
중구,손기정로1길
중구,수표로10길
중구,수표로10길
중구,수표로10길
중구,수표로12길
중구,수표로12길
중구,수표로12길
중구,수표로2길
중구,수표로2길
중구,수표로2길
중구,수표로4길
중구,수표로4길
중구,수표로6길
중구,수표로6길
중구,왕십리로37길
중구,왕십리로37길
중구,왕십리로39길
중구,왕십리로39길
중구,을지로11길
중구,을지로11길
중구,을지로11길
중구,을지로11길
중구,을지로12길
중구,을지로12길
중구,을지로12길
중구,을지로12길
중구,을지로13길
중구,을지로13길
중구,을지로14길
중구,을지로14길
중구,을지로14길
중구,을지로15길
중구,을지로15길
중구,을지로15길
중구,을지로16길
중구,을지로16길
중구,을지로16길
중구,을지로16길
중구,을지로17길
중구,을지로17길
중구,을지로17길
중구,을지로17길
중구,을지로18길
중구,을지로18길
중구,을지로18길
중구,을지로18길
중구,을지로19길
중구,을지로19길
중구,을지로19길
중구,을지로1길
중구,을지로1길
중구,을지로1길
중구,을지로1길
중구,을지로20길
중구,을지로20길
중구,을지로20길
중구,을지로20길
중구,을지로22길
중구,을지로22길
중구,을지로22길
중구,을지로24길
중구,을지로24길
중구,을지로24길
중구,을지로27가길
중구,을지로27가길
중구,을지로27길
중구,을지로27길
중구,을지로27길
중구,을지로28길
중구,을지로28길
중구,을지로30길
중구,을지로30길
중구,을지로30길
중구,을지로30길
중구,을지로30길
중구,을지로32길
중구,을지로32길
중구,을지로32길
중구,을지로33길
중구,을지로33길
중구,을지로33길
중구,을지로35길
중구,을지로35길
중구,을지로35길
중구,을지로35길
중구,을지로35길
중구,을지로36길
중구,을지로36길
중구,을지로36길
중구,을지로38길
중구,을지로38길
중구,을지로38길
중구,을지로38길
중구,을지로38길
중구,을지로39길
중구,을지로39길
중구,을지로3길
중구,을지로3길
중구,을지로40길
중구,을지로40길
중구,을지로40길
중구,을지로41길
중구,을지로41길
중구,을지로42길
중구,을지로42길
중구,을지로42길
중구,을지로43길
중구,을지로43길
중구,을지로44길
중구,을지로44길
중구,을지로44길
중구,을지로45길
중구,을지로45길
중구,을지로5길
중구,을지로5길
중구,을지로5길
중구,을지로9길
중구,을지로9길
중구,을지로9길
중구,을지로9길
중구,장충단로10길
중구,장충단로10길
중구,장충단로13길
중구,장충단로13길
중구,장충단로4길
중구,장충단로4길
중구,장충단로6가길
중구,장충단로6가길
중구,장충단로6길
중구,장충단로6길
중구,장충단로7가길
중구,장충단로7가길
중구,장충단로7길
중구,장충단로7길
중구,장충단로7길
중구,장충단로8가길
중구,장충단로8가길
중구,장충단로8가길
중구,장충단로8길
중구,장충단로8길
중구,장충단로8길
중구,장충단로8길
중구,장충단로8나길
중구,장충단로8나길
중구,장충단로8나길
중구,정동길
중구,정동길
중구,정동길
중구,중림로2길
중구,중림로2길
중구,중림로4길
중구,중림로4길
중구,중림로5길
중구,중림로5길
중구,중림로7길
중구,중림로7길
중구,중림로8길
중구,중림로8길
중구,중림로8길
중구,중림로9길
중구,중림로9길
중구,창경궁로1길
중구,창경궁로1길
중구,창경궁로1길
중구,창경궁로5가길
중구,창경궁로5가길
중구,창경궁로5가길
중구,창경궁로5길
중구,창경궁로5길
중구,창경궁로5길
중구,창경궁로5나길
중구,창경궁로5나길
중구,창경궁로5다길
중구,창경궁로5다길
중구,창경궁로7길
중구,창경궁로7길
중구,창경궁로8길
중구,창경궁로8길
중구,청구로10길
중구,청구로10길
중구,청구로12길
중구,청구로12길
중구,청구로14길
중구,청구로14길
중구,청구로16길
중구,청구로16길
중구,청구로17길
중구,청구로17길
중구,청구로19길
중구,청구로19길
중구,청구로1길
중구,청구로1길
중구,청구로21길
중구,청구로21길
중구,청구로22길
중구,청구로22길
중구,청구로24길
중구,청구로24길
중구,청구로3가길
중구,청구로3가길
중구,청구로3길
중구,청구로3길
중구,청구로3나길
중구,청구로3나길
중구,청구로3다길
중구,청구로3다길
중구,청구로4길
중구,청구로4길
중구,청구로6길
중구,청구로6길
중구,청구로8길
중구,청구로8길
중구,청파로103길
중구,청파로103길
중구,충무로11길
중구,충무로11길
중구,충무로11길
중구,충무로13길
중구,충무로13길
중구,충무로14길
중구,충무로14길
중구,충무로2길
중구,충무로2길
중구,충무로2길
중구,충무로4길
중구,충무로4길
중구,충무로4길
중구,충무로5길
중구,충무로5길
중구,충무로5길
중구,충무로7길
중구,충무로7길
중구,충무로9길
중구,충무로9길
중구,충무로9길
중구,통일로4길
중구,통일로4길
중구,통일로4길
중구,퇴계로10길
중구,퇴계로10길
중구,퇴계로12가길
중구,퇴계로12가길
중구,퇴계로12길
중구,퇴계로12길
중구,퇴계로12길
중구,퇴계로14길
중구,퇴계로14길
중구,퇴계로14길
중구,퇴계로16길
중구,퇴계로16길
중구,퇴계로16길
중구,퇴계로18길
중구,퇴계로18길
중구,퇴계로18길
중구,퇴계로18길
중구,퇴계로20가길
중구,퇴계로20가길
중구,퇴계로20길
중구,퇴계로20길
중구,퇴계로20나길
중구,퇴계로20나길
중구,퇴계로20나길
중구,퇴계로22길
중구,퇴계로22길
중구,퇴계로22길
중구,퇴계로24길
중구,퇴계로24길
중구,퇴계로26가길
중구,퇴계로26가길
중구,퇴계로26길
중구,퇴계로26길
중구,퇴계로26길
중구,퇴계로27길
중구,퇴계로27길
중구,퇴계로27길
중구,퇴계로27길
중구,퇴계로27길
중구,퇴계로28길
중구,퇴계로28길
중구,퇴계로28길
중구,퇴계로2길
중구,퇴계로2길
중구,퇴계로30길
중구,퇴계로30길
중구,퇴계로30길
중구,퇴계로31길
중구,퇴계로31길
중구,퇴계로31길
중구,퇴계로32길
중구,퇴계로32길
중구,퇴계로32길
중구,퇴계로32길
중구,퇴계로34길
중구,퇴계로34길
중구,퇴계로34길
중구,퇴계로36가길
중구,퇴계로36가길
중구,퇴계로36길
중구,퇴계로36길
중구,퇴계로36나길
중구,퇴계로36나길
중구,퇴계로37길
중구,퇴계로37길
중구,퇴계로37길
중구,퇴계로37길
중구,퇴계로39길
중구,퇴계로39길
중구,퇴계로39길
중구,퇴계로41가길
중구,퇴계로41가길
중구,퇴계로41가길
중구,퇴계로41길
중구,퇴계로41길
중구,퇴계로41길
중구,퇴계로42길
중구,퇴계로42길
중구,퇴계로44길
중구,퇴계로44길
중구,퇴계로44길
중구,퇴계로44길
중구,퇴계로45길
중구,퇴계로45길
중구,퇴계로45길
중구,퇴계로45길
중구,퇴계로46길
중구,퇴계로46길
중구,퇴계로48길
중구,퇴계로48길
중구,퇴계로49길
중구,퇴계로49길
중구,퇴계로49길
중구,퇴계로4길
중구,퇴계로4길
중구,퇴계로4길
중구,퇴계로50가길
중구,퇴계로50가길
중구,퇴계로50가길
중구,퇴계로50길
중구,퇴계로50길
중구,퇴계로50길
중구,퇴계로51길
중구,퇴계로51길
중구,퇴계로51길
중구,퇴계로52길
중구,퇴계로52길
중구,퇴계로52길
중구,퇴계로53길
중구,퇴계로53길
중구,퇴계로54길
중구,퇴계로54길
중구,퇴계로54길
중구,퇴계로56가길
중구,퇴계로56가길
중구,퇴계로56길
중구,퇴계로56길
중구,퇴계로56길
중구,퇴계로58길
중구,퇴계로58길
중구,퇴계로58길
중구,퇴계로60길
중구,퇴계로60길
중구,퇴계로62길
중구,퇴계로62길
중구,퇴계로63길
중구,퇴계로63길
중구,퇴계로63길
중구,퇴계로64길
중구,퇴계로64길
중구,퇴계로66길
중구,퇴계로66길
중구,퇴계로67길
중구,퇴계로67길
중구,퇴계로68길
중구,퇴계로68길
중구,퇴계로6가길
중구,퇴계로6가길
중구,퇴계로6길
중구,퇴계로6길
중구,퇴계로6길
중구,퇴계로70길
중구,퇴계로70길
중구,퇴계로71길
중구,퇴계로71길
중구,퇴계로73가길
중구,퇴계로73가길
중구,퇴계로73길
중구,퇴계로73길
중구,퇴계로73길
중구,퇴계로74길
중구,퇴계로74길
중구,퇴계로74길
중구,퇴계로75길
중구,퇴계로75길
중구,퇴계로76길
중구,퇴계로76길
중구,퇴계로76길
중구,퇴계로78길
중구,퇴계로78길
중구,퇴계로80길
중구,퇴계로80길
중구,퇴계로81가길
중구,퇴계로81가길
중구,퇴계로81길
중구,퇴계로81길
중구,퇴계로81길
중구,퇴계로83길
중구,퇴계로83길
중구,퇴계로84길
중구,퇴계로84길
중구,퇴계로85길
중구,퇴계로85길
중구,퇴계로86가길
중구,퇴계로86가길
중구,퇴계로86길
중구,퇴계로86길
중구,퇴계로87길
중구,퇴계로87길
중구,퇴계로88가길
중구,퇴계로88가길
중구,퇴계로88길
중구,퇴계로88길
중구,퇴계로88나길
중구,퇴계로88나길
중구,퇴계로88다길
중구,퇴계로88다길
중구,퇴계로8길
중구,퇴계로8길
중구,퇴계로90길
중구,퇴계로90길
중구,필동로1길
중구,필동로1길
중구,필동로1길
중구,필동로3길
중구,필동로3길
중구,필동로3길
중구,필동로5길
중구,필동로5길
중구,필동로5길
중구,필동로6길
중구,필동로6길
중구,필동로6길
중구,필동로6길
중구,필동로8가길
중구,필동로8가길
중구,필동로8가길
중구,필동로8길
중구,필동로8길
중구,필동로8길
중구,후암로58길
중구,후암로58길
중구,후암로60길
중구,후암로60길
중구,녹사평대로58길
중구,삼일대로13길
중구,삼일대로13길
중구,서소문로8길
중구,을지로7길
중구,통일로2길
중구,통일로2길
중구,환일길
중구,환일길