﻿중랑구,구리포천고속도로
중랑구,구리포천고속도로
중랑구,동일로
중랑구,동일로
중랑구,동일로
중랑구,동일로
중랑구,동일로
중랑구,동일로
중랑구,답십리로
중랑구,답십리로
중랑구,면목로
중랑구,면목로
중랑구,면목로
중랑구,용마산로
중랑구,용마산로
중랑구,용마산로
중랑구,용마산로
중랑구,겸재로
중랑구,겸재로
중랑구,겸재로
중랑구,망우로
중랑구,망우로
중랑구,망우로
중랑구,망우로
중랑구,사가정로
중랑구,사가정로
중랑구,공릉로
중랑구,공릉로
중랑구,면목천로
중랑구,면목천로
중랑구,봉우재로
중랑구,봉우재로
중랑구,봉우재로
중랑구,봉우재로
중랑구,봉화산로
중랑구,봉화산로
중랑구,봉화산로
중랑구,봉화산로
중랑구,봉화산로
중랑구,상봉로
중랑구,상봉로
중랑구,상봉로
중랑구,상봉로
중랑구,상봉중앙로
중랑구,상봉중앙로
중랑구,숙선옹주로
중랑구,숙선옹주로
중랑구,신내로
중랑구,신내로
중랑구,신내로
중랑구,신내로
중랑구,양원역로
중랑구,양원역로
중랑구,용마공원로
중랑구,용마공원로
중랑구,중랑역로
중랑구,중랑역로
중랑구,중랑역로
중랑구,중랑천로
중랑구,중랑천로
중랑구,중랑천로
중랑구,중랑천로
중랑구,중랑천로
중랑구,신내역로
중랑구,신내역로
중랑구,신내역로
중랑구,경춘북로
중랑구,경춘북로
중랑구,동부간선로
중랑구,동부간선로
중랑구,겸재로10가길
중랑구,겸재로10가길
중랑구,겸재로10길
중랑구,겸재로10길
중랑구,겸재로13길
중랑구,겸재로13길
중랑구,겸재로15길
중랑구,겸재로15길
중랑구,겸재로18길
중랑구,겸재로18길
중랑구,겸재로22길
중랑구,겸재로22길
중랑구,겸재로23가길
중랑구,겸재로23가길
중랑구,겸재로23길
중랑구,겸재로23길
중랑구,겸재로24길
중랑구,겸재로24길
중랑구,겸재로26길
중랑구,겸재로26길
중랑구,겸재로27가길
중랑구,겸재로27가길
중랑구,겸재로27길
중랑구,겸재로27길
중랑구,겸재로28길
중랑구,겸재로28길
중랑구,겸재로29길
중랑구,겸재로29길
중랑구,겸재로2길
중랑구,겸재로2길
중랑구,겸재로30가길
중랑구,겸재로30가길
중랑구,겸재로30길
중랑구,겸재로30길
중랑구,겸재로35길
중랑구,겸재로35길
중랑구,겸재로36길
중랑구,겸재로36길
중랑구,겸재로3길
중랑구,겸재로3길
중랑구,겸재로40길
중랑구,겸재로40길
중랑구,겸재로42길
중랑구,겸재로42길
중랑구,겸재로44길
중랑구,겸재로44길
중랑구,겸재로46길
중랑구,겸재로46길
중랑구,겸재로48길
중랑구,겸재로48길
중랑구,겸재로49길
중랑구,겸재로49길
중랑구,겸재로4길
중랑구,겸재로4길
중랑구,겸재로50가길
중랑구,겸재로50가길
중랑구,겸재로50길
중랑구,겸재로50길
중랑구,겸재로50나길
중랑구,겸재로50나길
중랑구,겸재로54가길
중랑구,겸재로54가길
중랑구,겸재로54길
중랑구,겸재로54길
중랑구,겸재로61가길
중랑구,겸재로61가길
중랑구,겸재로61길
중랑구,겸재로61길
중랑구,겸재로64길
중랑구,겸재로64길
중랑구,겸재로7길
중랑구,겸재로7길
중랑구,겸재로9길
중랑구,겸재로9길
중랑구,공릉로12가길
중랑구,공릉로12가길
중랑구,공릉로12길
중랑구,공릉로12길
중랑구,공릉로12나길
중랑구,공릉로12나길
중랑구,공릉로13길
중랑구,공릉로13길
중랑구,공릉로14길
중랑구,공릉로14길
중랑구,공릉로16길
중랑구,공릉로16길
중랑구,공릉로18길
중랑구,공릉로18길
중랑구,공릉로2가길
중랑구,공릉로2가길
중랑구,공릉로2길
중랑구,공릉로2길
중랑구,공릉로2나길
중랑구,공릉로2나길
중랑구,공릉로2다길
중랑구,공릉로2다길
중랑구,공릉로2라길
중랑구,공릉로2라길
중랑구,공릉로4길
중랑구,공릉로4길
중랑구,답십리로75길
중랑구,답십리로75길
중랑구,답십리로77가길
중랑구,답십리로77가길
중랑구,답십리로77길
중랑구,답십리로77길
중랑구,답십리로81길
중랑구,답십리로81길
중랑구,답십리로83길
중랑구,답십리로83길
중랑구,답십리로85길
중랑구,답십리로85길
중랑구,답십리로87길
중랑구,답십리로87길
중랑구,동일로100길
중랑구,동일로100길
중랑구,동일로101길
중랑구,동일로101길
중랑구,동일로102길
중랑구,동일로102길
중랑구,동일로104길
중랑구,동일로104길
중랑구,동일로105길
중랑구,동일로105길
중랑구,동일로107길
중랑구,동일로107길
중랑구,동일로109가길
중랑구,동일로109가길
중랑구,동일로109가길
중랑구,동일로109길
중랑구,동일로109길
중랑구,동일로109길
중랑구,동일로110길
중랑구,동일로110길
중랑구,동일로111길
중랑구,동일로111길
중랑구,동일로112길
중랑구,동일로112길
중랑구,동일로114길
중랑구,동일로114길
중랑구,동일로116길
중랑구,동일로116길
중랑구,동일로118길
중랑구,동일로118길
중랑구,동일로120길
중랑구,동일로120길
중랑구,동일로121가길
중랑구,동일로121가길
중랑구,동일로121길
중랑구,동일로121길
중랑구,동일로123가길
중랑구,동일로123가길
중랑구,동일로123길
중랑구,동일로123길
중랑구,동일로123나길
중랑구,동일로123나길
중랑구,동일로124길
중랑구,동일로124길
중랑구,동일로126가길
중랑구,동일로126가길
중랑구,동일로126가길
중랑구,동일로126길
중랑구,동일로126길
중랑구,동일로126길
중랑구,동일로126나길
중랑구,동일로126나길
중랑구,동일로126다길
중랑구,동일로126다길
중랑구,동일로126라길
중랑구,동일로126라길
중랑구,동일로129길
중랑구,동일로129길
중랑구,동일로130길
중랑구,동일로130길
중랑구,동일로134길
중랑구,동일로134길
중랑구,동일로135길
중랑구,동일로135길
중랑구,동일로136가길
중랑구,동일로136가길
중랑구,동일로136길
중랑구,동일로136길
중랑구,동일로136나길
중랑구,동일로136나길
중랑구,동일로138길
중랑구,동일로138길
중랑구,동일로139가길
중랑구,동일로139가길
중랑구,동일로139길
중랑구,동일로139길
중랑구,동일로139나길
중랑구,동일로139나길
중랑구,동일로139다길
중랑구,동일로139다길
중랑구,동일로139라길
중랑구,동일로139라길
중랑구,동일로140길
중랑구,동일로140길
중랑구,동일로143길
중랑구,동일로143길
중랑구,동일로143길
중랑구,동일로144가길
중랑구,동일로144가길
중랑구,동일로144길
중랑구,동일로144길
중랑구,동일로144길
중랑구,동일로145길
중랑구,동일로145길
중랑구,동일로146길
중랑구,동일로146길
중랑구,동일로148가길
중랑구,동일로148가길
중랑구,동일로148길
중랑구,동일로148길
중랑구,동일로148나길
중랑구,동일로148나길
중랑구,동일로149가길
중랑구,동일로149가길
중랑구,동일로149길
중랑구,동일로149길
중랑구,동일로149나길
중랑구,동일로149나길
중랑구,동일로149다길
중랑구,동일로149다길
중랑구,동일로151길
중랑구,동일로151길
중랑구,동일로152길
중랑구,동일로152길
중랑구,동일로154길
중랑구,동일로154길
중랑구,동일로156길
중랑구,동일로156길
중랑구,동일로157가길
중랑구,동일로157가길
중랑구,동일로157길
중랑구,동일로157길
중랑구,동일로157나길
중랑구,동일로157나길
중랑구,동일로157다길
중랑구,동일로157다길
중랑구,동일로157라길
중랑구,동일로157라길
중랑구,동일로159길
중랑구,동일로159길
중랑구,동일로160길
중랑구,동일로160길
중랑구,동일로161길
중랑구,동일로161길
중랑구,동일로163길
중랑구,동일로163길
중랑구,동일로165길
중랑구,동일로165길
중랑구,동일로169가길
중랑구,동일로169가길
중랑구,동일로169길
중랑구,동일로169길
중랑구,동일로172길
중랑구,동일로172길
중랑구,동일로91가길
중랑구,동일로91가길
중랑구,동일로91길
중랑구,동일로91길
중랑구,동일로92길
중랑구,동일로92길
중랑구,동일로95가길
중랑구,동일로95가길
중랑구,동일로95길
중랑구,동일로95길
중랑구,동일로95나길
중랑구,동일로95나길
중랑구,동일로96가길
중랑구,동일로96가길
중랑구,동일로96길
중랑구,동일로96길
중랑구,동일로96나길
중랑구,동일로96나길
중랑구,동일로99길
중랑구,동일로99길
중랑구,망우로25길
중랑구,망우로25길
중랑구,망우로26길
중랑구,망우로26길
중랑구,망우로26길
중랑구,망우로30길
중랑구,망우로30길
중랑구,망우로30길
중랑구,망우로32길
중랑구,망우로32길
중랑구,망우로32길
중랑구,망우로36길
중랑구,망우로36길
중랑구,망우로38길
중랑구,망우로38길
중랑구,망우로42길
중랑구,망우로42길
중랑구,망우로43길
중랑구,망우로43길
중랑구,망우로48길
중랑구,망우로48길
중랑구,망우로50길
중랑구,망우로50길
중랑구,망우로52길
중랑구,망우로52길
중랑구,망우로55길
중랑구,망우로55길
중랑구,망우로58길
중랑구,망우로58길
중랑구,망우로60길
중랑구,망우로60길
중랑구,망우로62길
중랑구,망우로62길
중랑구,망우로63길
중랑구,망우로63길
중랑구,망우로63길
중랑구,망우로65가길
중랑구,망우로65가길
중랑구,망우로65길
중랑구,망우로65길
중랑구,망우로65나길
중랑구,망우로65나길
중랑구,망우로66길
중랑구,망우로66길
중랑구,망우로67가길
중랑구,망우로67가길
중랑구,망우로67길
중랑구,망우로67길
중랑구,망우로68길
중랑구,망우로68길
중랑구,망우로70길
중랑구,망우로70길
중랑구,망우로71가길
중랑구,망우로71가길
중랑구,망우로71길
중랑구,망우로71길
중랑구,망우로72가길
중랑구,망우로72가길
중랑구,망우로72길
중랑구,망우로72길
중랑구,망우로73길
중랑구,망우로73길
중랑구,망우로74가길
중랑구,망우로74가길
중랑구,망우로74길
중랑구,망우로74길
중랑구,망우로75길
중랑구,망우로75길
중랑구,망우로76길
중랑구,망우로76길
중랑구,망우로77길
중랑구,망우로77길
중랑구,망우로78길
중랑구,망우로78길
중랑구,망우로80길
중랑구,망우로80길
중랑구,망우로81길
중랑구,망우로81길
중랑구,양원역로6가길
중랑구,양원역로6가길
중랑구,망우로87길
중랑구,망우로87길
중랑구,망우로91길
중랑구,망우로91길
중랑구,면목로21길
중랑구,면목로21길
중랑구,면목로22길
중랑구,면목로22길
중랑구,면목로23길
중랑구,면목로23길
중랑구,면목로24길
중랑구,면목로24길
중랑구,면목로27가길
중랑구,면목로27가길
중랑구,면목로27길
중랑구,면목로27길
중랑구,면목로27나길
중랑구,면목로27나길
중랑구,면목로27다길
중랑구,면목로27다길
중랑구,면목로28길
중랑구,면목로28길
중랑구,면목로29길
중랑구,면목로29길
중랑구,면목로30가길
중랑구,면목로30가길
중랑구,면목로30길
중랑구,면목로30길
중랑구,면목로30나길
중랑구,면목로30나길
중랑구,면목로31길
중랑구,면목로31길
중랑구,면목로33길
중랑구,면목로33길
중랑구,면목로34길
중랑구,면목로34길
중랑구,면목로35길
중랑구,면목로35길
중랑구,면목로36길
중랑구,면목로36길
중랑구,면목로37길
중랑구,면목로37길
중랑구,면목로38가길
중랑구,면목로38가길
중랑구,면목로38길
중랑구,면목로38길
중랑구,면목로38나길
중랑구,면목로38나길
중랑구,면목로39길
중랑구,면목로39길
중랑구,면목로40길
중랑구,면목로40길
중랑구,면목로42길
중랑구,면목로42길
중랑구,면목로43길
중랑구,면목로43길
중랑구,면목로44가길
중랑구,면목로44가길
중랑구,면목로44길
중랑구,면목로44길
중랑구,면목로44나길
중랑구,면목로44나길
중랑구,면목로44다길
중랑구,면목로44다길
중랑구,면목로44라길
중랑구,면목로44라길
중랑구,면목로44마길
중랑구,면목로44마길
중랑구,면목로44바길
중랑구,면목로44바길
중랑구,면목로45길
중랑구,면목로45길
중랑구,면목로47길
중랑구,면목로47길
중랑구,면목로48길
중랑구,면목로48길
중랑구,면목로49길
중랑구,면목로49길
중랑구,면목로51길
중랑구,면목로51길
중랑구,면목로52길
중랑구,면목로52길
중랑구,면목로53길
중랑구,면목로53길
중랑구,면목로54길
중랑구,면목로54길
중랑구,면목로55가길
중랑구,면목로55가길
중랑구,면목로55길
중랑구,면목로55길
중랑구,면목로56가길
중랑구,면목로56가길
중랑구,면목로56길
중랑구,면목로56길
중랑구,면목로56나길
중랑구,면목로56나길
중랑구,면목로57길
중랑구,면목로57길
중랑구,면목로58길
중랑구,면목로58길
중랑구,면목로60길
중랑구,면목로60길
중랑구,면목로61길
중랑구,면목로61길
중랑구,면목로63길
중랑구,면목로63길
중랑구,면목로64길
중랑구,면목로64길
중랑구,면목로65길
중랑구,면목로65길
중랑구,면목로66길
중랑구,면목로66길
중랑구,면목로68길
중랑구,면목로68길
중랑구,면목로69길
중랑구,면목로69길
중랑구,면목로72가길
중랑구,면목로72가길
중랑구,면목로72길
중랑구,면목로72길
중랑구,면목로73가길
중랑구,면목로73가길
중랑구,면목로73길
중랑구,면목로73길
중랑구,면목로74길
중랑구,면목로74길
중랑구,면목로76길
중랑구,면목로76길
중랑구,면목로78길
중랑구,면목로78길
중랑구,면목로79길
중랑구,면목로79길
중랑구,면목로80길
중랑구,면목로80길
중랑구,면목로84가길
중랑구,면목로84가길
중랑구,면목로84길
중랑구,면목로84길
중랑구,면목로84나길
중랑구,면목로84나길
중랑구,면목로85길
중랑구,면목로85길
중랑구,면목로88길
중랑구,면목로88길
중랑구,면목로90길
중랑구,면목로90길
중랑구,면목로91길
중랑구,면목로91길
중랑구,면목로92가길
중랑구,면목로92가길
중랑구,면목로92길
중랑구,면목로92길
중랑구,면목로92나길
중랑구,면목로92나길
중랑구,면목로92다길
중랑구,면목로92다길
중랑구,면목로92라길
중랑구,면목로92라길
중랑구,면목로94길
중랑구,면목로94길
중랑구,면목로95길
중랑구,면목로95길
중랑구,면목로96길
중랑구,면목로96길
중랑구,면목천로19길
중랑구,면목천로19길
중랑구,면목천로23길
중랑구,면목천로23길
중랑구,면목천로6길
중랑구,면목천로6길
중랑구,봉우재로12길
중랑구,봉우재로12길
중랑구,봉우재로13길
중랑구,봉우재로13길
중랑구,봉우재로14길
중랑구,봉우재로14길
중랑구,봉우재로16길
중랑구,봉우재로16길
중랑구,봉우재로19길
중랑구,봉우재로19길
중랑구,봉우재로1길
중랑구,봉우재로1길
중랑구,봉우재로20가길
중랑구,봉우재로20가길
중랑구,봉우재로20길
중랑구,봉우재로20길
중랑구,봉우재로22길
중랑구,봉우재로22길
중랑구,봉우재로25길
중랑구,봉우재로25길
중랑구,봉우재로26길
중랑구,봉우재로26길
중랑구,봉우재로28길
중랑구,봉우재로28길
중랑구,봉우재로2길
중랑구,봉우재로2길
중랑구,봉우재로32길
중랑구,봉우재로32길
중랑구,봉우재로33길
중랑구,봉우재로33길
중랑구,봉우재로36길
중랑구,봉우재로36길
중랑구,봉우재로37가길
중랑구,봉우재로37가길
중랑구,봉우재로37길
중랑구,봉우재로37길
중랑구,봉우재로40길
중랑구,봉우재로40길
중랑구,봉우재로41길
중랑구,봉우재로41길
중랑구,봉우재로43길
중랑구,봉우재로43길
중랑구,봉우재로48길
중랑구,봉우재로48길
중랑구,봉우재로49길
중랑구,봉우재로49길
중랑구,봉우재로51길
중랑구,봉우재로51길
중랑구,봉우재로53길
중랑구,봉우재로53길
중랑구,봉우재로54길
중랑구,봉우재로54길
중랑구,봉우재로55길
중랑구,봉우재로55길
중랑구,봉우재로57가길
중랑구,봉우재로57가길
중랑구,봉우재로57길
중랑구,봉우재로57길
중랑구,봉우재로58길
중랑구,봉우재로58길
중랑구,봉우재로59길
중랑구,봉우재로59길
중랑구,봉우재로5길
중랑구,봉우재로5길
중랑구,봉우재로63길
중랑구,봉우재로63길
중랑구,봉우재로64길
중랑구,봉우재로64길
중랑구,봉우재로65가길
중랑구,봉우재로65가길
중랑구,봉우재로65길
중랑구,봉우재로65길
중랑구,봉우재로69길
중랑구,봉우재로69길
중랑구,봉우재로6길
중랑구,봉우재로6길
중랑구,봉우재로70길
중랑구,봉우재로70길
중랑구,봉우재로71길
중랑구,봉우재로71길
중랑구,봉화산로10길
중랑구,봉화산로10길
중랑구,봉화산로15길
중랑구,봉화산로15길
중랑구,봉화산로16길
중랑구,봉화산로16길
중랑구,봉화산로19길
중랑구,봉화산로19길
중랑구,봉화산로1길
중랑구,봉화산로1길
중랑구,봉화산로20길
중랑구,봉화산로20길
중랑구,봉화산로21길
중랑구,봉화산로21길
중랑구,봉화산로22길
중랑구,봉화산로22길
중랑구,봉화산로24길
중랑구,봉화산로24길
중랑구,봉화산로26가길
중랑구,봉화산로26가길
중랑구,봉화산로26가길
중랑구,봉화산로26길
중랑구,봉화산로26길
중랑구,봉화산로27가길
중랑구,봉화산로27가길
중랑구,봉화산로27길
중랑구,봉화산로27길
중랑구,봉화산로27나길
중랑구,봉화산로27나길
중랑구,봉화산로27다길
중랑구,봉화산로27다길
중랑구,봉화산로2길
중랑구,봉화산로2길
중랑구,봉화산로30길
중랑구,봉화산로30길
중랑구,봉화산로30길
중랑구,봉화산로31길
중랑구,봉화산로31길
중랑구,봉화산로33길
중랑구,봉화산로33길
중랑구,봉화산로35길
중랑구,봉화산로35길
중랑구,봉화산로35길
중랑구,봉화산로38길
중랑구,봉화산로38길
중랑구,봉화산로3길
중랑구,봉화산로3길
중랑구,봉화산로3길
중랑구,봉화산로41길
중랑구,봉화산로41길
중랑구,봉화산로42길
중랑구,봉화산로42길
중랑구,봉화산로43길
중랑구,봉화산로43길
중랑구,봉화산로44길
중랑구,봉화산로44길
중랑구,봉화산로45길
중랑구,봉화산로45길
중랑구,봉화산로45길
중랑구,봉화산로48길
중랑구,봉화산로48길
중랑구,봉화산로48길
중랑구,봉화산로4길
중랑구,봉화산로4길
중랑구,봉화산로52길
중랑구,봉화산로52길
중랑구,봉화산로53길
중랑구,봉화산로53길
중랑구,봉화산로54가길
중랑구,봉화산로54가길
중랑구,봉화산로54길
중랑구,봉화산로54길
중랑구,봉화산로56길
중랑구,봉화산로56길
중랑구,봉화산로6길
중랑구,봉화산로6길
중랑구,봉화산로7길
중랑구,봉화산로7길
중랑구,봉화산로8길
중랑구,봉화산로8길
중랑구,봉화산로9길
중랑구,봉화산로9길
중랑구,사가정로29길
중랑구,사가정로29길
중랑구,사가정로31길
중랑구,사가정로31길
중랑구,사가정로37길
중랑구,사가정로37길
중랑구,사가정로39길
중랑구,사가정로39길
중랑구,사가정로41길
중랑구,사가정로41길
중랑구,사가정로42길
중랑구,사가정로42길
중랑구,사가정로43길
중랑구,사가정로43길
중랑구,사가정로45길
중랑구,사가정로45길
중랑구,사가정로46가길
중랑구,사가정로46가길
중랑구,사가정로46길
중랑구,사가정로46길
중랑구,사가정로46나길
중랑구,사가정로46나길
중랑구,사가정로49길
중랑구,사가정로49길
중랑구,사가정로50길
중랑구,사가정로50길
중랑구,사가정로51길
중랑구,사가정로51길
중랑구,사가정로52길
중랑구,사가정로52길
중랑구,사가정로53길
중랑구,사가정로53길
중랑구,사가정로54길
중랑구,사가정로54길
중랑구,사가정로60길
중랑구,사가정로60길
중랑구,사가정로62길
중랑구,사가정로62길
중랑구,사가정로64가길
중랑구,사가정로64가길
중랑구,사가정로64길
중랑구,사가정로64길
중랑구,사가정로71길
중랑구,사가정로71길
중랑구,사가정로72길
중랑구,사가정로72길
중랑구,상봉로11길
중랑구,상봉로11길
중랑구,상봉로12가길
중랑구,상봉로12가길
중랑구,상봉로12길
중랑구,상봉로12길
중랑구,상봉로14길
중랑구,상봉로14길
중랑구,상봉로15가길
중랑구,상봉로15가길
중랑구,상봉로15길
중랑구,상봉로15길
중랑구,상봉로15나길
중랑구,상봉로15나길
중랑구,상봉로15다길
중랑구,상봉로15다길
중랑구,상봉로15라길
중랑구,상봉로15라길
중랑구,상봉로15마길
중랑구,상봉로15마길
중랑구,상봉로16가길
중랑구,상봉로16가길
중랑구,상봉로16길
중랑구,상봉로16길
중랑구,상봉로17길
중랑구,상봉로17길
중랑구,상봉로18길
중랑구,상봉로18길
중랑구,상봉로19길
중랑구,상봉로19길
중랑구,상봉로1길
중랑구,상봉로1길
중랑구,상봉로20길
중랑구,상봉로20길
중랑구,상봉로23길
중랑구,상봉로23길
중랑구,상봉로25가길
중랑구,상봉로25가길
중랑구,상봉로25길
중랑구,상봉로25길
중랑구,상봉로25나길
중랑구,상봉로25나길
중랑구,상봉로26길
중랑구,상봉로26길
중랑구,상봉로28길
중랑구,상봉로28길
중랑구,상봉로5길
중랑구,상봉로5길
중랑구,상봉중앙로10길
중랑구,상봉중앙로10길
중랑구,상봉중앙로1가길
중랑구,상봉중앙로1가길
중랑구,상봉중앙로1길
중랑구,상봉중앙로1길
중랑구,상봉중앙로1나길
중랑구,상봉중앙로1나길
중랑구,상봉중앙로1다길
중랑구,상봉중앙로1다길
중랑구,상봉중앙로3길
중랑구,상봉중앙로3길
중랑구,상봉중앙로5가길
중랑구,상봉중앙로5가길
중랑구,상봉중앙로5가길
중랑구,상봉중앙로5길
중랑구,상봉중앙로5길
중랑구,상봉중앙로5길
중랑구,상봉중앙로5나길
중랑구,상봉중앙로5나길
중랑구,상봉중앙로5나길
중랑구,상봉중앙로5다길
중랑구,상봉중앙로5다길
중랑구,상봉중앙로6가길
중랑구,상봉중앙로6가길
중랑구,상봉중앙로6길
중랑구,상봉중앙로6길
중랑구,상봉중앙로6나길
중랑구,상봉중앙로6나길
중랑구,상봉중앙로8가길
중랑구,상봉중앙로8가길
중랑구,상봉중앙로8길
중랑구,상봉중앙로8길
중랑구,상봉중앙로8나길
중랑구,상봉중앙로8나길
중랑구,상봉중앙로8다길
중랑구,상봉중앙로8다길
중랑구,상봉중앙로9길
중랑구,상봉중앙로9길
중랑구,상봉중앙로9길
중랑구,송림길
중랑구,송림길
중랑구,송림길
중랑구,송림길
중랑구,숙선옹주로3길
중랑구,숙선옹주로3길
중랑구,숙선옹주로5길
중랑구,숙선옹주로5길
중랑구,숙선옹주로7길
중랑구,숙선옹주로7길
중랑구,숙선옹주로9길
중랑구,숙선옹주로9길
중랑구,신내로10가길
중랑구,신내로10가길
중랑구,신내로10길
중랑구,신내로10길
중랑구,신내로12길
중랑구,신내로12길
중랑구,신내로14길
중랑구,신내로14길
중랑구,신내로15길
중랑구,신내로15길
중랑구,신내로15길
중랑구,신내로17길
중랑구,신내로17길
중랑구,신내로18길
중랑구,신내로18길
중랑구,신내로19길
중랑구,신내로19길
중랑구,신내로1길
중랑구,신내로1길
중랑구,신내로1길
중랑구,신내로21길
중랑구,신내로21길
중랑구,신내로21길
중랑구,신내로23길
중랑구,신내로23길
중랑구,신내로25가길
중랑구,신내로25가길
중랑구,신내로25길
중랑구,신내로25길
중랑구,신내로3길
중랑구,신내로3길
중랑구,신내로4길
중랑구,신내로4길
중랑구,신내로7가길
중랑구,신내로7가길
중랑구,신내로7가길
중랑구,신내로7길
중랑구,신내로7길
중랑구,신내로7나길
중랑구,신내로7나길
중랑구,신내로7나길
중랑구,신내로7다길
중랑구,신내로7다길
중랑구,신내로8길
중랑구,신내로8길
중랑구,신내로9길
중랑구,신내로9길
중랑구,양원역로10길
중랑구,양원역로10길
중랑구,양원역로16길
중랑구,양원역로16길
중랑구,양원역로4길
중랑구,양원역로4길
중랑구,양원역로8길
중랑구,양원역로8길
중랑구,용마공원로10가길
중랑구,용마공원로10가길
중랑구,용마공원로10길
중랑구,용마공원로10길
중랑구,용마공원로13길
중랑구,용마공원로13길
중랑구,용마공원로18길
중랑구,용마공원로18길
중랑구,용마공원로20길
중랑구,용마공원로20길
중랑구,용마공원로2길
중랑구,용마공원로2길
중랑구,용마공원로3길
중랑구,용마공원로3길
중랑구,용마공원로4길
중랑구,용마공원로4길
중랑구,용마공원로5가길
중랑구,용마공원로5가길
중랑구,용마공원로5길
중랑구,용마공원로5길
중랑구,용마공원로9길
중랑구,용마공원로9길
중랑구,용마산로100길
중랑구,용마산로100길
중랑구,용마산로101길
중랑구,용마산로101길
중랑구,용마산로102길
중랑구,용마산로102길
중랑구,용마산로105길
중랑구,용마산로105길
중랑구,용마산로106길
중랑구,용마산로106길
중랑구,용마산로109길
중랑구,용마산로109길
중랑구,용마산로111길
중랑구,용마산로111길
중랑구,용마산로112가길
중랑구,용마산로112가길
중랑구,용마산로112길
중랑구,용마산로112길
중랑구,용마산로112나길
중랑구,용마산로112나길
중랑구,용마산로113길
중랑구,용마산로113길
중랑구,용마산로114길
중랑구,용마산로114길
중랑구,용마산로115가길
중랑구,용마산로115가길
중랑구,용마산로115길
중랑구,용마산로115길
중랑구,용마산로115나길
중랑구,용마산로115나길
중랑구,용마산로116길
중랑구,용마산로116길
중랑구,용마산로117가길
중랑구,용마산로117가길
중랑구,용마산로117길
중랑구,용마산로117길
중랑구,용마산로117길
중랑구,용마산로118길
중랑구,용마산로118길
중랑구,용마산로120길
중랑구,용마산로120길
중랑구,용마산로122길
중랑구,용마산로122길
중랑구,용마산로125가길
중랑구,용마산로125가길
중랑구,용마산로125길
중랑구,용마산로125길
중랑구,용마산로125나길
중랑구,용마산로125나길
중랑구,용마산로129가길
중랑구,용마산로129가길
중랑구,용마산로129길
중랑구,용마산로129길
중랑구,용마산로129나길
중랑구,용마산로129나길
중랑구,용마산로132길
중랑구,용마산로132길
중랑구,용마산로132길
중랑구,용마산로136가길
중랑구,용마산로136가길
중랑구,용마산로136길
중랑구,용마산로136길
중랑구,용마산로136길
중랑구,용마산로139가길
중랑구,용마산로139가길
중랑구,용마산로139길
중랑구,용마산로139길
중랑구,용마산로139나길
중랑구,용마산로139나길
중랑구,용마산로139다길
중랑구,용마산로139다길
중랑구,용마산로142길
중랑구,용마산로142길
중랑구,용마산로36길
중랑구,용마산로36길
중랑구,용마산로40길
중랑구,용마산로40길
중랑구,용마산로45길
중랑구,용마산로45길
중랑구,용마산로51길
중랑구,용마산로51길
중랑구,용마산로52길
중랑구,용마산로52길
중랑구,용마산로53길
중랑구,용마산로53길
중랑구,용마산로58길
중랑구,용마산로58길
중랑구,용마산로60가길
중랑구,용마산로60가길
중랑구,용마산로60길
중랑구,용마산로60길
중랑구,용마산로62길
중랑구,용마산로62길
중랑구,용마산로70길
중랑구,용마산로70길
중랑구,용마산로72길
중랑구,용마산로72길
중랑구,용마산로77길
중랑구,용마산로77길
중랑구,용마산로79길
중랑구,용마산로79길
중랑구,용마산로81길
중랑구,용마산로81길
중랑구,용마산로84길
중랑구,용마산로84길
중랑구,용마산로86길
중랑구,용마산로86길
중랑구,용마산로89길
중랑구,용마산로89길
중랑구,용마산로90길
중랑구,용마산로90길
중랑구,용마산로93길
중랑구,용마산로93길
중랑구,용마산로94가길
중랑구,용마산로94가길
중랑구,용마산로94길
중랑구,용마산로94길
중랑구,용마산로94나길
중랑구,용마산로94나길
중랑구,용마산로94다길
중랑구,용마산로94다길
중랑구,용마산로96가길
중랑구,용마산로96가길
중랑구,용마산로96길
중랑구,용마산로96길
중랑구,용마산로96길
중랑구,용마산로96나길
중랑구,용마산로96나길
중랑구,용마산로99길
중랑구,용마산로99길
중랑구,중랑역로11길
중랑구,중랑역로11길
중랑구,중랑역로13길
중랑구,중랑역로13길
중랑구,중랑역로14길
중랑구,중랑역로14길
중랑구,중랑역로15길
중랑구,중랑역로15길
중랑구,중랑역로17길
중랑구,중랑역로17길
중랑구,중랑역로18길
중랑구,중랑역로18길
중랑구,중랑역로21길
중랑구,중랑역로21길
중랑구,중랑역로29길
중랑구,중랑역로29길
중랑구,중랑역로3가길
중랑구,중랑역로3가길
중랑구,중랑역로3길
중랑구,중랑역로3길
중랑구,중랑역로3나길
중랑구,중랑역로3나길
중랑구,중랑역로3다길
중랑구,중랑역로3다길
중랑구,중랑역로43길
중랑구,중랑역로43길
중랑구,중랑역로47길
중랑구,중랑역로47길
중랑구,중랑역로49길
중랑구,중랑역로49길
중랑구,중랑역로4길
중랑구,중랑역로4길
중랑구,중랑역로50길
중랑구,중랑역로50길
중랑구,중랑역로53길
중랑구,중랑역로53길
중랑구,중랑역로5길
중랑구,중랑역로5길
중랑구,중랑역로6길
중랑구,중랑역로6길
중랑구,중랑역로9길
중랑구,중랑역로9길
중랑구,중랑천로10길
중랑구,중랑천로10길
중랑구,중랑천로10길
중랑구,중랑천로12길
중랑구,중랑천로12길
중랑구,중랑천로14길
중랑구,중랑천로14길
중랑구,중랑천로15길
중랑구,중랑천로15길
중랑구,중랑천로17가길
중랑구,중랑천로17가길
중랑구,중랑천로17길
중랑구,중랑천로17길
중랑구,중랑천로17나길
중랑구,중랑천로17나길
중랑구,중랑천로18길
중랑구,중랑천로18길
중랑구,중랑천로19길
중랑구,중랑천로19길
중랑구,중랑천로20길
중랑구,중랑천로20길
중랑구,중랑천로24길
중랑구,중랑천로24길
중랑구,중랑천로25길
중랑구,중랑천로25길
중랑구,중랑천로29길
중랑구,중랑천로29길
중랑구,중랑천로2길
중랑구,중랑천로2길
중랑구,중랑천로30길
중랑구,중랑천로30길
중랑구,중랑천로36길
중랑구,중랑천로36길
중랑구,중랑천로50길
중랑구,중랑천로50길
중랑구,중랑천로56길
중랑구,중랑천로56길
중랑구,중랑천로5길
중랑구,중랑천로5길
중랑구,중랑천로8길
중랑구,중랑천로8길
중랑구,동일로168길
중랑구,봉화산로47길
중랑구,봉화산로50길
중랑구,상봉로31길
중랑구,신내로16길
중랑구,신내로16길
중랑구,양원역로6길
중랑구,용마산로125다길
중랑구,중랑역로2길
중랑구,신내역로1길
중랑구,신내역로1길
중랑구,신내역로1가길
중랑구,신내역로1가길
중랑구,신내역로3길
중랑구,신내역로3길
중랑구,봉화산로58길
중랑구,봉화산로58길
중랑구,용마산로139라길
중랑구,용마산로128길
중랑구,봉화산로57길
중랑구,봉화산로59길
중랑구,봉화산로59길
중랑구,봉화산로59가길
중랑구,봉화산로59가길
중랑구,봉화산로59나길
중랑구,봉화산로59나길
중랑구,양원역로14길
중랑구,양원역로14길
중랑구,양원역로14가길
중랑구,양원역로14가길
중랑구,양원역로14나길
중랑구,양원역로14나길
중랑구,중랑천서자전거길
중랑구,중랑천동자전거길