﻿마포구,가양대로
마포구,가양대로
마포구,국회대로
마포구,마포대로
마포구,마포대로
마포구,마포대로
마포구,마포대로
마포구,마포대로
마포구,백범로
마포구,백범로
마포구,백범로
마포구,백범로
마포구,백범로
마포구,백범로
마포구,백범로
마포구,삼개로
마포구,삼개로
마포구,새창로
마포구,새창로
마포구,효창원로
마포구,효창원로
마포구,증산로
마포구,증산로
마포구,증산로
마포구,신촌로
마포구,신촌로
마포구,신촌로
마포구,신촌로
마포구,신촌로
마포구,신촌로
마포구,성산로
마포구,성산로
마포구,성산로
마포구,화곡로
마포구,선유로
마포구,만리재로
마포구,만리재로
마포구,만리재로
마포구,만리재로
마포구,손기정로
마포구,손기정로
마포구,동교로
마포구,동교로
마포구,동교로
마포구,동교로
마포구,동교로
마포구,동교로
마포구,모래내로
마포구,모래내로
마포구,연희로
마포구,연희로
마포구,연희로
마포구,광성로
마포구,광성로
마포구,굴레방로
마포구,굴레방로
마포구,대흥로
마포구,대흥로
마포구,대흥로
마포구,대흥로
마포구,대흥로
마포구,대흥로
마포구,독막로
마포구,독막로
마포구,독막로
마포구,독막로
마포구,독막로
마포구,독막로
마포구,독막로
마포구,독막로
마포구,독막로
마포구,망원로
마포구,망원로
마포구,매봉산로
마포구,매봉산로
마포구,방울내로
마포구,방울내로
마포구,상암산로
마포구,상암산로
마포구,서강로
마포구,서강로
마포구,서강로
마포구,서강로
마포구,서강로
마포구,성미산로
마포구,성미산로
마포구,성미산로
마포구,성암로
마포구,성암로
마포구,성암로
마포구,성암로
마포구,신수로
마포구,신수로
마포구,신수로
마포구,신수로
마포구,신수로
마포구,양화로
마포구,양화로
마포구,양화로
마포구,양화로
마포구,어울마당로
마포구,어울마당로
마포구,어울마당로
마포구,어울마당로
마포구,어울마당로
마포구,어울마당로
마포구,연남로
마포구,연남로
마포구,연남로
마포구,와우산로
마포구,와우산로
마포구,와우산로
마포구,와우산로
마포구,와우산로
마포구,월드컵로
마포구,월드컵로
마포구,월드컵로
마포구,월드컵로
마포구,월드컵로
마포구,월드컵로
마포구,월드컵북로
마포구,월드컵북로
마포구,월드컵북로
마포구,월드컵북로
마포구,월드컵북로
마포구,월드컵북로
마포구,월드컵북로
마포구,잔다리로
마포구,잔다리로
마포구,잔다리로
마포구,창전로
마포구,창전로
마포구,창전로
마포구,창전로
마포구,창전로
마포구,큰우물로
마포구,큰우물로
마포구,큰우물로
마포구,큰우물로
마포구,큰우물로
마포구,토정로
마포구,토정로
마포구,토정로
마포구,토정로
마포구,토정로
마포구,토정로
마포구,토정로
마포구,토정로
마포구,토정로
마포구,토정로
마포구,토정로
마포구,토정로
마포구,포은로
마포구,포은로
마포구,포은로
마포구,하늘공원로
마포구,하늘공원로
마포구,한강난지로
마포구,한강난지로
마포구,홍익로
마포구,홍익로
마포구,홍익로
마포구,희우정로
마포구,희우정로
마포구,희우정로
마포구,임정로
마포구,임정로
마포구,임정로
마포구,농수산시장로
마포구,자유로
마포구,강변북로
마포구,구룡길
마포구,구룡길
마포구,임정로13길
마포구,임정로13길
마포구,고산11길
마포구,고산11길
마포구,고산12길
마포구,고산12길
마포구,고산12길
마포구,고산14길
마포구,고산14길
마포구,고산16길
마포구,고산16길
마포구,고산17길
마포구,고산17길
마포구,고산18길
마포구,고산18길
마포구,고산2길
마포구,고산2길
마포구,고산2길
마포구,고산3길
마포구,고산3길
마포구,고산5길
마포구,고산5길
마포구,고산7길
마포구,고산7길
마포구,고산길
마포구,고산길
마포구,고산길
마포구,광성로1길
마포구,광성로1길
마포구,광성로4길
마포구,광성로4길
마포구,광성로6길
마포구,광성로6길
마포구,광성로6길
마포구,광성로6안길
마포구,광성로6안길
마포구,굴레방로1길
마포구,굴레방로1길
마포구,굴레방로3길
마포구,굴레방로3길
마포구,굴레방로7길
마포구,굴레방로7길
마포구,굴레방로9길
마포구,굴레방로9길
마포구,대흥로11길
마포구,대흥로11길
마포구,대흥로11안길
마포구,대흥로11안길
마포구,대흥로13길
마포구,대흥로13길
마포구,대흥로13길
마포구,대흥로14길
마포구,대흥로14길
마포구,대흥로18가길
마포구,대흥로18가길
마포구,대흥로18길
마포구,대흥로18길
마포구,대흥로18나길
마포구,대흥로18나길
마포구,대흥로20길
마포구,대흥로20길
마포구,대흥로20안길
마포구,대흥로20안길
마포구,대흥로21길
마포구,대흥로21길
마포구,대흥로21길
마포구,대흥로22길
마포구,대흥로22길
마포구,대흥로22길
마포구,대흥로24가길
마포구,대흥로24가길
마포구,대흥로24길
마포구,대흥로24길
마포구,대흥로24길
마포구,대흥로24나길
마포구,대흥로24나길
마포구,대흥로24다길
마포구,대흥로24다길
마포구,대흥로24라길
마포구,대흥로24라길
마포구,대흥로24마길
마포구,대흥로24마길
마포구,대흥로24바길
마포구,대흥로24바길
마포구,대흥로25길
마포구,대흥로25길
마포구,대흥로27길
마포구,대흥로27길
마포구,대흥로28길
마포구,대흥로28길
마포구,대흥로28길
마포구,대흥로29길
마포구,대흥로29길
마포구,대흥로29안길
마포구,대흥로29안길
마포구,대흥로2길
마포구,대흥로2길
마포구,대흥로2길
마포구,대흥로30길
마포구,대흥로30길
마포구,대흥로30길
마포구,대흥로30길
마포구,대흥로4길
마포구,대흥로4길
마포구,대흥로4길
마포구,대흥로6길
마포구,대흥로6길
마포구,대흥로8길
마포구,대흥로8길
마포구,대흥로8길
마포구,대흥로9길
마포구,대흥로9길
마포구,대흥로9안길
마포구,대흥로9안길
마포구,도화2길
마포구,도화2길
마포구,도화2안길
마포구,도화2안길
마포구,도화4길
마포구,도화4길
마포구,도화길
마포구,도화길
마포구,독막로12길
마포구,독막로12길
마포구,독막로12길
마포구,독막로12안길
마포구,독막로12안길
마포구,독막로12안길
마포구,독막로14길
마포구,독막로14길
마포구,독막로15길
마포구,독막로15길
마포구,독막로18길
마포구,독막로18길
마포구,독막로19길
마포구,독막로19길
마포구,독막로20길
마포구,독막로20길
마포구,독막로20길
마포구,독막로20나길
마포구,독막로20나길
마포구,독막로21길
마포구,독막로21길
마포구,독막로22길
마포구,독막로22길
마포구,독막로22길
마포구,독막로24길
마포구,독막로24길
마포구,독막로25길
마포구,독막로25길
마포구,독막로26길
마포구,독막로26길
마포구,독막로27길
마포구,독막로27길
마포구,독막로28길
마포구,독막로28길
마포구,독막로29길
마포구,독막로29길
마포구,독막로2길
마포구,독막로2길
마포구,독막로31길
마포구,독막로31길
마포구,독막로32길
마포구,독막로32길
마포구,독막로32안길
마포구,독막로32안길
마포구,독막로34길
마포구,독막로34길
마포구,독막로34길
마포구,독막로36길
마포구,독막로36길
마포구,독막로38길
마포구,독막로38길
마포구,독막로3길
마포구,독막로3길
마포구,독막로3길
마포구,독막로40길
마포구,독막로40길
마포구,독막로42길
마포구,독막로42길
마포구,독막로4길
마포구,독막로4길
마포구,독막로5길
마포구,독막로5길
마포구,독막로5길
마포구,독막로6길
마포구,독막로6길
마포구,독막로7길
마포구,독막로7길
마포구,독막로7길
마포구,독막로8길
마포구,독막로8길
마포구,독막로9길
마포구,독막로9길
마포구,동교로12길
마포구,동교로12길
마포구,동교로12안길
마포구,동교로12안길
마포구,동교로13길
마포구,동교로13길
마포구,동교로15길
마포구,동교로15길
마포구,동교로16길
마포구,동교로16길
마포구,동교로17길
마포구,동교로17길
마포구,동교로17길
마포구,동교로17안길
마포구,동교로17안길
마포구,동교로18길
마포구,동교로18길
마포구,동교로19길
마포구,동교로19길
마포구,동교로19길
마포구,동교로1길
마포구,동교로1길
마포구,동교로22길
마포구,동교로22길
마포구,동교로23길
마포구,동교로23길
마포구,동교로23길
마포구,동교로23길
마포구,동교로25길
마포구,동교로25길
마포구,동교로25길
마포구,동교로27길
마포구,동교로27길
마포구,동교로27길
마포구,동교로29길
마포구,동교로29길
마포구,동교로30길
마포구,동교로30길
마포구,동교로32길
마포구,동교로32길
마포구,동교로34길
마포구,동교로34길
마포구,동교로36길
마포구,동교로36길
마포구,동교로38길
마포구,동교로38길
마포구,동교로38안길
마포구,동교로38안길
마포구,동교로39길
마포구,동교로39길
마포구,동교로3길
마포구,동교로3길
마포구,동교로41길
마포구,동교로41길
마포구,동교로45길
마포구,동교로45길
마포구,동교로46길
마포구,동교로46길
마포구,동교로47길
마포구,동교로47길
마포구,동교로50길
마포구,동교로50길
마포구,동교로51길
마포구,동교로51길
마포구,동교로51안길
마포구,동교로51안길
마포구,동교로52길
마포구,동교로52길
마포구,동교로5길
마포구,동교로5길
마포구,동교로8길
마포구,동교로8길
마포구,동교로8안길
마포구,동교로8안길
마포구,동교로9길
마포구,동교로9길
마포구,마포나루길
마포구,마포나루길
마포구,마포나루길
마포구,마포나루길
마포구,마포대로10길
마포구,마포대로10길
마포구,마포대로11가길
마포구,마포대로11가길
마포구,마포대로11길
마포구,마포대로11길
마포구,마포대로11길
마포구,마포대로11길
마포구,마포대로11나길
마포구,마포대로11나길
마포구,마포대로11다길
마포구,마포대로11다길
마포구,마포대로12길
마포구,마포대로12길
마포구,마포대로14가길
마포구,마포대로14가길
마포구,마포대로14길
마포구,마포대로14길
마포구,마포대로14길
마포구,마포대로14나길
마포구,마포대로14나길
마포구,마포대로14다길
마포구,마포대로14다길
마포구,마포대로14라길
마포구,마포대로14라길
마포구,마포대로14라길
마포구,마포대로16가길
마포구,마포대로16가길
마포구,마포대로16가길
마포구,마포대로16길
마포구,마포대로16길
마포구,마포대로16길
마포구,마포대로16나길
마포구,마포대로16나길
마포구,마포대로16나길
마포구,마포대로18길
마포구,마포대로18길
마포구,마포대로19길
마포구,마포대로19길
마포구,마포대로1길
마포구,마포대로1길
마포구,마포대로1길
마포구,마포대로20길
마포구,마포대로20길
마포구,마포대로20길
마포구,마포대로21길
마포구,마포대로21길
마포구,마포대로24길
마포구,마포대로24길
마포구,마포대로24안길
마포구,마포대로24안길
마포구,마포대로26길
마포구,마포대로26길
마포구,마포대로26안길
마포구,마포대로26안길
마포구,마포대로28가길
마포구,마포대로28가길
마포구,마포대로28길
마포구,마포대로28길
마포구,마포대로28나길
마포구,마포대로28나길
마포구,마포대로28다길
마포구,마포대로28다길
마포구,마포대로28라길
마포구,마포대로28라길
마포구,마포대로4가길
마포구,마포대로4가길
마포구,마포대로4길
마포구,마포대로4길
마포구,마포대로4길
마포구,마포대로4나길
마포구,마포대로4나길
마포구,마포대로4나길
마포구,마포대로4다길
마포구,마포대로4다길
마포구,마포대로4라길
마포구,마포대로4라길
마포구,마포대로4라길
마포구,마포대로6길
마포구,마포대로6길
마포구,마포대로7길
마포구,마포대로7길
마포구,마포대로8길
마포구,마포대로8길
마포구,마포대로8안길
마포구,마포대로8안길
마포구,만리재로10길
마포구,만리재로10길
마포구,만리재로10안길
마포구,만리재로10안길
마포구,만리재로12가길
마포구,만리재로12가길
마포구,만리재로12길
마포구,만리재로12길
마포구,만리재로12나길
마포구,만리재로12나길
마포구,만리재로14길
마포구,만리재로14길
마포구,만리재로16길
마포구,만리재로16길
마포구,만리재로16안길
마포구,만리재로16안길
마포구,만리재로18길
마포구,만리재로18길
마포구,만리재로1길
마포구,만리재로1길
마포구,만리재로20길
마포구,만리재로20길
마포구,만리재로6길
마포구,만리재로6길
마포구,만리재로7길
마포구,만리재로7길
마포구,만리재로8길
마포구,만리재로8길
마포구,만리재옛10길
마포구,만리재옛10길
마포구,만리재옛11길
마포구,만리재옛11길
마포구,만리재옛12길
마포구,만리재옛12길
마포구,만리재옛12안길
마포구,만리재옛12안길
마포구,만리재옛2길
마포구,만리재옛2길
마포구,만리재옛4길
마포구,만리재옛4길
마포구,만리재옛6길
마포구,만리재옛6길
마포구,만리재옛8길
마포구,만리재옛8길
마포구,만리재옛9길
마포구,만리재옛9길
마포구,만리재옛길
마포구,만리재옛길
마포구,만리재옛길
마포구,만리재옛길
마포구,망원로10길
마포구,망원로10길
마포구,망원로11길
마포구,망원로11길
마포구,망원로1길
마포구,망원로1길
마포구,망원로2길
마포구,망원로2길
마포구,망원로3길
마포구,망원로3길
마포구,망원로4길
마포구,망원로4길
마포구,망원로6길
마포구,망원로6길
마포구,망원로7길
마포구,망원로7길
마포구,망원로8길
마포구,망원로8길
마포구,매봉산로2길
마포구,매봉산로2길
마포구,매봉산로2안길
마포구,매봉산로2안길
마포구,모래내로1길
마포구,모래내로1길
마포구,모래내로3길
마포구,모래내로3길
마포구,모래내로5길
마포구,모래내로5길
마포구,모래내로7길
마포구,모래내로7길
마포구,모래내로7안길
마포구,모래내로7안길
마포구,모래내로9길
마포구,모래내로9길
마포구,모래내로9길
마포구,방울내로11길
마포구,방울내로11길
마포구,방울내로1길
마포구,방울내로1길
마포구,방울내로3길
마포구,방울내로3길
마포구,방울내로5길
마포구,방울내로5길
마포구,방울내로6길
마포구,방울내로6길
마포구,방울내로7길
마포구,방울내로7길
마포구,방울내로9길
마포구,방울내로9길
마포구,방울내로9안길
마포구,방울내로9안길
마포구,백범로10길
마포구,백범로10길
마포구,백범로15길
마포구,백범로15길
마포구,백범로16길
마포구,백범로16길
마포구,백범로16안길
마포구,백범로16안길
마포구,백범로17길
마포구,백범로17길
마포구,백범로17길
마포구,백범로17안길
마포구,백범로17안길
마포구,백범로18길
마포구,백범로18길
마포구,백범로1길
마포구,백범로1길
마포구,백범로20길
마포구,백범로20길
마포구,백범로20길
마포구,백범로21길
마포구,백범로21길
마포구,백범로21안길
마포구,백범로21안길
마포구,백범로24길
마포구,백범로24길
마포구,백범로24길
마포구,백범로25길
마포구,백범로25길
마포구,백범로26길
마포구,백범로26길
마포구,백범로28길
마포구,백범로28길
마포구,백범로28길
마포구,백범로2길
마포구,백범로2길
마포구,백범로31가길
마포구,백범로31가길
마포구,백범로31가길
마포구,백범로31길
마포구,백범로31길
마포구,백범로31나길
마포구,백범로31나길
마포구,백범로31나길
마포구,백범로31다길
마포구,백범로31다길
마포구,백범로31다길
마포구,백범로31라길
마포구,백범로31라길
마포구,백범로31라길
마포구,백범로32길
마포구,백범로32길
마포구,백범로34길
마포구,백범로34길
마포구,백범로36가길
마포구,백범로36가길
마포구,백범로36가길
마포구,백범로36길
마포구,백범로36길
마포구,백범로36길
마포구,백범로37길
마포구,백범로37길
마포구,백범로39길
마포구,백범로39길
마포구,백범로4길
마포구,백범로4길
마포구,백범로4길
마포구,백범로5길
마포구,백범로5길
마포구,봉작길
마포구,봉작길
마포구,삼개로1길
마포구,삼개로1길
마포구,삼개로3길
마포구,삼개로3길
마포구,삼개로5길
마포구,삼개로5길
마포구,삼개로5안길
마포구,삼개로5안길
마포구,상암산로1길
마포구,상암산로1길
마포구,새창로2길
마포구,새창로2길
마포구,새창로4가길
마포구,새창로4가길
마포구,새창로4길
마포구,새창로4길
마포구,새창로4나길
마포구,새창로4나길
마포구,새창로4다길
마포구,새창로4다길
마포구,새창로4라길
마포구,새창로4라길
마포구,새창로6가길
마포구,새창로6가길
마포구,새창로6길
마포구,새창로6길
마포구,새창로6나길
마포구,새창로6나길
마포구,새창로6다길
마포구,새창로6다길
마포구,새창로6라길
마포구,새창로6라길
마포구,새창로8길
마포구,새창로8길
마포구,새터산10길
마포구,새터산10길
마포구,새터산11길
마포구,새터산11길
마포구,새터산12길
마포구,새터산12길
마포구,새터산14길
마포구,새터산14길
마포구,새터산14안길
마포구,새터산14안길
마포구,새터산16길
마포구,새터산16길
마포구,새터산2길
마포구,새터산2길
마포구,새터산4길
마포구,새터산4길
마포구,새터산5길
마포구,새터산5길
마포구,새터산6길
마포구,새터산6길
마포구,새터산7길
마포구,새터산7길
마포구,새터산8길
마포구,새터산8길
마포구,새터산9길
마포구,새터산9길
마포구,새터산길
마포구,새터산길
마포구,서강로11길
마포구,서강로11길
마포구,서강로13길
마포구,서강로13길
마포구,서강로14길
마포구,서강로14길
마포구,서강로14길
마포구,서강로16길
마포구,서강로16길
마포구,서강로16길
마포구,서강로18길
마포구,서강로18길
마포구,서강로1길
마포구,서강로1길
마포구,서강로20길
마포구,서강로20길
마포구,서강로3길
마포구,서강로3길
마포구,서강로5길
마포구,서강로5길
마포구,서강로5안길
마포구,서강로5안길
마포구,서강로8길
마포구,서강로8길
마포구,서강로8안길
마포구,서강로8안길
마포구,서강로9길
마포구,서강로9길
마포구,서소문로2길
마포구,서소문로2길
마포구,성미산로10길
마포구,성미산로10길
마포구,성미산로10길
마포구,성미산로11길
마포구,성미산로11길
마포구,성미산로13길
마포구,성미산로13길
마포구,성미산로15길
마포구,성미산로15길
마포구,성미산로15길
마포구,성미산로16길
마포구,성미산로16길
마포구,성미산로16길
마포구,성미산로17길
마포구,성미산로17길
마포구,성미산로17길
마포구,성미산로18길
마포구,성미산로18길
마포구,성미산로19길
마포구,성미산로19길
마포구,성미산로1길
마포구,성미산로1길
마포구,성미산로22길
마포구,성미산로22길
마포구,성미산로23길
마포구,성미산로23길
마포구,성미산로23안길
마포구,성미산로23안길
마포구,성미산로26길
마포구,성미산로26길
마포구,성미산로27길
마포구,성미산로27길
마포구,성미산로28길
마포구,성미산로28길
마포구,성미산로29길
마포구,성미산로29길
마포구,성미산로29안길
마포구,성미산로29안길
마포구,성미산로2길
마포구,성미산로2길
마포구,성미산로2길
마포구,성미산로31길
마포구,성미산로31길
마포구,성미산로32길
마포구,성미산로32길
마포구,성미산로3가길
마포구,성미산로3가길
마포구,성미산로3길
마포구,성미산로3길
마포구,성미산로3나길
마포구,성미산로3나길
마포구,성미산로5길
마포구,성미산로5길
마포구,성미산로5안길
마포구,성미산로5안길
마포구,성미산로6길
마포구,성미산로6길
마포구,성미산로6길
마포구,성미산로7길
마포구,성미산로7길
마포구,성미산로7안길
마포구,성미산로7안길
마포구,성산로2길
마포구,성산로2길
마포구,성산로4길
마포구,성산로4길
마포구,성산로4안길
마포구,성산로4안길
마포구,성산로6길
마포구,성산로6길
마포구,성산로8길
마포구,성산로8길
마포구,성암로11길
마포구,성암로11길
마포구,성암로13길
마포구,성암로13길
마포구,성암로15길
마포구,성암로15길
마포구,성암로1길
마포구,성암로1길
마포구,성암로3가길
마포구,성암로3가길
마포구,성암로3길
마포구,성암로3길
마포구,성암로3길
마포구,성암로3나길
마포구,성암로3나길
마포구,성암로5길
마포구,성암로5길
마포구,성암로5길
마포구,성암로5안길
마포구,성암로5안길
마포구,성암로7길
마포구,성암로7길
마포구,성암로7길
마포구,성암로9길
마포구,성암로9길
마포구,성암로9안길
마포구,성암로9안길
마포구,성중길
마포구,성중길
마포구,성지1길
마포구,성지1길
마포구,성지3길
마포구,성지3길
마포구,성지5길
마포구,성지5길
마포구,성지길
마포구,성지길
마포구,손기정로10길
마포구,손기정로10길
마포구,손기정로12길
마포구,손기정로12길
마포구,손기정로1길
마포구,손기정로1길
마포구,손기정로3길
마포구,손기정로3길
마포구,손기정로4길
마포구,손기정로4길
마포구,손기정로4안길
마포구,손기정로4안길
마포구,손기정로5길
마포구,손기정로5길
마포구,손기정로6길
마포구,손기정로6길
마포구,손기정로7길
마포구,손기정로7길
마포구,숭문10길
마포구,숭문10길
마포구,숭문12가길
마포구,숭문12가길
마포구,숭문12길
마포구,숭문12길
마포구,숭문12나길
마포구,숭문12나길
마포구,숭문14길
마포구,숭문14길
마포구,숭문14길
마포구,숭문16가길
마포구,숭문16가길
마포구,숭문16길
마포구,숭문16길
마포구,숭문16길
마포구,숭문16나길
마포구,숭문16나길
마포구,숭문16나길
마포구,숭문16다길
마포구,숭문16다길
마포구,숭문16다길
마포구,숭문2길
마포구,숭문2길
마포구,숭문4길
마포구,숭문4길
마포구,숭문4안길
마포구,숭문4안길
마포구,숭문5길
마포구,숭문5길
마포구,숭문6길
마포구,숭문6길
마포구,숭문8길
마포구,숭문8길
마포구,숭문길
마포구,숭문길
마포구,숭문길
마포구,신수로11길
마포구,신수로11길
마포구,신수로13길
마포구,신수로13길
마포구,신수로2길
마포구,신수로2길
마포구,신수로3길
마포구,신수로3길
마포구,신수로3길
마포구,신수로6길
마포구,신수로6길
마포구,신수로8길
마포구,신수로8길
마포구,신수로9길
마포구,신수로9길
마포구,신촌로10길
마포구,신촌로10길
마포구,신촌로12가길
마포구,신촌로12가길
마포구,신촌로12길
마포구,신촌로12길
마포구,신촌로12길
마포구,신촌로12길
마포구,신촌로12길
마포구,신촌로12나길
마포구,신촌로12나길
마포구,신촌로12다길
마포구,신촌로12다길
마포구,신촌로14길
마포구,신촌로14길
마포구,신촌로14안길
마포구,신촌로14안길
마포구,신촌로16길
마포구,신촌로16길
마포구,신촌로18길
마포구,신촌로18길
마포구,신촌로20길
마포구,신촌로20길
마포구,신촌로20길
마포구,신촌로22길
마포구,신촌로22길
마포구,신촌로24길
마포구,신촌로24길
마포구,신촌로24안길
마포구,신촌로24안길
마포구,신촌로26길
마포구,신촌로26길
마포구,신촌로26길
마포구,신촌로28가길
마포구,신촌로28가길
마포구,신촌로28길
마포구,신촌로28길
마포구,신촌로28길
마포구,신촌로28나길
마포구,신촌로28나길
마포구,신촌로28다길
마포구,신촌로28다길
마포구,신촌로28라길
마포구,신촌로28라길
마포구,신촌로28마길
마포구,신촌로28마길
마포구,신촌로28바길
마포구,신촌로28바길
마포구,신촌로2길
마포구,신촌로2길
마포구,신촌로2안길
마포구,신촌로2안길
마포구,신촌로30길
마포구,신촌로30길
마포구,신촌로32길
마포구,신촌로32길
마포구,신촌로34길
마포구,신촌로34길
마포구,신촌로4길
마포구,신촌로4길
마포구,신촌로6길
마포구,신촌로6길
마포구,신촌로8길
마포구,신촌로8길
마포구,양화로10길
마포구,양화로10길
마포구,양화로11길
마포구,양화로11길
마포구,양화로12길
마포구,양화로12길
마포구,양화로15길
마포구,양화로15길
마포구,양화로15안길
마포구,양화로15안길
마포구,양화로16길
마포구,양화로16길
마포구,양화로18길
마포구,양화로18길
마포구,양화로18안길
마포구,양화로18안길
마포구,양화로19길
마포구,양화로19길
마포구,양화로1길
마포구,양화로1길
마포구,양화로21길
마포구,양화로21길
마포구,양화로23길
마포구,양화로23길
마포구,양화로3길
마포구,양화로3길
마포구,양화로6길
마포구,양화로6길
마포구,양화로6길
마포구,양화로7길
마포구,양화로7길
마포구,양화로7안길
마포구,양화로7안길
마포구,양화로8길
마포구,양화로8길
마포구,양화진2길
마포구,양화진2길
마포구,양화진4길
마포구,양화진4길
마포구,양화진길
마포구,양화진길
마포구,어울마당로1길
마포구,어울마당로1길
마포구,어울마당로2길
마포구,어울마당로2길
마포구,어울마당로3길
마포구,어울마당로3길
마포구,어울마당로5길
마포구,어울마당로5길
마포구,연남로11길
마포구,연남로11길
마포구,연남로11길
마포구,연남로13길
마포구,연남로13길
마포구,연남로13길
마포구,연남로1길
마포구,연남로1길
마포구,연남로3길
마포구,연남로3길
마포구,연남로5길
마포구,연남로5길
마포구,연남로7길
마포구,연남로7길
마포구,연남로9길
마포구,연남로9길
마포구,연희로1길
마포구,연희로1길
마포구,연희로1길
마포구,와우산로10길
마포구,와우산로10길
마포구,와우산로11길
마포구,와우산로11길
마포구,와우산로13길
마포구,와우산로13길
마포구,와우산로13길
마포구,와우산로14길
마포구,와우산로14길
마포구,와우산로15길
마포구,와우산로15길
마포구,와우산로17길
마포구,와우산로17길
마포구,와우산로18길
마포구,와우산로18길
마포구,와우산로19길
마포구,와우산로19길
마포구,와우산로1길
마포구,와우산로1길
마포구,와우산로1길
마포구,와우산로21길
마포구,와우산로21길
마포구,와우산로22길
마포구,와우산로22길
마포구,와우산로22길
마포구,와우산로23길
마포구,와우산로23길
마포구,와우산로24길
마포구,와우산로24길
마포구,와우산로25길
마포구,와우산로25길
마포구,와우산로26길
마포구,와우산로26길
마포구,와우산로27길
마포구,와우산로27길
마포구,와우산로29가길
마포구,와우산로29가길
마포구,와우산로29길
마포구,와우산로29길
마포구,와우산로29나길
마포구,와우산로29나길
마포구,와우산로29다길
마포구,와우산로29다길
마포구,와우산로29라길
마포구,와우산로29라길
마포구,와우산로29마길
마포구,와우산로29마길
마포구,와우산로29바길
마포구,와우산로29바길
마포구,와우산로30길
마포구,와우산로30길
마포구,와우산로32길
마포구,와우산로32길
마포구,와우산로32길
마포구,와우산로32길
마포구,와우산로33길
마포구,와우산로33길
마포구,와우산로35길
마포구,와우산로35길
마포구,와우산로35길
마포구,와우산로37길
마포구,와우산로37길
마포구,와우산로38길
마포구,와우산로38길
마포구,와우산로3길
마포구,와우산로3길
마포구,와우산로3길
마포구,와우산로3안길
마포구,와우산로3안길
마포구,와우산로3안길
마포구,와우산로5길
마포구,와우산로5길
마포구,와우산로5길
마포구,와우산로7길
마포구,와우산로7길
마포구,월드컵로10길
마포구,월드컵로10길
마포구,월드컵로11길
마포구,월드컵로11길
마포구,월드컵로12길
마포구,월드컵로12길
마포구,월드컵로13길
마포구,월드컵로13길
마포구,월드컵로14길
마포구,월드컵로14길
마포구,월드컵로15길
마포구,월드컵로15길
마포구,월드컵로16길
마포구,월드컵로16길
마포구,월드컵로17길
마포구,월드컵로17길
마포구,월드컵로19길
마포구,월드컵로19길
마포구,월드컵로1길
마포구,월드컵로1길
마포구,월드컵로20길
마포구,월드컵로20길
마포구,월드컵로20길
마포구,월드컵로21길
마포구,월드컵로21길
마포구,월드컵로23길
마포구,월드컵로23길
마포구,월드컵로25길
마포구,월드컵로25길
마포구,월드컵로26길
마포구,월드컵로26길
마포구,월드컵로28길
마포구,월드컵로28길
마포구,월드컵로29길
마포구,월드컵로29길
마포구,월드컵로30가길
마포구,월드컵로30가길
마포구,월드컵로30길
마포구,월드컵로30길
마포구,월드컵로30나길
마포구,월드컵로30나길
마포구,월드컵로30다길
마포구,월드컵로30다길
마포구,월드컵로31길
마포구,월드컵로31길
마포구,월드컵로32길
마포구,월드컵로32길
마포구,월드컵로34길
마포구,월드컵로34길
마포구,월드컵로36길
마포구,월드컵로36길
마포구,월드컵로3길
마포구,월드컵로3길
마포구,월드컵로42길
마포구,월드컵로42길
마포구,월드컵로5길
마포구,월드컵로5길
마포구,월드컵로7길
마포구,월드컵로7길
마포구,월드컵로7안길
마포구,월드컵로7안길
마포구,월드컵로8길
마포구,월드컵로8길
마포구,월드컵북로11길
마포구,월드컵북로11길
마포구,월드컵북로12길
마포구,월드컵북로12길
마포구,월드컵북로12안길
마포구,월드컵북로12안길
마포구,월드컵북로15길
마포구,월드컵북로15길
마포구,월드컵북로15안길
마포구,월드컵북로15안길
마포구,월드컵북로16길
마포구,월드컵북로16길
마포구,월드컵북로16길
마포구,월드컵북로18길
마포구,월드컵북로18길
마포구,월드컵북로1길
마포구,월드컵북로1길
마포구,월드컵북로20길
마포구,월드컵북로20길
마포구,월드컵북로20안길
마포구,월드컵북로20안길
마포구,월드컵북로22길
마포구,월드컵북로22길
마포구,월드컵북로23길
마포구,월드컵북로23길
마포구,월드컵북로26길
마포구,월드컵북로26길
마포구,월드컵북로26길
마포구,월드컵북로26안길
마포구,월드컵북로26안길
마포구,월드컵북로27길
마포구,월드컵북로27길
마포구,월드컵북로2길
마포구,월드컵북로2길
마포구,월드컵북로30길
마포구,월드컵북로30길
마포구,월드컵북로30길
마포구,월드컵북로31길
마포구,월드컵북로31길
마포구,월드컵북로33길
마포구,월드컵북로33길
마포구,월드컵북로36길
마포구,월드컵북로36길
마포구,월드컵북로38가길
마포구,월드컵북로38가길
마포구,월드컵북로38길
마포구,월드컵북로38길
마포구,월드컵북로38나길
마포구,월드컵북로38나길
마포구,월드컵북로42가길
마포구,월드컵북로42가길
마포구,월드컵북로42나길
마포구,월드컵북로42나길
마포구,월드컵북로42다길
마포구,월드컵북로42다길
마포구,월드컵북로42라길
마포구,월드컵북로42라길
마포구,월드컵북로43길
마포구,월드컵북로43길
마포구,월드컵북로44길
마포구,월드컵북로44길
마포구,월드컵북로45길
마포구,월드컵북로45길
마포구,월드컵북로47길
마포구,월드컵북로47길
마포구,월드컵북로48길
마포구,월드컵북로48길
마포구,월드컵북로4길
마포구,월드컵북로4길
마포구,월드컵북로50길
마포구,월드컵북로50길
마포구,월드컵북로54길
마포구,월드컵북로54길
마포구,월드컵북로56길
마포구,월드컵북로56길
마포구,월드컵북로5가길
마포구,월드컵북로5가길
마포구,월드컵북로5길
마포구,월드컵북로5길
마포구,월드컵북로5나길
마포구,월드컵북로5나길
마포구,월드컵북로60길
마포구,월드컵북로60길
마포구,월드컵북로6길
마포구,월드컵북로6길
마포구,월드컵북로6길
마포구,월드컵북로7길
마포구,월드컵북로7길
마포구,월드컵북로7길
마포구,월드컵북로8길
마포구,월드컵북로8길
마포구,월드컵북로9길
마포구,월드컵북로9길
마포구,월드컵북로9길
마포구,임정로11길
마포구,임정로11길
마포구,임정로15길
마포구,임정로15길
마포구,임정로17길
마포구,임정로17길
마포구,임정로19길
마포구,임정로19길
마포구,임정로21길
마포구,임정로21길
마포구,임정로25길
마포구,임정로25길
마포구,잔다리로2길
마포구,잔다리로2길
마포구,잔다리로3길
마포구,잔다리로3길
마포구,잔다리로3안길
마포구,잔다리로3안길
마포구,잔다리로6길
마포구,잔다리로6길
마포구,잔다리로7길
마포구,잔다리로7길
마포구,잔다리로7안길
마포구,잔다리로7안길
마포구,잔다리로9길
마포구,잔다리로9길
마포구,창전로2길
마포구,창전로2길
마포구,큰우물로2길
마포구,큰우물로2길
마포구,큰우물로4길
마포구,큰우물로4길
마포구,토정로11길
마포구,토정로11길
마포구,토정로14길
마포구,토정로14길
마포구,토정로14길
마포구,토정로15길
마포구,토정로15길
마포구,토정로15안길
마포구,토정로15안길
마포구,토정로16길
마포구,토정로16길
마포구,토정로16길
마포구,토정로17길
마포구,토정로17길
마포구,토정로17안길
마포구,토정로17안길
마포구,토정로18길
마포구,토정로18길
마포구,토정로18길
마포구,토정로22길
마포구,토정로22길
마포구,토정로22길
마포구,토정로23길
마포구,토정로23길
마포구,토정로25길
마포구,토정로25길
마포구,토정로25길
마포구,토정로25안길
마포구,토정로25안길
마포구,토정로27길
마포구,토정로27길
마포구,토정로2길
마포구,토정로2길
마포구,토정로31길
마포구,토정로31길
마포구,토정로31길
마포구,토정로31길
마포구,토정로32길
마포구,토정로32길
마포구,토정로32길
마포구,토정로33길
마포구,토정로33길
마포구,토정로35길
마포구,토정로35길
마포구,토정로37가길
마포구,토정로37가길
마포구,토정로37길
마포구,토정로37길
마포구,토정로37길
마포구,토정로37길
마포구,토정로3길
마포구,토정로3길
마포구,토정로3안길
마포구,토정로3안길
마포구,토정로4길
마포구,토정로4길
마포구,토정로4길
마포구,토정로4안길
마포구,토정로4안길
마포구,토정로5길
마포구,토정로5길
마포구,토정로9길
마포구,토정로9길
마포구,포은로2가길
마포구,포은로2가길
마포구,포은로2길
마포구,포은로2길
마포구,포은로2나길
마포구,포은로2나길
마포구,포은로5길
마포구,포은로5길
마포구,포은로6길
마포구,포은로6길
마포구,포은로8길
마포구,포은로8길
마포구,홍익로2길
마포구,홍익로2길
마포구,홍익로3길
마포구,홍익로3길
마포구,홍익로5길
마포구,홍익로5길
마포구,홍익로5안길
마포구,홍익로5안길
마포구,홍익로6길
마포구,홍익로6길
마포구,환일1길
마포구,환일1길
마포구,환일2길
마포구,환일2길
마포구,환일4길
마포구,환일4길
마포구,환일6길
마포구,환일6길
마포구,환일7길
마포구,환일7길
마포구,환일7안길
마포구,환일7안길
마포구,환일7안길
마포구,환일8길
마포구,환일8길
마포구,환일길
마포구,환일길
마포구,효창목2길
마포구,효창목2길
마포구,효창목2길
마포구,효창목4길
마포구,효창목4길
마포구,효창목5길
마포구,효창목5길
마포구,효창목5안길
마포구,효창목5안길
마포구,효창목길
마포구,효창목길
마포구,효창원로93길
마포구,효창원로93길
마포구,효창원로95길
마포구,효창원로95길
마포구,효창원로97길
마포구,효창원로97길
마포구,효창원로98길
마포구,효창원로98길
마포구,희우정로10길
마포구,희우정로10길
마포구,희우정로10안길
마포구,희우정로10안길
마포구,희우정로12길
마포구,희우정로12길
마포구,희우정로13길
마포구,희우정로13길
마포구,희우정로15길
마포구,희우정로15길
마포구,희우정로16길
마포구,희우정로16길
마포구,희우정로17길
마포구,희우정로17길
마포구,희우정로1길
마포구,희우정로1길
마포구,희우정로20길
마포구,희우정로20길
마포구,희우정로21길
마포구,희우정로21길
마포구,희우정로3길
마포구,희우정로3길
마포구,희우정로5길
마포구,희우정로5길
마포구,희우정로7길
마포구,희우정로7길
마포구,굴레방로5길
마포구,굴레방로5길
마포구,소의1길
마포구,월드컵북로42길
마포구,월드컵북로58길
마포구,월드컵북로58길
마포구,월드컵북로62길
마포구,월드컵북로62길
마포구,토정로28길
마포구,서강대길
마포구,서강대길
마포구,서강대길
마포구,홍제천동자전거길
마포구,홍제천서자전거길
마포구,불광천동자전거길
마포구,불광천서자전거길
마포구,한강북자전거길