﻿노원구,수도권제1순환고속도로
노원구,동일로
노원구,동일로
노원구,동일로
노원구,동일로
노원구,동일로
노원구,덕릉로
노원구,덕릉로
노원구,덕릉로
노원구,누원로
노원구,누원로
노원구,화랑로
노원구,화랑로
노원구,화랑로
노원구,노해로
노원구,노해로
노원구,공릉로
노원구,공릉로
노원구,공릉로
노원구,공릉로
노원구,월계로
노원구,월계로
노원구,마들로
노원구,마들로
노원구,우이천로
노원구,우이천로
노원구,광운로
노원구,광운로
노원구,노원로
노원구,노원로
노원구,노원로
노원구,노원로
노원구,노원로
노원구,상계로
노원구,상계로
노원구,석계로
노원구,석계로
노원구,섬밭로
노원구,섬밭로
노원구,섬밭로
노원구,섬밭로
노원구,수락산로
노원구,수락산로
노원구,중계로
노원구,중계로
노원구,중계로
노원구,중계로
노원구,초안산로
노원구,초안산로
노원구,한글비석로
노원구,한글비석로
노원구,한글비석로
노원구,한글비석로
노원구,동부간선로
노원구,한천로96길
노원구,덕릉로60길
노원구,덕릉로60길
노원구,덕릉로60타길
노원구,덕릉로60타길
노원구,공릉로20가길
노원구,공릉로20가길
노원구,공릉로20길
노원구,공릉로20길
노원구,공릉로22길
노원구,공릉로22길
노원구,공릉로24길
노원구,공릉로24길
노원구,공릉로26길
노원구,공릉로26길
노원구,공릉로27길
노원구,공릉로27길
노원구,공릉로29길
노원구,공릉로29길
노원구,공릉로32길
노원구,공릉로32길
노원구,공릉로33길
노원구,공릉로33길
노원구,공릉로34길
노원구,공릉로34길
노원구,공릉로35길
노원구,공릉로35길
노원구,공릉로37길
노원구,공릉로37길
노원구,공릉로38길
노원구,공릉로38길
노원구,공릉로39길
노원구,공릉로39길
노원구,공릉로41가길
노원구,공릉로41가길
노원구,공릉로41길
노원구,공릉로41길
노원구,공릉로41나길
노원구,공릉로41나길
노원구,공릉로41다길
노원구,공릉로41다길
노원구,공릉로41라길
노원구,공릉로41라길
노원구,공릉로41마길
노원구,공릉로41마길
노원구,공릉로42길
노원구,공릉로42길
노원구,공릉로43가길
노원구,공릉로43가길
노원구,공릉로43길
노원구,공릉로43길
노원구,공릉로46가길
노원구,공릉로46가길
노원구,공릉로46길
노원구,공릉로46길
노원구,공릉로48길
노원구,공릉로48길
노원구,공릉로51길
노원구,공릉로51길
노원구,공릉로55길
노원구,공릉로55길
노원구,공릉로55길
노원구,공릉로58가길
노원구,공릉로58가길
노원구,공릉로58길
노원구,공릉로58길
노원구,공릉로58나길
노원구,공릉로58나길
노원구,공릉로58다길
노원구,공릉로58다길
노원구,공릉로58라길
노원구,공릉로58라길
노원구,공릉로58마길
노원구,공릉로58마길
노원구,공릉로58바길
노원구,공릉로58바길
노원구,공릉로59가길
노원구,공릉로59가길
노원구,공릉로59길
노원구,공릉로59길
노원구,공릉로59나길
노원구,공릉로59나길
노원구,공릉로62가길
노원구,공릉로62가길
노원구,공릉로62길
노원구,공릉로62길
노원구,공릉로63길
노원구,공릉로63길
노원구,공릉로65길
노원구,공릉로65길
노원구,공릉로70길
노원구,공릉로70길
노원구,광운로10길
노원구,광운로10길
노원구,광운로12길
노원구,광운로12길
노원구,광운로13길
노원구,광운로13길
노원구,광운로15길
노원구,광운로15길
노원구,광운로17길
노원구,광운로17길
노원구,광운로19가길
노원구,광운로19가길
노원구,광운로19길
노원구,광운로19길
노원구,광운로1길
노원구,광운로1길
노원구,광운로22길
노원구,광운로22길
노원구,광운로2가길
노원구,광운로2가길
노원구,광운로2길
노원구,광운로2길
노원구,광운로2나길
노원구,광운로2나길
노원구,광운로3길
노원구,광운로3길
노원구,광운로6길
노원구,광운로6길
노원구,광운로7길
노원구,광운로7길
노원구,노원로11길
노원구,노원로11길
노원구,노원로15길
노원구,노원로15길
노원구,노원로15길
노원구,노원로16길
노원구,노원로16길
노원구,노원로17길
노원구,노원로17길
노원구,노원로17길
노원구,노원로18길
노원구,노원로18길
노원구,노원로19길
노원구,노원로19길
노원구,노원로1가길
노원구,노원로1가길
노원구,노원로1길
노원구,노원로1길
노원구,노원로1나길
노원구,노원로1나길
노원구,노원로1다길
노원구,노원로1다길
노원구,노원로1라길
노원구,노원로1라길
노원구,노원로1마길
노원구,노원로1마길
노원구,노원로1바길
노원구,노원로1바길
노원구,노원로22길
노원구,노원로22길
노원구,노원로26가길
노원구,노원로26가길
노원구,노원로26길
노원구,노원로26길
노원구,노원로26나길
노원구,노원로26나길
노원구,노원로28길
노원구,노원로28길
노원구,노원로30길
노원구,노원로30길
노원구,노원로32길
노원구,노원로32길
노원구,노원로34길
노원구,노원로34길
노원구,노원로38길
노원구,노원로38길
노원구,노해로75길
노원구,노해로75길
노원구,노해로77길
노원구,노해로77길
노원구,노해로79길
노원구,노해로79길
노원구,노해로81길
노원구,노해로81길
노원구,노해로83길
노원구,노해로83길
노원구,노해로85길
노원구,노해로85길
노원구,누원2길
노원구,누원2길
노원구,덕릉로100길
노원구,덕릉로100길
노원구,덕릉로102길
노원구,덕릉로102길
노원구,덕릉로103길
노원구,덕릉로103길
노원구,덕릉로106길
노원구,덕릉로106길
노원구,덕릉로108길
노원구,덕릉로108길
노원구,덕릉로109가길
노원구,덕릉로109가길
노원구,덕릉로109길
노원구,덕릉로109길
노원구,덕릉로109나길
노원구,덕릉로109나길
노원구,덕릉로109다길
노원구,덕릉로109다길
노원구,덕릉로110길
노원구,덕릉로110길
노원구,덕릉로112길
노원구,덕릉로112길
노원구,덕릉로113가길
노원구,덕릉로113가길
노원구,덕릉로113길
노원구,덕릉로113길
노원구,덕릉로115가길
노원구,덕릉로115가길
노원구,덕릉로115길
노원구,덕릉로115길
노원구,덕릉로115나길
노원구,덕릉로115나길
노원구,덕릉로115다길
노원구,덕릉로115다길
노원구,덕릉로118길
노원구,덕릉로118길
노원구,덕릉로119가길
노원구,덕릉로119가길
노원구,덕릉로119길
노원구,덕릉로119길
노원구,덕릉로122길
노원구,덕릉로122길
노원구,덕릉로123길
노원구,덕릉로123길
노원구,덕릉로124가길
노원구,덕릉로124가길
노원구,덕릉로124길
노원구,덕릉로124길
노원구,덕릉로126가길
노원구,덕릉로126가길
노원구,덕릉로126길
노원구,덕릉로126길
노원구,덕릉로126나길
노원구,덕릉로126나길
노원구,덕릉로126다길
노원구,덕릉로126다길
노원구,덕릉로126라길
노원구,덕릉로126라길
노원구,덕릉로126마길
노원구,덕릉로126마길
노원구,덕릉로126바길
노원구,덕릉로126바길
노원구,덕릉로126사길
노원구,덕릉로126사길
노원구,덕릉로126아길
노원구,덕릉로126아길
노원구,덕릉로127길
노원구,덕릉로127길
노원구,덕릉로129가길
노원구,덕릉로129가길
노원구,덕릉로129길
노원구,덕릉로129길
노원구,덕릉로130가길
노원구,덕릉로130가길
노원구,덕릉로130길
노원구,덕릉로130길
노원구,덕릉로130나길
노원구,덕릉로130나길
노원구,덕릉로131가길
노원구,덕릉로131가길
노원구,덕릉로131길
노원구,덕릉로131길
노원구,덕릉로134가길
노원구,덕릉로134가길
노원구,덕릉로134길
노원구,덕릉로134길
노원구,덕릉로135길
노원구,덕릉로135길
노원구,덕릉로137길
노원구,덕릉로137길
노원구,덕릉로139길
노원구,덕릉로139길
노원구,덕릉로141가길
노원구,덕릉로141가길
노원구,덕릉로141길
노원구,덕릉로141길
노원구,덕릉로141나길
노원구,덕릉로141나길
노원구,덕릉로143길
노원구,덕릉로143길
노원구,덕릉로145길
노원구,덕릉로145길
노원구,덕릉로70가길
노원구,덕릉로70가길
노원구,덕릉로70길
노원구,덕릉로70길
노원구,덕릉로71길
노원구,덕릉로71길
노원구,덕릉로73길
노원구,덕릉로73길
노원구,덕릉로76길
노원구,덕릉로76길
노원구,덕릉로77길
노원구,덕릉로77길
노원구,덕릉로79길
노원구,덕릉로79길
노원구,덕릉로82길
노원구,덕릉로82길
노원구,덕릉로83길
노원구,덕릉로83길
노원구,덕릉로84길
노원구,덕릉로84길
노원구,덕릉로86길
노원구,덕릉로86길
노원구,덕릉로87길
노원구,덕릉로87길
노원구,덕릉로89길
노원구,덕릉로89길
노원구,덕릉로90길
노원구,덕릉로90길
노원구,덕릉로92길
노원구,덕릉로92길
노원구,덕릉로94가길
노원구,덕릉로94가길
노원구,덕릉로94가길
노원구,덕릉로94길
노원구,덕릉로94길
노원구,덕릉로94길
노원구,덕릉로95가길
노원구,덕릉로95가길
노원구,덕릉로95길
노원구,덕릉로95길
노원구,덕릉로98길
노원구,덕릉로98길
노원구,동일로173가길
노원구,동일로173가길
노원구,동일로173길
노원구,동일로173길
노원구,동일로174길
노원구,동일로174길
노원구,동일로175길
노원구,동일로175길
노원구,동일로176길
노원구,동일로176길
노원구,동일로177길
노원구,동일로177길
노원구,동일로178길
노원구,동일로178길
노원구,동일로179길
노원구,동일로179길
노원구,동일로180길
노원구,동일로180길
노원구,동일로182길
노원구,동일로182길
노원구,동일로183길
노원구,동일로183길
노원구,동일로184길
노원구,동일로184길
노원구,동일로186길
노원구,동일로186길
노원구,동일로187길
노원구,동일로187길
노원구,동일로190길
노원구,동일로190길
노원구,동일로191가길
노원구,동일로191가길
노원구,동일로191길
노원구,동일로191길
노원구,동일로192가길
노원구,동일로192가길
노원구,동일로192길
노원구,동일로192길
노원구,동일로192나길
노원구,동일로192나길
노원구,동일로192다길
노원구,동일로192다길
노원구,동일로193가길
노원구,동일로193가길
노원구,동일로193길
노원구,동일로193길
노원구,동일로195길
노원구,동일로195길
노원구,동일로196길
노원구,동일로196길
노원구,동일로197길
노원구,동일로197길
노원구,동일로198가길
노원구,동일로198가길
노원구,동일로198길
노원구,동일로198길
노원구,동일로203가길
노원구,동일로203가길
노원구,동일로203길
노원구,동일로203길
노원구,동일로204가길
노원구,동일로204가길
노원구,동일로204길
노원구,동일로204길
노원구,동일로205길
노원구,동일로205길
노원구,동일로207길
노원구,동일로207길
노원구,동일로207길
노원구,동일로208길
노원구,동일로208길
노원구,동일로210길
노원구,동일로210길
노원구,동일로211길
노원구,동일로211길
노원구,동일로213길
노원구,동일로213길
노원구,동일로214길
노원구,동일로214길
노원구,동일로215길
노원구,동일로215길
노원구,동일로216길
노원구,동일로216길
노원구,동일로217가길
노원구,동일로217가길
노원구,동일로217길
노원구,동일로217길
노원구,동일로218길
노원구,동일로218길
노원구,동일로221길
노원구,동일로221길
노원구,동일로227길
노원구,동일로227길
노원구,동일로228길
노원구,동일로228길
노원구,동일로230가길
노원구,동일로230가길
노원구,동일로230길
노원구,동일로230길
노원구,동일로230나길
노원구,동일로230나길
노원구,동일로230다길
노원구,동일로230다길
노원구,동일로231가길
노원구,동일로231가길
노원구,동일로231길
노원구,동일로231길
노원구,동일로231나길
노원구,동일로231나길
노원구,동일로231다길
노원구,동일로231다길
노원구,동일로232길
노원구,동일로232길
노원구,동일로234길
노원구,동일로234길
노원구,동일로236길
노원구,동일로236길
노원구,동일로237가길
노원구,동일로237가길
노원구,동일로237길
노원구,동일로237길
노원구,동일로237나길
노원구,동일로237나길
노원구,동일로237다길
노원구,동일로237다길
노원구,동일로237라길
노원구,동일로237라길
노원구,동일로237마길
노원구,동일로237마길
노원구,동일로237바길
노원구,동일로237바길
노원구,동일로238길
노원구,동일로238길
노원구,동일로239가길
노원구,동일로239가길
노원구,동일로239길
노원구,동일로239길
노원구,동일로239나길
노원구,동일로239나길
노원구,동일로239다길
노원구,동일로239다길
노원구,동일로241가길
노원구,동일로241가길
노원구,동일로241길
노원구,동일로241길
노원구,동일로241나길
노원구,동일로241나길
노원구,동일로241다길
노원구,동일로241다길
노원구,동일로242가길
노원구,동일로242가길
노원구,동일로242길
노원구,동일로242길
노원구,동일로242나길
노원구,동일로242나길
노원구,동일로242다길
노원구,동일로242다길
노원구,동일로242라길
노원구,동일로242라길
노원구,동일로242마길
노원구,동일로242마길
노원구,동일로242바길
노원구,동일로242바길
노원구,동일로243길
노원구,동일로243길
노원구,동일로245가길
노원구,동일로245가길
노원구,동일로245길
노원구,동일로245길
노원구,동일로246길
노원구,동일로246길
노원구,동일로248길
노원구,동일로248길
노원구,동일로250길
노원구,동일로250길
노원구,동일로251길
노원구,동일로251길
노원구,마들로1가길
노원구,마들로1가길
노원구,마들로1길
노원구,마들로1길
노원구,마들로3길
노원구,마들로3길
노원구,마들로5가길
노원구,마들로5가길
노원구,마들로5길
노원구,마들로5길
노원구,상계로10길
노원구,상계로10길
노원구,상계로11길
노원구,상계로11길
노원구,상계로12길
노원구,상계로12길
노원구,상계로13길
노원구,상계로13길
노원구,상계로15길
노원구,상계로15길
노원구,상계로17길
노원구,상계로17길
노원구,상계로18길
노원구,상계로18길
노원구,상계로19길
노원구,상계로19길
노원구,상계로1길
노원구,상계로1길
노원구,상계로21길
노원구,상계로21길
노원구,상계로23가길
노원구,상계로23가길
노원구,상계로23길
노원구,상계로23길
노원구,상계로23나길
노원구,상계로23나길
노원구,상계로23다길
노원구,상계로23다길
노원구,상계로24길
노원구,상계로24길
노원구,상계로26길
노원구,상계로26길
노원구,상계로27길
노원구,상계로27길
노원구,상계로31길
노원구,상계로31길
노원구,상계로33길
노원구,상계로33길
노원구,상계로35가길
노원구,상계로35가길
노원구,상계로35길
노원구,상계로35길
노원구,상계로35나길
노원구,상계로35나길
노원구,상계로37가길
노원구,상계로37가길
노원구,상계로37길
노원구,상계로37길
노원구,상계로37나길
노원구,상계로37나길
노원구,상계로37다길
노원구,상계로37다길
노원구,상계로37라길
노원구,상계로37라길
노원구,상계로37마길
노원구,상계로37마길
노원구,상계로39길
노원구,상계로39길
노원구,상계로3길
노원구,상계로3길
노원구,상계로41길
노원구,상계로41길
노원구,상계로43길
노원구,상계로43길
노원구,상계로5길
노원구,상계로5길
노원구,상계로7길
노원구,상계로7길
노원구,상계로9가길
노원구,상계로9가길
노원구,상계로9길
노원구,상계로9길
노원구,상계로9나길
노원구,상계로9나길
노원구,석계로11길
노원구,석계로11길
노원구,석계로13길
노원구,석계로13길
노원구,석계로15길
노원구,석계로15길
노원구,석계로18길
노원구,석계로18길
노원구,석계로1길
노원구,석계로1길
노원구,석계로3길
노원구,석계로3길
노원구,석계로5길
노원구,석계로5길
노원구,석계로7길
노원구,석계로7길
노원구,석계로8가길
노원구,석계로8가길
노원구,석계로8길
노원구,석계로8길
노원구,석계로9길
노원구,석계로9길
노원구,수락산로2길
노원구,수락산로2길
노원구,수락산로8가길
노원구,수락산로8가길
노원구,수락산로8길
노원구,수락산로8길
노원구,수락산로8나길
노원구,수락산로8나길
노원구,우이천로2가길
노원구,우이천로2가길
노원구,우이천로2길
노원구,우이천로2길
노원구,우이천로2나길
노원구,우이천로2나길
노원구,월계로42길
노원구,월계로42길
노원구,월계로44가길
노원구,월계로44가길
노원구,월계로44길
노원구,월계로44길
노원구,월계로44나길
노원구,월계로44나길
노원구,월계로45가길
노원구,월계로45가길
노원구,월계로45길
노원구,월계로45길
노원구,월계로49길
노원구,월계로49길
노원구,월계로53길
노원구,월계로53길
노원구,월계로55길
노원구,월계로55길
노원구,중계로10길
노원구,중계로10길
노원구,중계로12가길
노원구,중계로12가길
노원구,중계로12길
노원구,중계로12길
노원구,중계로14가길
노원구,중계로14가길
노원구,중계로14길
노원구,중계로14길
노원구,중계로14나길
노원구,중계로14나길
노원구,중계로14다길
노원구,중계로14다길
노원구,중계로14라길
노원구,중계로14라길
노원구,중계로14마길
노원구,중계로14마길
노원구,중계로14바길
노원구,중계로14바길
노원구,중계로14사길
노원구,중계로14사길
노원구,중계로16가길
노원구,중계로16가길
노원구,중계로16길
노원구,중계로16길
노원구,중계로16나길
노원구,중계로16나길
노원구,중계로16다길
노원구,중계로16다길
노원구,중계로18길
노원구,중계로18길
노원구,중계로19길
노원구,중계로19길
노원구,중계로2가길
노원구,중계로2가길
노원구,중계로2길
노원구,중계로2길
노원구,중계로2길
노원구,중계로2나길
노원구,중계로2나길
노원구,중계로2나길
노원구,중계로2다길
노원구,중계로2다길
노원구,중계로2라길
노원구,중계로2라길
노원구,중계로2마길
노원구,중계로2마길
노원구,중계로4가길
노원구,중계로4가길
노원구,중계로4길
노원구,중계로4길
노원구,중계로4나길
노원구,중계로4나길
노원구,중계로4다길
노원구,중계로4다길
노원구,중계로4라길
노원구,중계로4라길
노원구,중계로4마길
노원구,중계로4마길
노원구,중계로4바길
노원구,중계로4바길
노원구,중계로6가길
노원구,중계로6가길
노원구,중계로6길
노원구,중계로6길
노원구,중계로6나길
노원구,중계로6나길
노원구,중계로6다길
노원구,중계로6다길
노원구,중계로6라길
노원구,중계로6라길
노원구,중계로8길
노원구,중계로8길
노원구,중계로8나길
노원구,중계로8나길
노원구,초안산로1길
노원구,초안산로1길
노원구,초안산로2길
노원구,초안산로2길
노원구,초안산로2라길
노원구,초안산로2라길
노원구,초안산로3길
노원구,초안산로3길
노원구,초안산로5길
노원구,초안산로5길
노원구,초안산로7길
노원구,초안산로7길
노원구,한글비석로12길
노원구,한글비석로12길
노원구,한글비석로14길
노원구,한글비석로14길
노원구,한글비석로15길
노원구,한글비석로15길
노원구,한글비석로19길
노원구,한글비석로19길
노원구,한글비석로1길
노원구,한글비석로1길
노원구,한글비석로1길
노원구,한글비석로20길
노원구,한글비석로20길
노원구,한글비석로22길
노원구,한글비석로22길
노원구,한글비석로22길
노원구,한글비석로23길
노원구,한글비석로23길
노원구,한글비석로24가길
노원구,한글비석로24가길
노원구,한글비석로24길
노원구,한글비석로24길
노원구,한글비석로24나길
노원구,한글비석로24나길
노원구,한글비석로24다길
노원구,한글비석로24다길
노원구,한글비석로24라길
노원구,한글비석로24라길
노원구,한글비석로24마길
노원구,한글비석로24마길
노원구,한글비석로24바길
노원구,한글비석로24바길
노원구,한글비석로24사길
노원구,한글비석로24사길
노원구,한글비석로24아길
노원구,한글비석로24아길
노원구,한글비석로24자길
노원구,한글비석로24자길
노원구,한글비석로25길
노원구,한글비석로25길
노원구,한글비석로27길
노원구,한글비석로27길
노원구,한글비석로29길
노원구,한글비석로29길
노원구,한글비석로31가길
노원구,한글비석로31가길
노원구,한글비석로31길
노원구,한글비석로31길
노원구,한글비석로33길
노원구,한글비석로33길
노원구,한글비석로35길
노원구,한글비석로35길
노원구,한글비석로36길
노원구,한글비석로36길
노원구,한글비석로37길
노원구,한글비석로37길
노원구,한글비석로39길
노원구,한글비석로39길
노원구,한글비석로41가길
노원구,한글비석로41가길
노원구,한글비석로41길
노원구,한글비석로41길
노원구,한글비석로44가길
노원구,한글비석로44가길
노원구,한글비석로44길
노원구,한글비석로44길
노원구,한글비석로46가길
노원구,한글비석로46가길
노원구,한글비석로46길
노원구,한글비석로46길
노원구,한글비석로46나길
노원구,한글비석로46나길
노원구,한글비석로47길
노원구,한글비석로47길
노원구,한글비석로48길
노원구,한글비석로48길
노원구,한글비석로49길
노원구,한글비석로49길
노원구,한글비석로4길
노원구,한글비석로4길
노원구,한글비석로50길
노원구,한글비석로50길
노원구,한글비석로52길
노원구,한글비석로52길
노원구,한글비석로54길
노원구,한글비석로54길
노원구,한글비석로5길
노원구,한글비석로5길
노원구,한글비석로5길
노원구,한글비석로8길
노원구,한글비석로8길
노원구,화랑로43가길
노원구,화랑로43가길
노원구,화랑로43길
노원구,화랑로43길
노원구,화랑로43나길
노원구,화랑로43나길
노원구,화랑로43다길
노원구,화랑로43다길
노원구,화랑로45길
노원구,화랑로45길
노원구,화랑로47길
노원구,화랑로47길
노원구,화랑로51가길
노원구,화랑로51가길
노원구,화랑로51길
노원구,화랑로51길
노원구,화랑로51나길
노원구,화랑로51나길
노원구,화랑로53길
노원구,화랑로53길
노원구,화랑로55길
노원구,화랑로55길
노원구,화랑로60가길
노원구,화랑로60가길
노원구,화랑로60길
노원구,화랑로60길
노원구,노원로14길
노원구,노원로20길
노원구,노원로24길
노원구,동일로206길
노원구,동일로218가길
노원구,동일로220길
노원구,동일로248가길
노원구,동일로248가길
노원구,중계로17길
노원구,중계로20길
노원구,중계로8가길
노원구,한글비석로21길
노원구,당현천자전거길
노원구,당현천자전거길
노원구,중랑천서자전거길
노원구,중랑천동자전거길
노원구,우이천서자전거길
노원구,우이천동자전거길