﻿서초구,경부고속도로
서초구,용인서울고속도로
서초구,남부순환로
서초구,남부순환로
서초구,남부순환로
서초구,남부순환로
서초구,과천대로
서초구,과천대로
서초구,양재대로
서초구,양재대로
서초구,양재대로
서초구,양재대로
서초구,동작대로
서초구,동작대로
서초구,동작대로
서초구,강남대로
서초구,강남대로
서초구,강남대로
서초구,강남대로
서초구,강남대로
서초구,사평대로
서초구,사평대로
서초구,사평대로
서초구,사평대로
서초구,서초대로
서초구,서초대로
서초구,서초대로
서초구,반포대로
서초구,반포대로
서초구,반포대로
서초구,반포대로
서초구,올림픽대로
서초구,올림픽대로
서초구,청계산로
서초구,청계산로
서초구,청계산로
서초구,청계산로
서초구,청계산로
서초구,헌릉로
서초구,헌릉로
서초구,헌릉로
서초구,헌릉로
서초구,헌릉로
서초구,우면산로
서초구,우면산로
서초구,고무래로
서초구,고무래로
서초구,고무래로
서초구,나루터로
서초구,나루터로
서초구,도구로
서초구,도구로
서초구,동광로
서초구,동광로
서초구,동광로
서초구,동산로
서초구,동산로
서초구,마방로
서초구,마방로
서초구,매헌로
서초구,매헌로
서초구,명달로
서초구,명달로
서초구,명달로
서초구,바우뫼로
서초구,바우뫼로
서초구,바우뫼로
서초구,방배로
서초구,방배로
서초구,방배중앙로
서초구,방배중앙로
서초구,방배천로
서초구,방배천로
서초구,법원로
서초구,법원로
서초구,사임당로
서초구,사임당로
서초구,서래로
서초구,서래로
서초구,서운로
서초구,서운로
서초구,신반포로
서초구,신반포로
서초구,신반포로
서초구,잠원로
서초구,잠원로
서초구,잠원로
서초구,태봉로
서초구,태봉로
서초구,효령로
서초구,효령로
서초구,효령로
서초구,논현로
서초구,논현로
서초구,양재천로
서초구,양재천로
서초구,서초중앙로
서초구,서초중앙로
서초구,서초중앙로
서초구,분당내곡로
서초구,중앙로
서초구,중앙로
서초구,강남순환로
서초구,강남대로101길
서초구,강남대로101길
서초구,강남대로101안길
서초구,강남대로101안길
서초구,강남대로105길
서초구,강남대로105길
서초구,강남대로107길
서초구,강남대로107길
서초구,강남대로109길
서초구,강남대로109길
서초구,강남대로10길
서초구,강남대로10길
서초구,강남대로12길
서초구,강남대로12길
서초구,강남대로16길
서초구,강남대로16길
서초구,강남대로18길
서초구,강남대로18길
서초구,강남대로23길
서초구,강남대로23길
서초구,강남대로25길
서초구,강남대로25길
서초구,강남대로27길
서초구,강남대로27길
서초구,강남대로2길
서초구,강남대로2길
서초구,강남대로30길
서초구,강남대로30길
서초구,강남대로34길
서초구,강남대로34길
서초구,강남대로37길
서초구,강남대로37길
서초구,강남대로39길
서초구,강남대로39길
서초구,강남대로41길
서초구,강남대로41길
서초구,강남대로43길
서초구,강남대로43길
서초구,강남대로45길
서초구,강남대로45길
서초구,강남대로47길
서초구,강남대로47길
서초구,강남대로4길
서초구,강남대로4길
서초구,강남대로51길
서초구,강남대로51길
서초구,강남대로53길
서초구,강남대로53길
서초구,강남대로55길
서초구,강남대로55길
서초구,강남대로61길
서초구,강남대로61길
서초구,강남대로65길
서초구,강남대로65길
서초구,강남대로69길
서초구,강남대로69길
서초구,강남대로6길
서초구,강남대로6길
서초구,강남대로79길
서초구,강남대로79길
서초구,강남대로83길
서초구,강남대로83길
서초구,강남대로85길
서초구,강남대로85길
서초구,강남대로89길
서초구,강남대로89길
서초구,강남대로8길
서초구,강남대로8길
서초구,강남대로91길
서초구,강남대로91길
서초구,강남대로93길
서초구,강남대로93길
서초구,강남대로95길
서초구,강남대로95길
서초구,강남대로97길
서초구,강남대로97길
서초구,강남대로99길
서초구,강남대로99길
서초구,고무래로10길
서초구,고무래로10길
서초구,고무래로8길
서초구,고무래로8길
서초구,나루터로10길
서초구,나루터로10길
서초구,나루터로12길
서초구,나루터로12길
서초구,나루터로15길
서초구,나루터로15길
서초구,나루터로4길
서초구,나루터로4길
서초구,남부순환로287길
서초구,남부순환로287길
서초구,남부순환로289길
서초구,남부순환로289길
서초구,남부순환로291길
서초구,남부순환로291길
서초구,남부순환로292길
서초구,남부순환로292길
서초구,남부순환로293길
서초구,남부순환로293길
서초구,남부순환로294길
서초구,남부순환로294길
서초구,남부순환로295길
서초구,남부순환로295길
서초구,남부순환로296가길
서초구,남부순환로296가길
서초구,남부순환로296길
서초구,남부순환로296길
서초구,남부순환로297가길
서초구,남부순환로297가길
서초구,남부순환로297길
서초구,남부순환로297길
서초구,남부순환로297나길
서초구,남부순환로297나길
서초구,남부순환로297다길
서초구,남부순환로297다길
서초구,남부순환로297라길
서초구,남부순환로297라길
서초구,남부순환로300길
서초구,남부순환로300길
서초구,남부순환로309길
서초구,남부순환로309길
서초구,남부순환로315길
서초구,남부순환로315길
서초구,남부순환로317길
서초구,남부순환로317길
서초구,남부순환로319길
서초구,남부순환로319길
서초구,남부순환로323길
서초구,남부순환로323길
서초구,남부순환로325길
서초구,남부순환로325길
서초구,남부순환로328길
서초구,남부순환로328길
서초구,남부순환로331길
서초구,남부순환로331길
서초구,남부순환로333길
서초구,남부순환로333길
서초구,남부순환로335길
서초구,남부순환로335길
서초구,남부순환로337가길
서초구,남부순환로337가길
서초구,남부순환로337길
서초구,남부순환로337길
서초구,남부순환로339길
서초구,남부순환로339길
서초구,남부순환로340길
서초구,남부순환로340길
서초구,남부순환로342길
서초구,남부순환로342길
서초구,남부순환로346길
서초구,남부순환로346길
서초구,남부순환로347길
서초구,남부순환로347길
서초구,남부순환로350길
서초구,남부순환로350길
서초구,남부순환로354길
서초구,남부순환로354길
서초구,남부순환로356길
서초구,남부순환로356길
서초구,남부순환로358길
서초구,남부순환로358길
서초구,남부순환로364길
서초구,남부순환로364길
서초구,논현로11길
서초구,논현로11길
서초구,논현로13길
서초구,논현로13길
서초구,논현로17길
서초구,논현로17길
서초구,논현로19길
서초구,논현로19길
서초구,논현로1길
서초구,논현로1길
서초구,논현로27길
서초구,논현로27길
서초구,논현로31길
서초구,논현로31길
서초구,논현로5길
서초구,논현로5길
서초구,논현로7길
서초구,논현로7길
서초구,능선길
서초구,능선길
서초구,능안말1길
서초구,능안말1길
서초구,능안말2길
서초구,능안말2길
서초구,능안말3길
서초구,능안말3길
서초구,능안말길
서초구,능안말길
서초구,도구로16길
서초구,도구로16길
서초구,도구로1길
서초구,도구로1길
서초구,도구로3길
서초구,도구로3길
서초구,도구로5길
서초구,도구로5길
서초구,도구로7길
서초구,도구로7길
서초구,도구로9길
서초구,도구로9길
서초구,동광로10길
서초구,동광로10길
서초구,동광로11길
서초구,동광로11길
서초구,동광로12길
서초구,동광로12길
서초구,동광로14길
서초구,동광로14길
서초구,동광로15길
서초구,동광로15길
서초구,동광로18길
서초구,동광로18길
서초구,동광로19길
서초구,동광로19길
서초구,동광로1길
서초구,동광로1길
서초구,동광로22길
서초구,동광로22길
서초구,동광로24길
서초구,동광로24길
서초구,동광로27길
서초구,동광로27길
서초구,동광로27길
서초구,동광로28길
서초구,동광로28길
서초구,동광로30길
서초구,동광로30길
서초구,동광로32길
서초구,동광로32길
서초구,동광로32길
서초구,동광로33길
서초구,동광로33길
서초구,동광로33길
서초구,동광로39길
서초구,동광로39길
서초구,동광로3길
서초구,동광로3길
서초구,동광로41길
서초구,동광로41길
서초구,동광로42길
서초구,동광로42길
서초구,동광로43길
서초구,동광로43길
서초구,동광로45길
서초구,동광로45길
서초구,동광로46길
서초구,동광로46길
서초구,동광로47길
서초구,동광로47길
서초구,동광로49길
서초구,동광로49길
서초구,동광로4길
서초구,동광로4길
서초구,동광로5길
서초구,동광로5길
서초구,동광로6길
서초구,동광로6길
서초구,동광로7길
서초구,동광로7길
서초구,동광로8길
서초구,동광로8길
서초구,동광로9길
서초구,동광로9길
서초구,동산로10길
서초구,동산로10길
서초구,동산로12길
서초구,동산로12길
서초구,동산로13길
서초구,동산로13길
서초구,동산로14길
서초구,동산로14길
서초구,동산로15길
서초구,동산로15길
서초구,동산로16길
서초구,동산로16길
서초구,동산로19길
서초구,동산로19길
서초구,동산로2길
서초구,동산로2길
서초구,동산로6길
서초구,동산로6길
서초구,동산로8길
서초구,동산로8길
서초구,방배천로2길
서초구,방배천로2길
서초구,방배천로2안길
서초구,방배천로2안길
서초구,방배천로4길
서초구,방배천로4길
서초구,방배천로4안길
서초구,방배천로4안길
서초구,방배천로6길
서초구,방배천로6길
서초구,방배천로8길
서초구,방배천로8길
서초구,마방로10길
서초구,마방로10길
서초구,마방로2길
서초구,마방로2길
서초구,마방로4길
서초구,마방로4길
서초구,마방로6길
서초구,마방로6길
서초구,매헌로10길
서초구,매헌로10길
서초구,매헌로12길
서초구,매헌로12길
서초구,매헌로14길
서초구,매헌로14길
서초구,매헌로16길
서초구,매헌로16길
서초구,매헌로1길
서초구,매헌로1길
서초구,매헌로3길
서초구,매헌로3길
서초구,매헌로6길
서초구,매헌로6길
서초구,매헌로8길
서초구,매헌로8길
서초구,명달로11길
서초구,명달로11길
서초구,명달로13길
서초구,명달로13길
서초구,명달로15길
서초구,명달로15길
서초구,명달로16길
서초구,명달로16길
서초구,명달로17길
서초구,명달로17길
서초구,명달로1길
서초구,명달로1길
서초구,명달로20길
서초구,명달로20길
서초구,명달로22길
서초구,명달로22길
서초구,명달로24길
서초구,명달로24길
서초구,명달로26길
서초구,명달로26길
서초구,명달로28길
서초구,명달로28길
서초구,명달로4길
서초구,명달로4길
서초구,명달로6길
서초구,명달로6길
서초구,명달로8길
서초구,명달로8길
서초구,명달로9길
서초구,명달로9길
서초구,바우뫼로11길
서초구,바우뫼로11길
서초구,바우뫼로11안길
서초구,바우뫼로11안길
서초구,바우뫼로12길
서초구,바우뫼로12길
서초구,바우뫼로12길
서초구,바우뫼로18길
서초구,바우뫼로18길
서초구,바우뫼로1길
서초구,바우뫼로1길
서초구,바우뫼로20길
서초구,바우뫼로20길
서초구,바우뫼로21길
서초구,바우뫼로21길
서초구,바우뫼로23길
서초구,바우뫼로23길
서초구,바우뫼로25길
서초구,바우뫼로25길
서초구,바우뫼로27길
서초구,바우뫼로27길
서초구,바우뫼로29길
서초구,바우뫼로29길
서초구,바우뫼로2길
서초구,바우뫼로2길
서초구,바우뫼로31길
서초구,바우뫼로31길
서초구,바우뫼로33길
서초구,바우뫼로33길
서초구,바우뫼로35길
서초구,바우뫼로35길
서초구,바우뫼로37길
서초구,바우뫼로37길
서초구,바우뫼로39길
서초구,바우뫼로39길
서초구,바우뫼로41길
서초구,바우뫼로41길
서초구,바우뫼로43길
서초구,바우뫼로43길
서초구,바우뫼로4길
서초구,바우뫼로4길
서초구,바우뫼로6길
서초구,바우뫼로6길
서초구,바우뫼로7길
서초구,바우뫼로7길
서초구,바우뫼로9길
서초구,바우뫼로9길
서초구,반포대로10길
서초구,반포대로10길
서초구,반포대로12길
서초구,반포대로12길
서초구,반포대로13길
서초구,반포대로13길
서초구,반포대로14길
서초구,반포대로14길
서초구,반포대로15길
서초구,반포대로15길
서초구,반포대로16길
서초구,반포대로16길
서초구,반포대로18길
서초구,반포대로18길
서초구,반포대로19길
서초구,반포대로19길
서초구,반포대로1길
서초구,반포대로1길
서초구,반포대로20길
서초구,반포대로20길
서초구,반포대로21길
서초구,반포대로21길
서초구,반포대로22길
서초구,반포대로22길
서초구,반포대로23길
서초구,반포대로23길
서초구,반포대로24길
서초구,반포대로24길
서초구,반포대로26길
서초구,반포대로26길
서초구,반포대로27길
서초구,반포대로27길
서초구,반포대로28길
서초구,반포대로28길
서초구,반포대로30길
서초구,반포대로30길
서초구,반포대로34길
서초구,반포대로34길
서초구,반포대로37길
서초구,반포대로37길
서초구,반포대로39길
서초구,반포대로39길
서초구,반포대로3길
서초구,반포대로3길
서초구,반포대로4길
서초구,반포대로4길
서초구,반포대로5길
서초구,반포대로5길
서초구,반포대로7길
서초구,반포대로7길
서초구,반포대로8길
서초구,반포대로8길
서초구,반포대로9길
서초구,반포대로9길
서초구,방배로10길
서초구,방배로10길
서초구,방배로11길
서초구,방배로11길
서초구,방배로13길
서초구,방배로13길
서초구,방배로15길
서초구,방배로15길
서초구,방배로16길
서초구,방배로16길
서초구,방배로18길
서초구,방배로18길
서초구,방배로19길
서초구,방배로19길
서초구,방배로1길
서초구,방배로1길
서초구,방배로20길
서초구,방배로20길
서초구,방배로22길
서초구,방배로22길
서초구,방배로23길
서초구,방배로23길
서초구,방배로25길
서초구,방배로25길
서초구,방배로26길
서초구,방배로26길
서초구,방배로27길
서초구,방배로27길
서초구,방배로28길
서초구,방배로28길
서초구,방배로2길
서초구,방배로2길
서초구,방배로30길
서초구,방배로30길
서초구,방배로31길
서초구,방배로31길
서초구,방배로32길
서초구,방배로32길
서초구,방배로33길
서초구,방배로33길
서초구,방배로34길
서초구,방배로34길
서초구,방배로35길
서초구,방배로35길
서초구,방배로36길
서초구,방배로36길
서초구,방배로37길
서초구,방배로37길
서초구,방배로39길
서초구,방배로39길
서초구,방배로3길
서초구,방배로3길
서초구,방배로40길
서초구,방배로40길
서초구,방배로42길
서초구,방배로42길
서초구,방배로43길
서초구,방배로43길
서초구,방배로43길
서초구,방배로45길
서초구,방배로45길
서초구,방배로4길
서초구,방배로4길
서초구,방배로5길
서초구,방배로5길
서초구,방배로6길
서초구,방배로6길
서초구,방배로8길
서초구,방배로8길
서초구,방배로9길
서초구,방배로9길
서초구,방배중앙로11길
서초구,방배중앙로11길
서초구,방배중앙로13길
서초구,방배중앙로13길
서초구,방배중앙로15길
서초구,방배중앙로15길
서초구,방배중앙로19길
서초구,방배중앙로19길
서초구,방배중앙로3길
서초구,방배중앙로3길
서초구,방배중앙로5길
서초구,방배중앙로5길
서초구,방배중앙로7길
서초구,방배중앙로7길
서초구,방배중앙로9길
서초구,방배중앙로9길
서초구,방배천로14길
서초구,방배천로14길
서초구,방배천로16길
서초구,방배천로16길
서초구,방배천로22길
서초구,방배천로22길
서초구,방배천로24길
서초구,방배천로24길
서초구,방배천로26길
서초구,방배천로26길
서초구,방배천로30길
서초구,방배천로30길
서초구,방배천로32길
서초구,방배천로32길
서초구,방배천로34길
서초구,방배천로34길
서초구,법원로1길
서초구,법원로1길
서초구,법원로2길
서초구,법원로2길
서초구,법원로3길
서초구,법원로3길
서초구,법원로4길
서초구,법원로4길
서초구,본마을1길
서초구,본마을1길
서초구,본마을2길
서초구,본마을2길
서초구,본마을3길
서초구,본마을3길
서초구,본마을4길
서초구,본마을4길
서초구,본마을길
서초구,본마을길
서초구,사임당로10길
서초구,사임당로10길
서초구,사임당로12길
서초구,사임당로12길
서초구,사임당로14길
서초구,사임당로14길
서초구,사임당로16길
서초구,사임당로16길
서초구,사임당로17길
서초구,사임당로17길
서초구,사임당로18길
서초구,사임당로18길
서초구,사임당로19길
서초구,사임당로19길
서초구,사임당로1길
서초구,사임당로1길
서초구,사임당로20길
서초구,사임당로20길
서초구,사임당로23길
서초구,사임당로23길
서초구,사임당로8길
서초구,사임당로8길
서초구,사평대로10길
서초구,사평대로10길
서초구,사평대로12길
서초구,사평대로12길
서초구,사평대로12길
서초구,사평대로14길
서초구,사평대로14길
서초구,사평대로16길
서초구,사평대로16길
서초구,사평대로18길
서초구,사평대로18길
서초구,사평대로20길
서초구,사평대로20길
서초구,사평대로22길
서초구,사평대로22길
서초구,사평대로26길
서초구,사평대로26길
서초구,사평대로28길
서초구,사평대로28길
서초구,사평대로2길
서초구,사평대로2길
서초구,사평대로45길
서초구,사평대로45길
서초구,사평대로52길
서초구,사평대로52길
서초구,사평대로53길
서초구,사평대로53길
서초구,사평대로55길
서초구,사평대로55길
서초구,사평대로56길
서초구,사평대로56길
서초구,사평대로57길
서초구,사평대로57길
서초구,사평대로57길
서초구,사평대로58길
서초구,사평대로58길
서초구,사평대로6길
서초구,사평대로6길
서초구,사평대로6길
서초구,사평대로8길
서초구,사평대로8길
서초구,새원1길
서초구,새원1길
서초구,새원1길
서초구,새원2길
서초구,새원2길
서초구,새원2길
서초구,새원3길
서초구,새원3길
서초구,새원4길
서초구,새원4길
서초구,새원6길
서초구,새원6길
서초구,새원8길
서초구,새원8길
서초구,새원길
서초구,새원길
서초구,새원말길
서초구,새원말길
서초구,새정1길
서초구,새정1길
서초구,새정2길
서초구,새정2길
서초구,새정3길
서초구,새정3길
서초구,새정길
서초구,새정길
서초구,샘마루길
서초구,샘마루길
서초구,샘마을1길
서초구,샘마을1길
서초구,샘마을2길
서초구,샘마을2길
서초구,샘마을길
서초구,샘마을길
서초구,서래로10길
서초구,서래로10길
서초구,서래로1길
서초구,서래로1길
서초구,서래로2길
서초구,서래로2길
서초구,서래로3길
서초구,서래로3길
서초구,서래로4길
서초구,서래로4길
서초구,서래로5길
서초구,서래로5길
서초구,서래로6길
서초구,서래로6길
서초구,서래로7길
서초구,서래로7길
서초구,서래로8길
서초구,서래로8길
서초구,서리풀2길
서초구,서리풀2길
서초구,서리풀3길
서초구,서리풀3길
서초구,서리풀4길
서초구,서리풀4길
서초구,서리풀6길
서초구,서리풀6길
서초구,서리풀8길
서초구,서리풀8길
서초구,서리풀길
서초구,서리풀길
서초구,서운로11길
서초구,서운로11길
서초구,서운로15길
서초구,서운로15길
서초구,서운로19길
서초구,서운로19길
서초구,서운로1길
서초구,서운로1길
서초구,서운로21길
서초구,서운로21길
서초구,서운로23길
서초구,서운로23길
서초구,서운로26길
서초구,서운로26길
서초구,서운로3길
서초구,서운로3길
서초구,서운로6길
서초구,서운로6길
서초구,서운로9길
서초구,서운로9길
서초구,서초대로10길
서초구,서초대로10길
서초구,서초대로12길
서초구,서초대로12길
서초구,서초대로14길
서초구,서초대로14길
서초구,서초대로15길
서초구,서초대로15길
서초구,서초대로16길
서초구,서초대로16길
서초구,서초대로18길
서초구,서초대로18길
서초구,서초대로19길
서초구,서초대로19길
서초구,서초대로1길
서초구,서초대로1길
서초구,서초대로22길
서초구,서초대로22길
서초구,서초대로23길
서초구,서초대로23길
서초구,서초대로24길
서초구,서초대로24길
서초구,서초대로25길
서초구,서초대로25길
서초구,서초대로26길
서초구,서초대로26길
서초구,서초대로27길
서초구,서초대로27길
서초구,서초대로28길
서초구,서초대로28길
서초구,서초대로29길
서초구,서초대로29길
서초구,서초대로2길
서초구,서초대로2길
서초구,서초대로30길
서초구,서초대로30길
서초구,서초대로32길
서초구,서초대로32길
서초구,서초대로33길
서초구,서초대로33길
서초구,서초대로34가길
서초구,서초대로34가길
서초구,서초대로34길
서초구,서초대로34길
서초구,서초대로38길
서초구,서초대로38길
서초구,서초대로3길
서초구,서초대로3길
서초구,서초대로40길
서초구,서초대로40길
서초구,서초대로41길
서초구,서초대로41길
서초구,서초대로42길
서초구,서초대로42길
서초구,서초대로45길
서초구,서초대로45길
서초구,서초대로46길
서초구,서초대로46길
서초구,서초대로48길
서초구,서초대로48길
서초구,서초대로49길
서초구,서초대로49길
서초구,서초대로4길
서초구,서초대로4길
서초구,서초대로50길
서초구,서초대로50길
서초구,서초대로51길
서초구,서초대로51길
서초구,서초대로52길
서초구,서초대로52길
서초구,서초대로53길
서초구,서초대로53길
서초구,서초대로54길
서초구,서초대로54길
서초구,서초대로55길
서초구,서초대로55길
서초구,서초대로56길
서초구,서초대로56길
서초구,서초대로58길
서초구,서초대로58길
서초구,서초대로60길
서초구,서초대로60길
서초구,서초대로62길
서초구,서초대로62길
서초구,서초대로64길
서초구,서초대로64길
서초구,서초대로65길
서초구,서초대로65길
서초구,서초대로68길
서초구,서초대로6길
서초구,서초대로6길
서초구,서초대로70길
서초구,서초대로70길
서초구,서초대로71길
서초구,서초대로71길
서초구,서초대로73길
서초구,서초대로73길
서초구,서초대로74길
서초구,서초대로74길
서초구,서초대로75길
서초구,서초대로75길
서초구,서초대로77길
서초구,서초대로77길
서초구,서초대로78길
서초구,서초대로78길
서초구,서초대로7길
서초구,서초대로7길
서초구,서초대로8길
서초구,서초대로8길
서초구,성촌5길
서초구,성촌5길
서초구,성촌6길
서초구,성촌6길
서초구,성촌7길
서초구,성촌7길
서초구,성촌8길
서초구,성촌8길
서초구,성촌길
서초구,성촌길
서초구,송동길
서초구,송동길
서초구,식유촌길
서초구,식유촌길
서초구,신반포로11길
서초구,신반포로11길
서초구,신반포로15길
서초구,신반포로15길
서초구,신반포로19길
서초구,신반포로19길
서초구,신반포로23길
서초구,신반포로23길
서초구,신반포로33길
서초구,신반포로33길
서초구,신반포로3길
서초구,신반포로3길
서초구,신반포로41길
서초구,신반포로41길
서초구,신반포로42길
서초구,신반포로42길
서초구,신반포로43길
서초구,신반포로43길
서초구,신반포로45길
서초구,신반포로45길
서초구,신반포로47길
서초구,신반포로47길
서초구,신반포로49길
서초구,신반포로49길
서초구,신흥말길
서초구,신흥말길
서초구,신흥안길
서초구,신흥안길
서초구,안골1길
서초구,안골1길
서초구,안골2길
서초구,안골2길
서초구,안골3길
서초구,안골3길
서초구,안골4길
서초구,안골4길
서초구,안골길
서초구,안골길
서초구,양재대로11길
서초구,양재대로11길
서초구,양재대로12길
서초구,양재대로12길
서초구,양재대로12길
서초구,양재천로11길
서초구,양재천로11길
서초구,양재천로13길
서초구,양재천로13길
서초구,양재천로15길
서초구,양재천로15길
서초구,양재천로17길
서초구,양재천로17길
서초구,양재천로19길
서초구,양재천로19길
서초구,양재천로21길
서초구,양재천로21길
서초구,양재천로23길
서초구,양재천로23길
서초구,양재천로29길
서초구,양재천로29길
서초구,양재천로31길
서초구,양재천로31길
서초구,양재천로3길
서초구,양재천로3길
서초구,양재천로7길
서초구,양재천로7길
서초구,양재천로9길
서초구,양재천로9길
서초구,언남10길
서초구,언남10길
서초구,언남11길
서초구,언남11길
서초구,언남12길
서초구,언남12길
서초구,언남14길
서초구,언남14길
서초구,언남16길
서초구,언남16길
서초구,언남17길
서초구,언남17길
서초구,언남18길
서초구,언남18길
서초구,언남19길
서초구,언남19길
서초구,언남1길
서초구,언남1길
서초구,언남20길
서초구,언남20길
서초구,언남3길
서초구,언남3길
서초구,언남3길
서초구,언남5길
서초구,언남5길
서초구,언남7길
서초구,언남7길
서초구,언남9길
서초구,언남9길
서초구,언남길
서초구,언남길
서초구,염곡말길
서초구,염곡말길
서초구,염곡안1길
서초구,염곡안1길
서초구,염곡안2길
서초구,염곡안2길
서초구,염곡안3길
서초구,염곡안3길
서초구,염곡안길
서초구,염곡안길
서초구,원터1길
서초구,원터1길
서초구,원터2길
서초구,원터2길
서초구,원터3길
서초구,원터3길
서초구,원터4길
서초구,원터4길
서초구,원터5길
서초구,원터5길
서초구,원터6길
서초구,원터6길
서초구,원터길
서초구,원터길
서초구,잠원로12길
서초구,잠원로12길
서초구,잠원로14길
서초구,잠원로14길
서초구,잠원로3길
서초구,잠원로3길
서초구,잠원로4길
서초구,잠원로4길
서초구,잠원로8길
서초구,잠원로8길
서초구,전원말11길
서초구,전원말11길
서초구,전원말2길
서초구,전원말2길
서초구,전원말4길
서초구,전원말4길
서초구,전원말5길
서초구,전원말5길
서초구,전원말6길
서초구,전원말6길
서초구,전원말7길
서초구,전원말7길
서초구,전원말8길
서초구,전원말8길
서초구,전원말9길
서초구,전원말9길
서초구,전원말길
서초구,전원말길
서초구,전원말안11길
서초구,전원말안11길
서초구,전원말안13길
서초구,전원말안13길
서초구,전원말안15길
서초구,전원말안15길
서초구,전원말안1길
서초구,전원말안1길
서초구,전원말안3길
서초구,전원말안3길
서초구,전원말안5길
서초구,전원말안5길
서초구,전원말안7길
서초구,전원말안7길
서초구,전원말안9길
서초구,전원말안9길
서초구,전원말안길
서초구,전원말안길
서초구,주흥10길
서초구,주흥10길
서초구,주흥11길
서초구,주흥11길
서초구,주흥13길
서초구,주흥13길
서초구,주흥15길
서초구,주흥15길
서초구,주흥16길
서초구,주흥16길
서초구,주흥17길
서초구,주흥17길
서초구,주흥1길
서초구,주흥1길
서초구,주흥3길
서초구,주흥3길
서초구,주흥5길
서초구,주흥5길
서초구,주흥6길
서초구,주흥6길
서초구,주흥7길
서초구,주흥7길
서초구,주흥9길
서초구,주흥9길
서초구,주흥길
서초구,주흥길
서초구,청두곶10길
서초구,청두곶10길
서초구,청두곶11길
서초구,청두곶11길
서초구,청두곶12길
서초구,청두곶12길
서초구,청두곶13길
서초구,청두곶13길
서초구,청두곶14길
서초구,청두곶14길
서초구,청두곶15길
서초구,청두곶15길
서초구,청두곶2길
서초구,청두곶2길
서초구,청두곶3길
서초구,청두곶3길
서초구,청두곶4길
서초구,청두곶4길
서초구,청두곶6길
서초구,청두곶6길
서초구,청두곶7길
서초구,청두곶7길
서초구,청두곶8길
서초구,청두곶8길
서초구,청두곶9길
서초구,청두곶9길
서초구,청두곶길
서초구,청두곶길
서초구,청룡마을1길
서초구,청룡마을1길
서초구,청룡마을3길
서초구,청룡마을3길
서초구,청룡마을4길
서초구,청룡마을4길
서초구,청룡마을길
서초구,청룡마을길
서초구,탑성말1길
서초구,탑성말1길
서초구,탑성말길
서초구,탑성말길
서초구,탑성말길
서초구,태봉로2길
서초구,태봉로2길
서초구,헌릉로468길
서초구,헌릉로468길
서초구,헌인릉1길
서초구,헌인릉1길
서초구,헌인릉2길
서초구,헌인릉2길
서초구,헌인릉길
서초구,헌인릉길
서초구,형촌10길
서초구,형촌10길
서초구,형촌2길
서초구,형촌2길
서초구,형촌3길
서초구,형촌3길
서초구,형촌5길
서초구,형촌5길
서초구,형촌6길
서초구,형촌6길
서초구,형촌7길
서초구,형촌7길
서초구,형촌8길
서초구,형촌8길
서초구,형촌9길
서초구,형촌9길
서초구,형촌길
서초구,형촌길
서초구,홍씨마을길
서초구,홍씨마을길
서초구,효령로10길
서초구,효령로10길
서초구,효령로12길
서초구,효령로12길
서초구,효령로14가길
서초구,효령로14가길
서초구,효령로14길
서초구,효령로14길
서초구,효령로14나길
서초구,효령로14나길
서초구,효령로14다길
서초구,효령로14다길
서초구,효령로14라길
서초구,효령로14라길
서초구,효령로14마길
서초구,효령로14마길
서초구,효령로14바길
서초구,효령로14바길
서초구,효령로16길
서초구,효령로16길
서초구,효령로18길
서초구,효령로18길
서초구,효령로19길
서초구,효령로19길
서초구,효령로20가길
서초구,효령로20가길
서초구,효령로20길
서초구,효령로20길
서초구,효령로20나길
서초구,효령로20나길
서초구,효령로20다길
서초구,효령로20다길
서초구,효령로20라길
서초구,효령로20라길
서초구,효령로20마길
서초구,효령로20마길
서초구,효령로21길
서초구,효령로21길
서초구,효령로23길
서초구,효령로23길
서초구,효령로25길
서초구,효령로25길
서초구,효령로26길
서초구,효령로26길
서초구,효령로27길
서초구,효령로27길
서초구,효령로28길
서초구,효령로28길
서초구,효령로29길
서초구,효령로29길
서초구,효령로2길
서초구,효령로2길
서초구,효령로31길
서초구,효령로31길
서초구,효령로33길
서초구,효령로33길
서초구,효령로34길
서초구,효령로34길
서초구,효령로36길
서초구,효령로36길
서초구,효령로40길
서초구,효령로40길
서초구,효령로43길
서초구,효령로43길
서초구,효령로45길
서초구,효령로45길
서초구,효령로46길
서초구,효령로46길
서초구,효령로47길
서초구,효령로47길
서초구,효령로49길
서초구,효령로49길
서초구,효령로4길
서초구,효령로4길
서초구,효령로51길
서초구,효령로51길
서초구,효령로52길
서초구,효령로52길
서초구,효령로53길
서초구,효령로53길
서초구,효령로55길
서초구,효령로55길
서초구,효령로57길
서초구,효령로57길
서초구,효령로5길
서초구,효령로5길
서초구,효령로60길
서초구,효령로60길
서초구,효령로61길
서초구,효령로61길
서초구,효령로66길
서초구,효령로66길
서초구,효령로67길
서초구,효령로67길
서초구,효령로68길
서초구,효령로68길
서초구,효령로70길
서초구,효령로70길
서초구,효령로72길
서초구,효령로72길
서초구,효령로74길
서초구,효령로74길
서초구,효령로77길
서초구,효령로77길
서초구,효령로79길
서초구,효령로79길
서초구,효령로7길
서초구,효령로7길
서초구,효령로8길
서초구,효령로8길
서초구,강남대로49길
서초구,강남대로49길
서초구,나루터로8길
서초구,남부순환로344길
서초구,남부순환로344길
서초구,남부순환로348길
서초구,동광로12가길
서초구,동광로12가길
서초구,바우뫼로14길
서초구,바우뫼로15길
서초구,바우뫼로15길
서초구,방배선행길
서초구,방배선행길
서초구,방배중앙로21길
서초구,방배중앙로21길
서초구,방배중앙로23길
서초구,방배중앙로23길
서초구,방배중앙로25길
서초구,방배중앙로25길
서초구,방배중앙로27길
서초구,방배중앙로27길
서초구,방배중앙로29길
서초구,방배중앙로29길
서초구,방배천로18길
서초구,방배천로18길
서초구,방배천로20길
서초구,방배천로20길
서초구,서초대로66길
서초구,서초대로72길
서초구,서초중앙로12길
서초구,서초중앙로12길
서초구,서초중앙로18길
서초구,서초중앙로18길
서초구,서초중앙로20길
서초구,서초중앙로20길
서초구,서초중앙로22길
서초구,서초중앙로22길
서초구,서초중앙로24길
서초구,서초중앙로24길
서초구,서초중앙로26길
서초구,서초중앙로26길
서초구,서초중앙로28길
서초구,서초중앙로28길
서초구,서초중앙로29길
서초구,서초중앙로29길
서초구,서초중앙로2길
서초구,서초중앙로2길
서초구,서초중앙로31길
서초구,서초중앙로31길
서초구,서초중앙로33길
서초구,서초중앙로33길
서초구,서초중앙로5길
서초구,서초중앙로5길
서초구,서초중앙로6길
서초구,서초중앙로6길
서초구,서초중앙로8길
서초구,서초중앙로8길
서초구,성촌1길
서초구,성촌1길
서초구,성촌3길
서초구,성촌4길
서초구,성촌4길
서초구,신반포로40길
서초구,청룡마을2길
서초구,헌릉로422길
서초구,헌릉로422길
서초구,형촌1길
서초구,효령로37길
서초구,효령로69길
서초구,양재대로2길
서초구,양재대로2길
서초구,헌릉로8길
서초구,헌릉로8길
서초구,헌릉로8길
서초구,청계산로7길
서초구,청계산로7길
서초구,청계산로9길
서초구,청계산로9길
서초구,청계산로9길
서초구,청계산로11길
서초구,청계산로11길
서초구,청계산로15길
서초구,청계산로15길
서초구,신반포로16길
서초구,신반포로16길
서초구,반포천자전거길
서초구,한강남자전거길
서초구,양재천동자전거길
서초구,양재천동자전거길
서초구,양재천서자전거길
서초구,여의천동자전거길
서초구,여의천서자전거길