﻿서대문구,통일로
서대문구,통일로
서대문구,통일로
서대문구,통일로
서대문구,통일로
서대문구,통일로
서대문구,통일로
서대문구,통일로
서대문구,통일로
서대문구,통일로
서대문구,세검정로
서대문구,세검정로
서대문구,세검정로
서대문구,서소문로
서대문구,서소문로
서대문구,서소문로
서대문구,서소문로
서대문구,가좌로
서대문구,가좌로
서대문구,가좌로
서대문구,수색로
서대문구,수색로
서대문구,수색로
서대문구,응암로
서대문구,응암로
서대문구,신촌로
서대문구,신촌로
서대문구,신촌로
서대문구,신촌로
서대문구,신촌로
서대문구,성산로
서대문구,성산로
서대문구,성산로
서대문구,성산로
서대문구,성산로
서대문구,성산로
서대문구,성산로
서대문구,성산로
서대문구,진흥로
서대문구,가재울로
서대문구,가재울로
서대문구,간호대로
서대문구,간호대로
서대문구,거북골로
서대문구,거북골로
서대문구,거북골로
서대문구,거북골로
서대문구,경기대로
서대문구,경기대로
서대문구,경기대로
서대문구,경기대로
서대문구,경기대로
서대문구,독립문로
서대문구,독립문로
서대문구,독립문로
서대문구,독립문로
서대문구,독립문로
서대문구,북아현로
서대문구,북아현로
서대문구,북아현로
서대문구,신촌역로
서대문구,신촌역로
서대문구,신촌역로
서대문구,신촌역로
서대문구,연세로
서대문구,연세로
서대문구,연세로
서대문구,연희맛로
서대문구,연희맛로
서대문구,증가로
서대문구,증가로
서대문구,증가로
서대문구,증가로
서대문구,충정로
서대문구,충정로
서대문구,충정로
서대문구,충정로
서대문구,충정로
서대문구,홍은중앙로
서대문구,홍은중앙로
서대문구,홍제천로
서대문구,홍제천로
서대문구,동교로
서대문구,동교로
서대문구,모래내로
서대문구,모래내로
서대문구,모래내로
서대문구,모래내로
서대문구,모래내로
서대문구,연희로
서대문구,연희로
서대문구,연희로
서대문구,연희로
서대문구,가재울미래로
서대문구,가재울미래로
서대문구,가재울로10길
서대문구,가재울로10길
서대문구,가재울로12길
서대문구,가재울로12길
서대문구,가재울로14길
서대문구,가재울로14길
서대문구,가재울로2길
서대문구,가재울로2길
서대문구,가재울로2안길
서대문구,가재울로2안길
서대문구,가재울로4길
서대문구,가재울로4길
서대문구,가재울로6길
서대문구,가재울로6길
서대문구,가재울로8길
서대문구,가재울로8길
서대문구,가좌로2길
서대문구,가좌로2길
서대문구,가좌로2안길
서대문구,가좌로2안길
서대문구,가좌로4가길
서대문구,가좌로4가길
서대문구,가좌로4길
서대문구,가좌로4길
서대문구,가좌로4나길
서대문구,가좌로4나길
서대문구,가좌로7라길
서대문구,가좌로7라길
서대문구,간호대로1길
서대문구,간호대로1길
서대문구,간호대로2길
서대문구,간호대로2길
서대문구,간호대로3길
서대문구,간호대로3길
서대문구,간호대로4길
서대문구,간호대로4길
서대문구,거북골로12길
서대문구,거북골로12길
서대문구,거북골로14가길
서대문구,거북골로14가길
서대문구,거북골로14길
서대문구,거북골로14길
서대문구,거북골로14나길
서대문구,거북골로14나길
서대문구,거북골로14다길
서대문구,거북골로14다길
서대문구,거북골로14라길
서대문구,거북골로14라길
서대문구,거북골로16길
서대문구,거북골로16길
서대문구,거북골로18가길
서대문구,거북골로18가길
서대문구,거북골로18길
서대문구,거북골로18길
서대문구,거북골로18나길
서대문구,거북골로18나길
서대문구,거북골로18다길
서대문구,거북골로18다길
서대문구,거북골로19길
서대문구,거북골로19길
서대문구,거북골로20길
서대문구,거북골로20길
서대문구,거북골로21길
서대문구,거북골로21길
서대문구,거북골로22길
서대문구,거북골로22길
서대문구,거북골로23길
서대문구,거북골로23길
서대문구,거북골로24길
서대문구,거북골로24길
서대문구,경기대로11길
서대문구,경기대로11길
서대문구,경기대로1길
서대문구,경기대로1길
서대문구,경기대로1안길
서대문구,경기대로1안길
서대문구,경기대로3길
서대문구,경기대로3길
서대문구,경기대로5길
서대문구,경기대로5길
서대문구,경기대로7길
서대문구,경기대로7길
서대문구,경기대로9길
서대문구,경기대로9길
서대문구,경기대로9길
서대문구,경기대로9길
서대문구,경기대로9안길
서대문구,경기대로9안길
서대문구,독립문로10길
서대문구,독립문로10길
서대문구,독립문로12가길
서대문구,독립문로12가길
서대문구,독립문로12길
서대문구,독립문로12길
서대문구,독립문로12나길
서대문구,독립문로12나길
서대문구,독립문로14길
서대문구,독립문로14길
서대문구,독립문로14길
서대문구,독립문로1길
서대문구,독립문로1길
서대문구,독립문로3길
서대문구,독립문로3길
서대문구,독립문로4길
서대문구,독립문로4길
서대문구,독립문로4길
서대문구,독립문로6길
서대문구,독립문로6길
서대문구,독립문로6길
서대문구,독립문로8길
서대문구,독립문로8길
서대문구,독립문로8길
서대문구,독립문로8길
서대문구,독립문로8길
서대문구,독립문로8길
서대문구,독립문로8길
서대문구,독립문로8안길
서대문구,독립문로8안길
서대문구,독립문로8안길
서대문구,명물1길
서대문구,명물1길
서대문구,명물길
서대문구,명물길
서대문구,명지2길
서대문구,명지2길
서대문구,명지길
서대문구,명지길
서대문구,명지대1가길
서대문구,명지대1가길
서대문구,명지대1길
서대문구,명지대1길
서대문구,명지대1나길
서대문구,명지대1나길
서대문구,명지대1다길
서대문구,명지대1다길
서대문구,명지대1라길
서대문구,명지대1라길
서대문구,명지대2길
서대문구,명지대2길
서대문구,명지대2안길
서대문구,명지대2안길
서대문구,명지대2안길
서대문구,명지대3길
서대문구,명지대3길
서대문구,명지대3길
서대문구,명지대5길
서대문구,명지대5길
서대문구,명지대7길
서대문구,명지대7길
서대문구,명지대길
서대문구,명지대길
서대문구,명지대길
서대문구,모래내로13길
서대문구,모래내로13길
서대문구,모래내로15길
서대문구,모래내로15길
서대문구,모래내로17길
서대문구,모래내로17길
서대문구,모래내로17안길
서대문구,모래내로17안길
서대문구,모래내로20길
서대문구,모래내로20길
서대문구,모래내로21길
서대문구,모래내로21길
서대문구,모래내로24가길
서대문구,모래내로24가길
서대문구,모래내로24길
서대문구,모래내로24길
서대문구,모래내로24나길
서대문구,모래내로24나길
서대문구,모래내로24다길
서대문구,모래내로24다길
서대문구,모래내로26길
서대문구,모래내로26길
서대문구,모래내로28길
서대문구,모래내로28길
서대문구,모래내로28안길
서대문구,모래내로28안길
서대문구,문화촌1길
서대문구,문화촌1길
서대문구,문화촌2길
서대문구,문화촌2길
서대문구,문화촌4길
서대문구,문화촌4길
서대문구,문화촌길
서대문구,문화촌길
서대문구,백련사길
서대문구,백련사길
서대문구,봉원사2길
서대문구,봉원사2길
서대문구,봉원사2길
서대문구,봉원사2길
서대문구,봉원사길
서대문구,봉원사길
서대문구,봉원사길
서대문구,북아현로10길
서대문구,북아현로10길
서대문구,북아현로11가길
서대문구,북아현로11가길
서대문구,북아현로11길
서대문구,북아현로11길
서대문구,북아현로12길
서대문구,북아현로12길
서대문구,북아현로14가길
서대문구,북아현로14가길
서대문구,북아현로14가길
서대문구,북아현로14길
서대문구,북아현로14길
서대문구,북아현로14나길
서대문구,북아현로14나길
서대문구,북아현로14나길
서대문구,북아현로16길
서대문구,북아현로16길
서대문구,북아현로18길
서대문구,북아현로18길
서대문구,북아현로19길
서대문구,북아현로19길
서대문구,북아현로19길
서대문구,북아현로1가길
서대문구,북아현로1가길
서대문구,북아현로1가길
서대문구,북아현로1길
서대문구,북아현로1길
서대문구,북아현로1나길
서대문구,북아현로1나길
서대문구,북아현로20길
서대문구,북아현로20길
서대문구,북아현로22가길
서대문구,북아현로22가길
서대문구,북아현로22길
서대문구,북아현로22길
서대문구,북아현로22나길
서대문구,북아현로22나길
서대문구,북아현로22나길
서대문구,북아현로22다길
서대문구,북아현로22다길
서대문구,북아현로22라길
서대문구,북아현로22라길
서대문구,북아현로22마길
서대문구,북아현로22마길
서대문구,북아현로23길
서대문구,북아현로23길
서대문구,북아현로24길
서대문구,북아현로24길
서대문구,북아현로25길
서대문구,북아현로25길
서대문구,북아현로26길
서대문구,북아현로26길
서대문구,북아현로2길
서대문구,북아현로2길
서대문구,북아현로2안길
서대문구,북아현로2안길
서대문구,북아현로4가길
서대문구,북아현로4가길
서대문구,북아현로4길
서대문구,북아현로4길
서대문구,북아현로4나길
서대문구,북아현로4나길
서대문구,북아현로4다길
서대문구,북아현로4다길
서대문구,북아현로4라길
서대문구,북아현로4라길
서대문구,북아현로4마길
서대문구,북아현로4마길
서대문구,북아현로4마길
서대문구,북아현로4바길
서대문구,북아현로4바길
서대문구,북아현로4사길
서대문구,북아현로4사길
서대문구,북아현로4아길
서대문구,북아현로4아길
서대문구,북아현로4자길
서대문구,북아현로4자길
서대문구,북아현로4차길
서대문구,북아현로4차길
서대문구,북아현로4차길
서대문구,북아현로6길
서대문구,북아현로6길
서대문구,불광천길
서대문구,불광천길
서대문구,성산로11길
서대문구,성산로11길
서대문구,성산로13길
서대문구,성산로13길
서대문구,성산로14길
서대문구,성산로14길
서대문구,성산로16길
서대문구,성산로16길
서대문구,성산로17길
서대문구,성산로17길
서대문구,성산로18길
서대문구,성산로18길
서대문구,성산로18길
서대문구,성산로20길
서대문구,성산로20길
서대문구,성산로22길
서대문구,성산로22길
서대문구,성산로24길
서대문구,성산로24길
서대문구,성산로7길
서대문구,성산로7길
서대문구,성산로7안길
서대문구,성산로7안길
서대문구,성산로9길
서대문구,성산로9길
서대문구,세검정로1길
서대문구,세검정로1길
서대문구,세검정로3길
서대문구,세검정로3길
서대문구,세검정로4가길
서대문구,세검정로4가길
서대문구,세검정로4길
서대문구,세검정로4길
서대문구,세검정로4나길
서대문구,세검정로4나길
서대문구,세검정로4다길
서대문구,세검정로4다길
서대문구,세무서10길
서대문구,세무서10길
서대문구,세무서1길
서대문구,세무서1길
서대문구,세무서2길
서대문구,세무서2길
서대문구,세무서3길
서대문구,세무서3길
서대문구,세무서5길
서대문구,세무서5길
서대문구,세무서7길
서대문구,세무서7길
서대문구,세무서8길
서대문구,세무서8길
서대문구,세무서9길
서대문구,세무서9길
서대문구,세무서길
서대문구,세무서길
서대문구,송죽길
서대문구,송죽길
서대문구,송죽길
서대문구,수색로10길
서대문구,수색로10길
서대문구,수색로2길
서대문구,수색로2길
서대문구,수색로4가길
서대문구,수색로4가길
서대문구,수색로4길
서대문구,수색로4길
서대문구,수색로4나길
서대문구,수색로4나길
서대문구,수색로6길
서대문구,수색로6길
서대문구,수색로6길
서대문구,수색로8가길
서대문구,수색로8가길
서대문구,수색로8길
서대문구,수색로8길
서대문구,수색로8나길
서대문구,수색로8나길
서대문구,신촌로11길
서대문구,신촌로11길
서대문구,신촌로1길
서대문구,신촌로1길
서대문구,신촌로1길
서대문구,신촌로1안길
서대문구,신촌로1안길
서대문구,신촌로27길
서대문구,신촌로27길
서대문구,신촌로27안길
서대문구,신촌로27안길
서대문구,신촌로29가길
서대문구,신촌로29가길
서대문구,신촌로29길
서대문구,신촌로29길
서대문구,신촌로29나길
서대문구,신촌로29나길
서대문구,신촌로31길
서대문구,신촌로31길
서대문구,신촌로31안길
서대문구,신촌로31안길
서대문구,신촌로33길
서대문구,신촌로33길
서대문구,신촌로33안길
서대문구,신촌로33안길
서대문구,신촌로35길
서대문구,신촌로35길
서대문구,신촌로37길
서대문구,신촌로37길
서대문구,신촌로37안길
서대문구,신촌로37안길
서대문구,신촌로3가길
서대문구,신촌로3가길
서대문구,신촌로3길
서대문구,신촌로3길
서대문구,신촌로3나길
서대문구,신촌로3나길
서대문구,신촌로7길
서대문구,신촌로7길
서대문구,신촌로7안길
서대문구,신촌로7안길
서대문구,신촌로9길
서대문구,신촌로9길
서대문구,연대동문길
서대문구,연대동문길
서대문구,연대동문길
서대문구,연세로11길
서대문구,연세로11길
서대문구,연세로12길
서대문구,연세로12길
서대문구,연세로13길
서대문구,연세로13길
서대문구,연세로2가길
서대문구,연세로2가길
서대문구,연세로2길
서대문구,연세로2길
서대문구,연세로2길
서대문구,연세로2나길
서대문구,연세로2나길
서대문구,연세로2다길
서대문구,연세로2다길
서대문구,연세로2다길
서대문구,연세로2라길
서대문구,연세로2라길
서대문구,연세로2마길
서대문구,연세로2마길
서대문구,연세로4길
서대문구,연세로4길
서대문구,연세로5가길
서대문구,연세로5가길
서대문구,연세로5길
서대문구,연세로5길
서대문구,연세로5나길
서대문구,연세로5나길
서대문구,연세로5다길
서대문구,연세로5다길
서대문구,연세로7길
서대문구,연세로7길
서대문구,연세로7안길
서대문구,연세로7안길
서대문구,연세로9길
서대문구,연세로9길
서대문구,연희로10길
서대문구,연희로10길
서대문구,연희로11가길
서대문구,연희로11가길
서대문구,연희로11길
서대문구,연희로11길
서대문구,연희로11나길
서대문구,연희로11나길
서대문구,연희로11다길
서대문구,연희로11다길
서대문구,연희로11라길
서대문구,연희로11라길
서대문구,연희로11마길
서대문구,연희로11마길
서대문구,연희로11바길
서대문구,연희로11바길
서대문구,연희로11사길
서대문구,연희로11사길
서대문구,연희로11아길
서대문구,연희로11아길
서대문구,연희로11자길
서대문구,연희로11자길
서대문구,연희로12길
서대문구,연희로12길
서대문구,연희로14길
서대문구,연희로14길
서대문구,연희로15길
서대문구,연희로15길
서대문구,연희로15안길
서대문구,연희로15안길
서대문구,연희로16길
서대문구,연희로16길
서대문구,연희로18길
서대문구,연희로18길
서대문구,연희로18안길
서대문구,연희로18안길
서대문구,연희로20길
서대문구,연희로20길
서대문구,연희로22길
서대문구,연희로22길
서대문구,연희로24길
서대문구,연희로24길
서대문구,연희로25길
서대문구,연희로25길
서대문구,연희로26가길
서대문구,연희로26가길
서대문구,연희로26길
서대문구,연희로26길
서대문구,연희로26나길
서대문구,연희로26나길
서대문구,연희로26다길
서대문구,연희로26다길
서대문구,연희로27가길
서대문구,연희로27가길
서대문구,연희로27길
서대문구,연희로27길
서대문구,연희로27나길
서대문구,연희로27나길
서대문구,연희로27다길
서대문구,연희로27다길
서대문구,연희로28길
서대문구,연희로28길
서대문구,연희로29길
서대문구,연희로29길
서대문구,연희로2길
서대문구,연희로2길
서대문구,연희로2안길
서대문구,연희로2안길
서대문구,연희로31길
서대문구,연희로31길
서대문구,연희로32길
서대문구,연희로32길
서대문구,연희로33가길
서대문구,연희로33가길
서대문구,연희로33길
서대문구,연희로33길
서대문구,연희로33나길
서대문구,연희로33나길
서대문구,연희로35길
서대문구,연희로35길
서대문구,연희로36길
서대문구,연희로36길
서대문구,연희로37길
서대문구,연희로37길
서대문구,연희로37안길
서대문구,연희로37안길
서대문구,연희로39가길
서대문구,연희로39가길
서대문구,연희로39길
서대문구,연희로39길
서대문구,연희로39나길
서대문구,연희로39나길
서대문구,연희로39다길
서대문구,연희로39다길
서대문구,연희로39라길
서대문구,연희로39라길
서대문구,연희로39마길
서대문구,연희로39마길
서대문구,연희로41가길
서대문구,연희로41가길
서대문구,연희로41길
서대문구,연희로41길
서대문구,연희로41나길
서대문구,연희로41나길
서대문구,연희로41다길
서대문구,연희로41다길
서대문구,연희로41라길
서대문구,연희로41라길
서대문구,연희로4길
서대문구,연희로4길
서대문구,연희로4길
서대문구,연희로5길
서대문구,연희로5길
서대문구,연희로6길
서대문구,연희로6길
서대문구,연희로8길
서대문구,연희로8길
서대문구,영천시장길
서대문구,영천시장길
서대문구,영천시장길
서대문구,응암로1길
서대문구,응암로1길
서대문구,응암로2길
서대문구,응암로2길
서대문구,응암로4길
서대문구,응암로4길
서대문구,응암로5길
서대문구,응암로5길
서대문구,이화여대1길
서대문구,이화여대1길
서대문구,이화여대1안길
서대문구,이화여대1안길
서대문구,이화여대2가길
서대문구,이화여대2가길
서대문구,이화여대2길
서대문구,이화여대2길
서대문구,이화여대2나길
서대문구,이화여대2나길
서대문구,이화여대2다길
서대문구,이화여대2다길
서대문구,이화여대2다길
서대문구,이화여대3길
서대문구,이화여대3길
서대문구,이화여대5길
서대문구,이화여대5길
서대문구,이화여대7길
서대문구,이화여대7길
서대문구,이화여대8길
서대문구,이화여대8길
서대문구,이화여대8길
서대문구,이화여대길
서대문구,이화여대길
서대문구,이화여대길
서대문구,이화여대길
서대문구,이화여대길
서대문구,인왕시장길
서대문구,인왕시장길
서대문구,증가로10길
서대문구,증가로10길
서대문구,증가로10길
서대문구,증가로12가길
서대문구,증가로12가길
서대문구,증가로12가길
서대문구,증가로12길
서대문구,증가로12길
서대문구,증가로12나길
서대문구,증가로12나길
서대문구,증가로12나길
서대문구,증가로17길
서대문구,증가로17길
서대문구,증가로19길
서대문구,증가로19길
서대문구,증가로20가길
서대문구,증가로20가길
서대문구,증가로20가길
서대문구,증가로20길
서대문구,증가로20길
서대문구,증가로20길
서대문구,증가로20나길
서대문구,증가로20나길
서대문구,증가로21길
서대문구,증가로21길
서대문구,증가로23가길
서대문구,증가로23가길
서대문구,증가로23길
서대문구,증가로23길
서대문구,증가로23나길
서대문구,증가로23나길
서대문구,증가로23다길
서대문구,증가로23다길
서대문구,증가로24가길
서대문구,증가로24가길
서대문구,증가로24길
서대문구,증가로24길
서대문구,증가로24나길
서대문구,증가로24나길
서대문구,증가로24다길
서대문구,증가로24다길
서대문구,증가로24라길
서대문구,증가로24라길
서대문구,증가로24마길
서대문구,증가로24마길
서대문구,증가로24바길
서대문구,증가로24바길
서대문구,증가로25길
서대문구,증가로25길
서대문구,증가로26길
서대문구,증가로26길
서대문구,증가로28길
서대문구,증가로28길
서대문구,증가로28안길
서대문구,증가로28안길
서대문구,증가로29길
서대문구,증가로29길
서대문구,증가로2길
서대문구,증가로2길
서대문구,증가로2안길
서대문구,증가로2안길
서대문구,증가로30길
서대문구,증가로30길
서대문구,증가로31길
서대문구,증가로31길
서대문구,증가로32길
서대문구,증가로32길
서대문구,증가로32안길
서대문구,증가로32안길
서대문구,증가로4길
서대문구,증가로4길
서대문구,증가로4길
서대문구,증가로6길
서대문구,증가로6길
서대문구,증가로6길
서대문구,증가로8길
서대문구,증가로8길
서대문구,증가로8길
서대문구,충정로11길
서대문구,충정로11길
서대문구,충정로2길
서대문구,충정로2길
서대문구,충정로4길
서대문구,충정로4길
서대문구,충정로5길
서대문구,충정로5길
서대문구,충정로6길
서대문구,충정로6길
서대문구,충정로6안길
서대문구,충정로6안길
서대문구,충정로7길
서대문구,충정로7길
서대문구,충정로7길
서대문구,충정로9길
서대문구,충정로9길
서대문구,통일로11길
서대문구,통일로11길
서대문구,통일로11길
서대문구,통일로17길
서대문구,통일로17길
서대문구,통일로19길
서대문구,통일로19길
서대문구,통일로20길
서대문구,통일로20길
서대문구,통일로21길
서대문구,통일로21길
서대문구,통일로23길
서대문구,통일로23길
서대문구,통일로25길
서대문구,통일로25길
서대문구,통일로26길
서대문구,통일로26길
서대문구,통일로27길
서대문구,통일로27길
서대문구,통일로28길
서대문구,통일로28길
서대문구,통일로29길
서대문구,통일로29길
서대문구,통일로31길
서대문구,통일로31길
서대문구,통일로32길
서대문구,통일로32길
서대문구,통일로34길
서대문구,통일로34길
서대문구,통일로35길
서대문구,통일로35길
서대문구,통일로36가길
서대문구,통일로36가길
서대문구,통일로36길
서대문구,통일로36길
서대문구,통일로36나길
서대문구,통일로36나길
서대문구,통일로36다길
서대문구,통일로36다길
서대문구,통일로37가길
서대문구,통일로37가길
서대문구,통일로37길
서대문구,통일로37길
서대문구,통일로37나길
서대문구,통일로37나길
서대문구,통일로37다길
서대문구,통일로37다길
서대문구,통일로39가길
서대문구,통일로39가길
서대문구,통일로39길
서대문구,통일로39길
서대문구,통일로39나길
서대문구,통일로39나길
서대문구,통일로39다길
서대문구,통일로39다길
서대문구,통일로40길
서대문구,통일로40길
서대문구,통일로40안길
서대문구,통일로40안길
서대문구,통일로42길
서대문구,통일로42길
서대문구,통일로48가길
서대문구,통일로48가길
서대문구,통일로48길
서대문구,통일로48길
서대문구,통일로48나길
서대문구,통일로48나길
서대문구,통일로9길
서대문구,통일로9길
서대문구,통일로9안길
서대문구,통일로9안길
서대문구,통일로9안길
서대문구,포방터10길
서대문구,포방터10길
서대문구,포방터2가길
서대문구,포방터2가길
서대문구,포방터2길
서대문구,포방터2길
서대문구,포방터2나길
서대문구,포방터2나길
서대문구,포방터2다길
서대문구,포방터2다길
서대문구,포방터2라길
서대문구,포방터2라길
서대문구,포방터4길
서대문구,포방터4길
서대문구,포방터4안길
서대문구,포방터4안길
서대문구,포방터6길
서대문구,포방터6길
서대문구,포방터8길
서대문구,포방터8길
서대문구,포방터길
서대문구,포방터길
서대문구,포방터길
서대문구,홍연2길
서대문구,홍연2길
서대문구,홍연4길
서대문구,홍연4길
서대문구,홍연6길
서대문구,홍연6길
서대문구,홍연6안길
서대문구,홍연6안길
서대문구,홍연8길
서대문구,홍연8길
서대문구,홍연길
서대문구,홍연길
서대문구,홍은중앙로11길
서대문구,홍은중앙로11길
서대문구,홍은중앙로1길
서대문구,홍은중앙로1길
서대문구,홍은중앙로3길
서대문구,홍은중앙로3길
서대문구,홍은중앙로5길
서대문구,홍은중앙로5길
서대문구,홍은중앙로7길
서대문구,홍은중앙로7길
서대문구,홍은중앙로8길
서대문구,홍은중앙로8길
서대문구,홍은중앙로9가길
서대문구,홍은중앙로9가길
서대문구,홍은중앙로9길
서대문구,홍은중앙로9길
서대문구,홍은중앙로9나길
서대문구,홍은중앙로9나길
서대문구,홍제내2가길
서대문구,홍제내2가길
서대문구,홍제내2길
서대문구,홍제내2길
서대문구,홍제내2나길
서대문구,홍제내2나길
서대문구,홍제내2다길
서대문구,홍제내2다길
서대문구,홍제내2라길
서대문구,홍제내2라길
서대문구,홍제내2마길
서대문구,홍제내2마길
서대문구,홍제내2바길
서대문구,홍제내2바길
서대문구,홍제내4길
서대문구,홍제내4길
서대문구,홍제내길
서대문구,홍제내길
서대문구,홍제원1길
서대문구,홍제원1길
서대문구,홍제원3길
서대문구,홍제원3길
서대문구,홍제원4길
서대문구,홍제원4길
서대문구,홍제원6길
서대문구,홍제원6길
서대문구,홍제원6안길
서대문구,홍제원6안길
서대문구,홍제원길
서대문구,홍제원길
서대문구,홍제천로2가길
서대문구,홍제천로2가길
서대문구,홍제천로2길
서대문구,홍제천로2길
서대문구,홍제천로2나길
서대문구,홍제천로2나길
서대문구,홍제천로2다길
서대문구,홍제천로2다길
서대문구,홍제천로4길
서대문구,홍제천로4길
서대문구,홍제천로6길
서대문구,홍제천로6길
서대문구,홍지문2길
서대문구,홍지문2길
서대문구,홍지문길
서대문구,홍지문길
서대문구,연희로10가길
서대문구,연희로10가길
서대문구,독립문공원길
서대문구,독립문공원길
서대문구,연대동문1길
서대문구,연대동문1길
서대문구,연대동문1길
서대문구,홍제천동자전거길
서대문구,홍제천서자전거길
서대문구,불광천동자전거길
서대문구,불광천서자전거길