﻿성동구,천호대로
성동구,천호대로
성동구,동일로
성동구,동일로
성동구,동일로
성동구,아차산로
성동구,아차산로
성동구,아차산로
성동구,동호로
성동구,동호로
성동구,동호로
성동구,동호로
성동구,동호로
성동구,마장로
성동구,마장로
성동구,마장로
성동구,마장로
성동구,마장로
성동구,마장로
성동구,마장로
성동구,왕십리로
성동구,왕십리로
성동구,왕십리로
성동구,왕십리로
성동구,왕십리로
성동구,왕십리로
성동구,왕십리로
성동구,왕십리로
성동구,독서당로
성동구,독서당로
성동구,독서당로
성동구,독서당로
성동구,독서당로
성동구,독서당로
성동구,독서당로
성동구,광나루로
성동구,광나루로
성동구,광나루로
성동구,광나루로
성동구,고산자로
성동구,고산자로
성동구,고산자로
성동구,고산자로
성동구,고산자로
성동구,고산자로
성동구,고산자로
성동구,무학로
성동구,무학로
성동구,무학로
성동구,무학로
성동구,난계로
성동구,난계로
성동구,난계로
성동구,난계로
성동구,난계로
성동구,청계천로
성동구,청계천로
성동구,청계천로
성동구,청계천로
성동구,청계천로
성동구,청계천로
성동구,금호로
성동구,금호로
성동구,금호로
성동구,금호로
성동구,마조로
성동구,마조로
성동구,마조로
성동구,마조로
성동구,성수이로
성동구,성수이로
성동구,성수일로
성동구,성수일로
성동구,성수일로
성동구,왕십리광장로
성동구,왕십리광장로
성동구,행당로
성동구,행당로
성동구,행당로
성동구,뚝섬로
성동구,뚝섬로
성동구,뚝섬로
성동구,뚝섬로
성동구,강변북로
성동구,강변북로
성동구,강변북로
성동구,동부간선로
성동구,동부간선로
성동구,동호로5길
성동구,동호로5길
성동구,가람길
성동구,가람길
성동구,가람길
성동구,가람길
성동구,고산자로10길
성동구,고산자로10길
성동구,고산자로12길
성동구,고산자로12길
성동구,고산자로14길
성동구,고산자로14길
성동구,고산자로16길
성동구,고산자로16길
성동구,고산자로17길
성동구,고산자로17길
성동구,고산자로18길
성동구,고산자로18길
성동구,고산자로20길
성동구,고산자로20길
성동구,고산자로22길
성동구,고산자로22길
성동구,고산자로24길
성동구,고산자로24길
성동구,고산자로26길
성동구,고산자로26길
성동구,고산자로2길
성동구,고산자로2길
성동구,고산자로2길
성동구,고산자로2다길
성동구,고산자로2다길
성동구,고산자로4길
성동구,고산자로4길
성동구,고산자로6가길
성동구,고산자로6가길
성동구,고산자로6길
성동구,고산자로6길
성동구,고산자로8가길
성동구,고산자로8가길
성동구,고산자로8길
성동구,고산자로8길
성동구,고산자로8나길
성동구,고산자로8나길
성동구,고산자로8다길
성동구,고산자로8다길
성동구,고산자로8라길
성동구,고산자로8라길
성동구,광나루로11길
성동구,광나루로11길
성동구,광나루로2가길
성동구,광나루로2가길
성동구,광나루로2길
성동구,광나루로2길
성동구,광나루로4가길
성동구,광나루로4가길
성동구,광나루로4길
성동구,광나루로4길
성동구,광나루로4나길
성동구,광나루로4나길
성동구,광나루로4다길
성동구,광나루로4다길
성동구,광나루로6길
성동구,광나루로6길
성동구,광나루로8길
성동구,광나루로8길
성동구,광나루로9가길
성동구,광나루로9가길
성동구,광나루로9길
성동구,광나루로9길
성동구,금호로11길
성동구,금호로11길
성동구,금호로13길
성동구,금호로13길
성동구,금호로16길
성동구,금호로16길
성동구,금호로1길
성동구,금호로1길
성동구,금호로3가길
성동구,금호로3가길
성동구,금호로3길
성동구,금호로3길
성동구,금호로3길
성동구,금호산10가길
성동구,금호산10가길
성동구,금호산10길
성동구,금호산10길
성동구,금호산12길
성동구,금호산12길
성동구,금호산12길
성동구,금호산14길
성동구,금호산14길
성동구,금호산15가길
성동구,금호산15가길
성동구,금호산15길
성동구,금호산15길
성동구,금호산15길
성동구,금호산17길
성동구,금호산17길
성동구,금호산2가길
성동구,금호산2가길
성동구,금호산2길
성동구,금호산2길
성동구,금호산2나길
성동구,금호산2나길
성동구,금호산4길
성동구,금호산4길
성동구,금호산6길
성동구,금호산6길
성동구,금호산8길
성동구,금호산8길
성동구,금호산9가길
성동구,금호산9가길
성동구,금호산9가길
성동구,금호산9길
성동구,금호산9길
성동구,금호산9길
성동구,금호산9나길
성동구,금호산9나길
성동구,금호산길
성동구,금호산길
성동구,금호산길
성동구,난계로4길
성동구,난계로4길
성동구,독서당로39길
성동구,독서당로39길
성동구,독서당로40길
성동구,독서당로40길
성동구,독서당로42길
성동구,독서당로42길
성동구,독서당로44길
성동구,독서당로44길
성동구,독서당로44길
성동구,독서당로46가길
성동구,독서당로46가길
성동구,독서당로46길
성동구,독서당로46길
성동구,독서당로47가길
성동구,독서당로47가길
성동구,독서당로47길
성동구,독서당로47길
성동구,독서당로48길
성동구,독서당로48길
성동구,독서당로50길
성동구,독서당로50길
성동구,독서당로51길
성동구,독서당로51길
성동구,독서당로55길
성동구,독서당로55길
성동구,독서당로57가길
성동구,독서당로57가길
성동구,독서당로57길
성동구,독서당로57길
성동구,독서당로59가길
성동구,독서당로59가길
성동구,독서당로59길
성동구,독서당로59길
성동구,독서당로59길
성동구,독서당로59나길
성동구,독서당로59나길
성동구,독서당로59나길
성동구,독서당로59다길
성동구,독서당로59다길
성동구,독서당로59다길
성동구,독서당로59다길
성동구,독서당로60가길
성동구,독서당로60가길
성동구,독서당로60길
성동구,독서당로60길
성동구,독서당로60나길
성동구,독서당로60나길
성동구,독서당로62가길
성동구,독서당로62가길
성동구,독서당로62길
성동구,독서당로62길
성동구,독서당로63가길
성동구,독서당로63가길
성동구,독서당로63길
성동구,독서당로63길
성동구,독서당로63길
성동구,독서당로63길
성동구,동일로43가길
성동구,동일로43가길
성동구,동일로43길
성동구,동일로43길
성동구,동일로43나길
성동구,동일로43나길
성동구,동일로55가길
성동구,동일로55가길
성동구,동일로55길
성동구,동일로55길
성동구,동일로55나길
성동구,동일로55나길
성동구,동일로55다길
성동구,동일로55다길
성동구,동일로57길
성동구,동일로57길
성동구,동일로59가길
성동구,동일로59가길
성동구,동일로59길
성동구,동일로59길
성동구,동호로2가길
성동구,동호로2가길
성동구,동호로2길
성동구,동호로2길
성동구,동호로2나길
성동구,동호로2나길
성동구,동호로4길
성동구,동호로4길
성동구,둘레11가길
성동구,둘레11가길
성동구,둘레11길
성동구,둘레11길
성동구,둘레13길
성동구,둘레13길
성동구,둘레15가길
성동구,둘레15가길
성동구,둘레15길
성동구,둘레15길
성동구,둘레17길
성동구,둘레17길
성동구,둘레19길
성동구,둘레19길
성동구,둘레1길
성동구,둘레1길
성동구,둘레21가길
성동구,둘레21가길
성동구,둘레21길
성동구,둘레21길
성동구,둘레23길
성동구,둘레23길
성동구,둘레3가길
성동구,둘레3가길
성동구,둘레3길
성동구,둘레3길
성동구,둘레3나길
성동구,둘레3나길
성동구,둘레5길
성동구,둘레5길
성동구,둘레7가길
성동구,둘레7가길
성동구,둘레7길
성동구,둘레7길
성동구,둘레9가길
성동구,둘레9가길
성동구,둘레9길
성동구,둘레9길
성동구,둘레9길
성동구,둘레9나길
성동구,둘레9나길
성동구,둘레길
성동구,둘레길
성동구,둘레길
성동구,뚝섬로11길
성동구,뚝섬로11길
성동구,뚝섬로13길
성동구,뚝섬로13길
성동구,뚝섬로15길
성동구,뚝섬로15길
성동구,뚝섬로17가길
성동구,뚝섬로17가길
성동구,뚝섬로17길
성동구,뚝섬로17길
성동구,뚝섬로1가길
성동구,뚝섬로1가길
성동구,뚝섬로1길
성동구,뚝섬로1길
성동구,뚝섬로1나길
성동구,뚝섬로1나길
성동구,뚝섬로3가길
성동구,뚝섬로3가길
성동구,뚝섬로3길
성동구,뚝섬로3길
성동구,뚝섬로3나길
성동구,뚝섬로3나길
성동구,뚝섬로4길
성동구,뚝섬로4길
성동구,뚝섬로5길
성동구,뚝섬로5길
성동구,뚝섬로5길
성동구,뚝섬로7길
성동구,뚝섬로7길
성동구,뚝섬로9길
성동구,뚝섬로9길
성동구,마장로21길
성동구,마장로21길
성동구,마장로23길
성동구,마장로23길
성동구,마장로25길
성동구,마장로25길
성동구,마장로25길
성동구,마장로26길
성동구,마장로26길
성동구,마장로27가길
성동구,마장로27가길
성동구,마장로27길
성동구,마장로27길
성동구,마장로29길
성동구,마장로29길
성동구,마장로31가길
성동구,마장로31가길
성동구,마장로31길
성동구,마장로31길
성동구,마장로31나길
성동구,마장로31나길
성동구,마장로31다길
성동구,마장로31다길
성동구,마장로33길
성동구,마장로33길
성동구,마장로35길
성동구,마장로35길
성동구,마장로35나길
성동구,마장로35나길
성동구,마장로35다길
성동구,마장로35다길
성동구,마장로35라길
성동구,마장로35라길
성동구,마장로37길
성동구,마장로37길
성동구,마장로39가길
성동구,마장로39가길
성동구,마장로39길
성동구,마장로39길
성동구,마장로39나길
성동구,마장로39나길
성동구,마장로42길
성동구,마장로42길
성동구,마장로44길
성동구,마장로44길
성동구,마장로46길
성동구,마장로46길
성동구,마조로11길
성동구,마조로11길
성동구,마조로11길
성동구,마조로12길
성동구,마조로12길
성동구,마조로14가길
성동구,마조로14가길
성동구,마조로14길
성동구,마조로14길
성동구,마조로15가길
성동구,마조로15가길
성동구,마조로15길
성동구,마조로15길
성동구,마조로15나길
성동구,마조로15나길
성동구,마조로16길
성동구,마조로16길
성동구,마조로18길
성동구,마조로18길
성동구,마조로19길
성동구,마조로19길
성동구,마조로1가길
성동구,마조로1가길
성동구,마조로1길
성동구,마조로1길
성동구,마조로1길
성동구,마조로3가길
성동구,마조로3가길
성동구,마조로3길
성동구,마조로3길
성동구,마조로3나길
성동구,마조로3나길
성동구,마조로5길
성동구,마조로5길
성동구,마조로7길
성동구,마조로7길
성동구,마조로9길
성동구,마조로9길
성동구,매봉18길
성동구,매봉18길
성동구,매봉18길
성동구,매봉18길
성동구,매봉길
성동구,매봉길
성동구,매봉길
성동구,매봉길
성동구,무수막10길
성동구,무수막10길
성동구,무수막12길
성동구,무수막12길
성동구,무수막14길
성동구,무수막14길
성동구,무수막16길
성동구,무수막16길
성동구,무수막18길
성동구,무수막18길
성동구,무수막1길
성동구,무수막1길
성동구,무수막3길
성동구,무수막3길
성동구,무수막5가길
성동구,무수막5가길
성동구,무수막5길
성동구,무수막5길
성동구,무수막7가길
성동구,무수막7가길
성동구,무수막7길
성동구,무수막7길
성동구,무수막길
성동구,무수막길
성동구,무수막길
성동구,무학로10길
성동구,무학로10길
성동구,무학로12길
성동구,무학로12길
성동구,무학로14가길
성동구,무학로14가길
성동구,무학로14길
성동구,무학로14길
성동구,무학로14길
성동구,무학로14길
성동구,무학로2가길
성동구,무학로2가길
성동구,무학로2길
성동구,무학로2길
성동구,무학로2나길
성동구,무학로2나길
성동구,무학로2다길
성동구,무학로2다길
성동구,무학로4길
성동구,무학로4길
성동구,무학로6길
성동구,무학로6길
성동구,무학로6길
성동구,무학로8길
성동구,무학로8길
성동구,무학봉11가길
성동구,무학봉11가길
성동구,무학봉11길
성동구,무학봉11길
성동구,무학봉12길
성동구,무학봉12길
성동구,무학봉13길
성동구,무학봉13길
성동구,무학봉15가길
성동구,무학봉15가길
성동구,무학봉15길
성동구,무학봉15길
성동구,무학봉15나길
성동구,무학봉15나길
성동구,무학봉15다길
성동구,무학봉15다길
성동구,무학봉15라길
성동구,무학봉15라길
성동구,무학봉16길
성동구,무학봉16길
성동구,무학봉16길
성동구,무학봉18길
성동구,무학봉18길
성동구,무학봉18길
성동구,무학봉20길
성동구,무학봉20길
성동구,무학봉21길
성동구,무학봉21길
성동구,무학봉22길
성동구,무학봉22길
성동구,무학봉23길
성동구,무학봉23길
성동구,무학봉25길
성동구,무학봉25길
성동구,무학봉26길
성동구,무학봉26길
성동구,무학봉26길
성동구,무학봉28길
성동구,무학봉28길
성동구,무학봉28길
성동구,무학봉7길
성동구,무학봉7길
성동구,무학봉길
성동구,무학봉길
성동구,무학봉길
성동구,사근동10가길
성동구,사근동10가길
성동구,사근동10길
성동구,사근동10길
성동구,사근동11가길
성동구,사근동11가길
성동구,사근동11길
성동구,사근동11길
성동구,사근동11길
성동구,사근동11나길
성동구,사근동11나길
성동구,사근동11다길
성동구,사근동11다길
성동구,사근동12길
성동구,사근동12길
성동구,사근동2길
성동구,사근동2길
성동구,사근동4길
성동구,사근동4길
성동구,사근동5길
성동구,사근동5길
성동구,사근동7길
성동구,사근동7길
성동구,사근동8가길
성동구,사근동8가길
성동구,사근동8길
성동구,사근동8길
성동구,사근동8나길
성동구,사근동8나길
성동구,사근동9가길
성동구,사근동9가길
성동구,사근동9길
성동구,사근동9길
성동구,사근동길
성동구,사근동길
성동구,사근동길
성동구,살곶이2가길
성동구,살곶이2가길
성동구,살곶이2가길
성동구,살곶이2길
성동구,살곶이2길
성동구,살곶이2길
성동구,살곶이2나길
성동구,살곶이2나길
성동구,살곶이4길
성동구,살곶이4길
성동구,살곶이6길
성동구,살곶이6길
성동구,살곶이8길
성동구,살곶이8길
성동구,살곶이길
성동구,살곶이길
성동구,살곶이길
성동구,살곶이길
성동구,살곶이길
성동구,상원10가길
성동구,상원10가길
성동구,상원10길
성동구,상원10길
성동구,상원10나길
성동구,상원10나길
성동구,상원10다길
성동구,상원10다길
성동구,상원12길
성동구,상원12길
성동구,상원1길
성동구,상원1길
성동구,상원2길
성동구,상원2길
성동구,상원4길
성동구,상원4길
성동구,상원6가길
성동구,상원6가길
성동구,상원6길
성동구,상원6길
성동구,상원6나길
성동구,상원6나길
성동구,상원8길
성동구,상원8길
성동구,상원길
성동구,상원길
성동구,서울숲2길
성동구,서울숲2길
성동구,서울숲4길
성동구,서울숲4길
성동구,서울숲6길
성동구,서울숲6길
성동구,서울숲7길
성동구,서울숲7길
성동구,서울숲9길
성동구,서울숲9길
성동구,서울숲길
성동구,서울숲길
성동구,성덕정11길
성동구,성덕정11길
성동구,성덕정11길
성동구,성덕정13길
성동구,성덕정13길
성동구,성덕정15길
성동구,성덕정15길
성동구,성덕정17가길
성동구,성덕정17가길
성동구,성덕정17길
성동구,성덕정17길
성동구,성덕정19가길
성동구,성덕정19가길
성동구,성덕정19길
성동구,성덕정19길
성동구,성덕정1길
성동구,성덕정1길
성동구,성덕정21길
성동구,성덕정21길
성동구,성덕정23길
성동구,성덕정23길
성동구,성덕정3가길
성동구,성덕정3가길
성동구,성덕정3길
성동구,성덕정3길
성동구,성덕정5길
성동구,성덕정5길
성동구,성덕정7길
성동구,성덕정7길
성동구,성덕정9가길
성동구,성덕정9가길
성동구,성덕정9가길
성동구,성덕정9길
성동구,성덕정9길
성동구,성덕정길
성동구,성덕정길
성동구,성덕정길
성동구,성수이로10길
성동구,성수이로10길
성동구,성수이로12길
성동구,성수이로12길
성동구,성수이로14길
성동구,성수이로14길
성동구,성수이로16길
성동구,성수이로16길
성동구,성수이로18길
성동구,성수이로18길
성동구,성수이로20길
성동구,성수이로20길
성동구,성수이로22길
성동구,성수이로22길
성동구,성수이로24길
성동구,성수이로24길
성동구,성수이로26길
성동구,성수이로26길
성동구,성수이로2길
성동구,성수이로2길
성동구,성수이로3길
성동구,성수이로3길
성동구,성수이로5길
성동구,성수이로5길
성동구,성수이로6길
성동구,성수이로6길
성동구,성수이로7가길
성동구,성수이로7가길
성동구,성수이로7길
성동구,성수이로7길
성동구,성수이로8길
성동구,성수이로8길
성동구,성수일로10가길
성동구,성수일로10가길
성동구,성수일로10길
성동구,성수일로10길
성동구,성수일로11길
성동구,성수일로11길
성동구,성수일로12가길
성동구,성수일로12가길
성동구,성수일로12길
성동구,성수일로12길
성동구,성수일로1길
성동구,성수일로1길
성동구,성수일로3길
성동구,성수일로3길
성동구,성수일로4가길
성동구,성수일로4가길
성동구,성수일로4길
성동구,성수일로4길
성동구,성수일로4길
성동구,성수일로6길
성동구,성수일로6길
성동구,성수일로8길
성동구,성수일로8길
성동구,송정10길
성동구,송정10길
성동구,송정12가길
성동구,송정12가길
성동구,송정12길
성동구,송정12길
성동구,송정12나길
성동구,송정12나길
성동구,송정12다길
성동구,송정12다길
성동구,송정12라길
성동구,송정12라길
성동구,송정12마길
성동구,송정12마길
성동구,송정12바길
성동구,송정12바길
성동구,송정14길
성동구,송정14길
성동구,송정16길
성동구,송정16길
성동구,송정18가길
성동구,송정18가길
성동구,송정18길
성동구,송정18길
성동구,송정2길
성동구,송정2길
성동구,송정4가길
성동구,송정4가길
성동구,송정4길
성동구,송정4길
성동구,송정6길
성동구,송정6길
성동구,송정8길
성동구,송정8길
성동구,송정길
성동구,송정길
성동구,아차산로11가길
성동구,아차산로11가길
성동구,아차산로11길
성동구,아차산로11길
성동구,아차산로13길
성동구,아차산로13길
성동구,아차산로15길
성동구,아차산로15길
성동구,아차산로17길
성동구,아차산로17길
성동구,아차산로1가길
성동구,아차산로1가길
성동구,아차산로1길
성동구,아차산로1길
성동구,아차산로3길
성동구,아차산로3길
성동구,아차산로5길
성동구,아차산로5길
성동구,아차산로7가길
성동구,아차산로7가길
성동구,아차산로7길
성동구,아차산로7길
성동구,아차산로7나길
성동구,아차산로7나길
성동구,아차산로9길
성동구,아차산로9길
성동구,연무장11길
성동구,연무장11길
성동구,연무장13길
성동구,연무장13길
성동구,연무장15길
성동구,연무장15길
성동구,연무장17길
성동구,연무장17길
성동구,연무장18길
성동구,연무장18길
성동구,연무장19길
성동구,연무장19길
성동구,연무장1길
성동구,연무장1길
성동구,연무장3길
성동구,연무장3길
성동구,연무장5가길
성동구,연무장5가길
성동구,연무장5길
성동구,연무장5길
성동구,연무장7가길
성동구,연무장7가길
성동구,연무장7길
성동구,연무장7길
성동구,연무장9길
성동구,연무장9길
성동구,연무장길
성동구,연무장길
성동구,연무장길
성동구,왕십리로10길
성동구,왕십리로10길
성동구,왕십리로11길
성동구,왕십리로11길
성동구,왕십리로13가길
성동구,왕십리로13가길
성동구,왕십리로13길
성동구,왕십리로13길
성동구,왕십리로13나길
성동구,왕십리로13나길
성동구,왕십리로13다길
성동구,왕십리로13다길
성동구,왕십리로14가길
성동구,왕십리로14가길
성동구,왕십리로14길
성동구,왕십리로14길
성동구,왕십리로14나길
성동구,왕십리로14나길
성동구,왕십리로16가길
성동구,왕십리로16가길
성동구,왕십리로16길
성동구,왕십리로16길
성동구,왕십리로17길
성동구,왕십리로17길
성동구,왕십리로19길
성동구,왕십리로19길
성동구,왕십리로19나길
성동구,왕십리로19나길
성동구,왕십리로20길
성동구,왕십리로20길
성동구,왕십리로20길
성동구,왕십리로21가길
성동구,왕십리로21가길
성동구,왕십리로21길
성동구,왕십리로21길
성동구,왕십리로21길
성동구,왕십리로21나길
성동구,왕십리로21나길
성동구,왕십리로21다길
성동구,왕십리로21다길
성동구,왕십리로21라길
성동구,왕십리로21라길
성동구,왕십리로21라길
성동구,왕십리로21마길
성동구,왕십리로21마길
성동구,왕십리로21마길
성동구,왕십리로22길
성동구,왕십리로22길
성동구,왕십리로24가길
성동구,왕십리로24가길
성동구,왕십리로24길
성동구,왕십리로24길
성동구,왕십리로24길
성동구,왕십리로24나길
성동구,왕십리로24나길
성동구,왕십리로26길
성동구,왕십리로26길
성동구,왕십리로26길
성동구,왕십리로28가길
성동구,왕십리로28가길
성동구,왕십리로28길
성동구,왕십리로28길
성동구,왕십리로28길
성동구,왕십리로2길
성동구,왕십리로2길
성동구,왕십리로30길
성동구,왕십리로30길
성동구,왕십리로30길
성동구,왕십리로31가길
성동구,왕십리로31가길
성동구,왕십리로31길
성동구,왕십리로31길
성동구,왕십리로31나길
성동구,왕십리로31나길
성동구,왕십리로33가길
성동구,왕십리로33가길
성동구,왕십리로33길
성동구,왕십리로33길
성동구,왕십리로33나길
성동구,왕십리로33나길
성동구,왕십리로4가길
성동구,왕십리로4가길
성동구,왕십리로4길
성동구,왕십리로4길
성동구,왕십리로5길
성동구,왕십리로5길
성동구,왕십리로6길
성동구,왕십리로6길
성동구,왕십리로8길
성동구,왕십리로8길
성동구,용답11길
성동구,용답11길
성동구,용답13길
성동구,용답13길
성동구,용답15가길
성동구,용답15가길
성동구,용답15길
성동구,용답15길
성동구,용답17길
성동구,용답17길
성동구,용답19가길
성동구,용답19가길
성동구,용답19길
성동구,용답19길
성동구,용답1길
성동구,용답1길
성동구,용답21길
성동구,용답21길
성동구,용답23가길
성동구,용답23가길
성동구,용답23길
성동구,용답23길
성동구,용답23나길
성동구,용답23나길
성동구,용답23다길
성동구,용답23다길
성동구,용답23라길
성동구,용답23라길
성동구,용답25가길
성동구,용답25가길
성동구,용답25길
성동구,용답25길
성동구,용답25나길
성동구,용답25나길
성동구,용답25다길
성동구,용답25다길
성동구,용답25라길
성동구,용답25라길
성동구,용답27길
성동구,용답27길
성동구,용답29가길
성동구,용답29가길
성동구,용답29길
성동구,용답29길
성동구,용답3길
성동구,용답3길
성동구,용답5길
성동구,용답5길
성동구,용답7가길
성동구,용답7가길
성동구,용답7길
성동구,용답7길
성동구,용답7나길
성동구,용답7나길
성동구,용답9가길
성동구,용답9가길
성동구,용답9길
성동구,용답9길
성동구,용답9나길
성동구,용답9나길
성동구,용답길
성동구,용답길
성동구,용답중앙11가길
성동구,용답중앙11가길
성동구,용답중앙11길
성동구,용답중앙11길
성동구,용답중앙11나길
성동구,용답중앙11나길
성동구,용답중앙11다길
성동구,용답중앙11다길
성동구,용답중앙13가길
성동구,용답중앙13가길
성동구,용답중앙13길
성동구,용답중앙13길
성동구,용답중앙15길
성동구,용답중앙15길
성동구,용답중앙17길
성동구,용답중앙17길
성동구,용답중앙19길
성동구,용답중앙19길
성동구,용답중앙1가길
성동구,용답중앙1가길
성동구,용답중앙1길
성동구,용답중앙1길
성동구,용답중앙21길
성동구,용답중앙21길
성동구,용답중앙23길
성동구,용답중앙23길
성동구,용답중앙25길
성동구,용답중앙25길
성동구,용답중앙27길
성동구,용답중앙27길
성동구,용답중앙3가길
성동구,용답중앙3가길
성동구,용답중앙3길
성동구,용답중앙3길
성동구,용답중앙3나길
성동구,용답중앙3나길
성동구,용답중앙5길
성동구,용답중앙5길
성동구,용답중앙7길
성동구,용답중앙7길
성동구,용답중앙9길
성동구,용답중앙9길
성동구,용답중앙길
성동구,용답중앙길
성동구,자동차시장1길
성동구,자동차시장1길
성동구,자동차시장1길
성동구,자동차시장3길
성동구,자동차시장3길
성동구,자동차시장3길
성동구,자동차시장길
성동구,자동차시장길
성동구,장터1가길
성동구,장터1가길
성동구,장터1길
성동구,장터1길
성동구,장터2길
성동구,장터2길
성동구,장터3길
성동구,장터3길
성동구,장터5가길
성동구,장터5가길
성동구,장터5길
성동구,장터5길
성동구,장터길
성동구,장터길
성동구,장터길
성동구,천호대로78길
성동구,천호대로78길
성동구,천호대로78길
성동구,청계천로10가길
성동구,청계천로10가길
성동구,청계천로10길
성동구,청계천로10길
성동구,청계천로10나길
성동구,청계천로10나길
성동구,청계천로10다길
성동구,청계천로10다길
성동구,청계천로12가길
성동구,청계천로12가길
성동구,청계천로12길
성동구,청계천로12길
성동구,청계천로12나길
성동구,청계천로12나길
성동구,청계천로12다길
성동구,청계천로12다길
성동구,한림말1길
성동구,한림말1길
성동구,한림말3길
성동구,한림말3길
성동구,한림말5길
성동구,한림말5길
성동구,한림말길
성동구,한림말길
성동구,행당로11길
성동구,행당로11길
성동구,행당로13길
성동구,행당로13길
성동구,행당로15길
성동구,행당로15길
성동구,행당로17길
성동구,행당로17길
성동구,행당로17길
성동구,행당로1길
성동구,행당로1길
성동구,행당로3길
성동구,행당로3길
성동구,행당로5길
성동구,행당로5길
성동구,행당로6길
성동구,행당로6길
성동구,행당로6길
성동구,행당로8길
성동구,행당로8길
성동구,행당로9길
성동구,행당로9길
성동구,행당로9길
성동구,난계로24길
성동구,난계로24길
성동구,난계로24길
성동구,마장로19길
성동구,마장로19길
성동구,마장로35가길
성동구,마장로40길
성동구,마장로40길
성동구,한강북자전거길
성동구,중랑천서자전거길
성동구,중랑천서자전거길
성동구,중랑천서자전거길
성동구,중랑천서자전거길
성동구,중랑천동자전거길
성동구,중랑천동자전거길