﻿성북구,보문로
성북구,보문로
성북구,보문로
성북구,보문로
성북구,보문로
성북구,보문로
성북구,보문로
성북구,보문로
성북구,보문로
성북구,지봉로
성북구,지봉로
성북구,창경궁로
성북구,창경궁로
성북구,창경궁로
성북구,안암로
성북구,안암로
성북구,안암로
성북구,안암로
성북구,안암로
성북구,종암로
성북구,종암로
성북구,종암로
성북구,종암로
성북구,한천로
성북구,한천로
성북구,한천로
성북구,도봉로
성북구,도봉로
성북구,삼양로
성북구,삼양로
성북구,솔샘로
성북구,솔샘로
성북구,숭인로
성북구,숭인로
성북구,오패산로
성북구,오패산로
성북구,화랑로
성북구,화랑로
성북구,화랑로
성북구,화랑로
성북구,화랑로
성북구,화랑로
성북구,북악산로
성북구,북악산로
성북구,북악산로
성북구,북악산로
성북구,북악산로
성북구,북악산로
성북구,혜화로
성북구,혜화로
성북구,길음로
성북구,길음로
성북구,돌곶이로
성북구,돌곶이로
성북구,돌곶이로
성북구,동소문로
성북구,동소문로
성북구,동소문로
성북구,동소문로
성북구,동소문로
성북구,동소문로
성북구,동소문로
성북구,동소문로
성북구,동소문로
성북구,동소문로
성북구,동소문로
성북구,동소문로
성북구,동소문로
성북구,보국문로
성북구,보국문로
성북구,삼선교로
성북구,삼선교로
성북구,삼선교로
성북구,삼선교로
성북구,삼선교로
성북구,삼선교로
성북구,서경로
성북구,서경로
성북구,서경로
성북구,선잠로
성북구,선잠로
성북구,성북로
성북구,성북로
성북구,성북로
성북구,성북로
성북구,아리랑로
성북구,아리랑로
성북구,아리랑로
성북구,아리랑로
성북구,아리랑로
성북구,아리랑로
성북구,아리랑로
성북구,월곡로
성북구,월곡로
성북구,월곡로
성북구,장월로
성북구,장월로
성북구,장월로
성북구,장위로
성북구,장위로
성북구,정릉로
성북구,정릉로
성북구,정릉로
성북구,정릉로
성북구,정릉로
성북구,정릉로
성북구,대사관로
성북구,대사관로
성북구,월계로
성북구,월계로
성북구,월계로
성북구,회기로
성북구,회기로
성북구,고려대로
성북구,고려대로
성북구,고려대로
성북구,고려대로
성북구,고려대로
성북구,길음로13길
성북구,길음로13길
성북구,길음로15가길
성북구,길음로15가길
성북구,길음로15길
성북구,길음로15길
성북구,길음로7길
성북구,길음로7길
성북구,길음로9길
성북구,길음로9길
성북구,길음로9길
성북구,낙산길
성북구,낙산길
성북구,낙산길
성북구,낙산길
성북구,대사관로11가길
성북구,대사관로11가길
성북구,대사관로11길
성북구,대사관로11길
성북구,대사관로11나길
성북구,대사관로11나길
성북구,대사관로13길
성북구,대사관로13길
성북구,대사관로1길
성북구,대사관로1길
성북구,대사관로3길
성북구,대사관로3길
성북구,대사관로5가길
성북구,대사관로5가길
성북구,대사관로5길
성북구,대사관로5길
성북구,대사관로7길
성북구,대사관로7길
성북구,대사관로8길
성북구,대사관로8길
성북구,대사관로9길
성북구,대사관로9길
성북구,도봉로1길
성북구,도봉로1길
성북구,도봉로3가길
성북구,도봉로3가길
성북구,도봉로3길
성북구,도봉로3길
성북구,도봉로3나길
성북구,도봉로3나길
성북구,돌곶이로10길
성북구,돌곶이로10길
성북구,돌곶이로11길
성북구,돌곶이로11길
성북구,돌곶이로12길
성북구,돌곶이로12길
성북구,돌곶이로13길
성북구,돌곶이로13길
성북구,돌곶이로14길
성북구,돌곶이로14길
성북구,돌곶이로15길
성북구,돌곶이로15길
성북구,돌곶이로17가길
성북구,돌곶이로17가길
성북구,돌곶이로17길
성북구,돌곶이로17길
성북구,돌곶이로18길
성북구,돌곶이로18길
성북구,돌곶이로19길
성북구,돌곶이로19길
성북구,돌곶이로21가길
성북구,돌곶이로21가길
성북구,돌곶이로21길
성북구,돌곶이로21길
성북구,돌곶이로21나길
성북구,돌곶이로21나길
성북구,돌곶이로22가길
성북구,돌곶이로22가길
성북구,돌곶이로22길
성북구,돌곶이로22길
성북구,돌곶이로22나길
성북구,돌곶이로22나길
성북구,돌곶이로23가길
성북구,돌곶이로23가길
성북구,돌곶이로23길
성북구,돌곶이로23길
성북구,돌곶이로24길
성북구,돌곶이로24길
성북구,돌곶이로25길
성북구,돌곶이로25길
성북구,돌곶이로26길
성북구,돌곶이로26길
성북구,돌곶이로27가길
성북구,돌곶이로27가길
성북구,돌곶이로27길
성북구,돌곶이로27길
성북구,돌곶이로27나길
성북구,돌곶이로27나길
성북구,돌곶이로28길
성북구,돌곶이로28길
성북구,돌곶이로30가길
성북구,돌곶이로30가길
성북구,돌곶이로30길
성북구,돌곶이로30길
성북구,돌곶이로30나길
성북구,돌곶이로30나길
성북구,돌곶이로31길
성북구,돌곶이로31길
성북구,돌곶이로32길
성북구,돌곶이로32길
성북구,돌곶이로34길
성북구,돌곶이로34길
성북구,돌곶이로37길
성북구,돌곶이로37길
성북구,돌곶이로39길
성북구,돌곶이로39길
성북구,돌곶이로3길
성북구,돌곶이로3길
성북구,돌곶이로40길
성북구,돌곶이로40길
성북구,돌곶이로41가길
성북구,돌곶이로41가길
성북구,돌곶이로41길
성북구,돌곶이로41길
성북구,돌곶이로5길
성북구,돌곶이로5길
성북구,돌곶이로7길
성북구,돌곶이로7길
성북구,돌곶이로8가길
성북구,돌곶이로8가길
성북구,돌곶이로8길
성북구,돌곶이로8길
성북구,돌곶이로8나길
성북구,돌곶이로8나길
성북구,돌곶이로8다길
성북구,돌곶이로8다길
성북구,돌곶이로8바길
성북구,돌곶이로8바길
성북구,돌곶이로8아길
성북구,돌곶이로8아길
성북구,돌곶이로9가길
성북구,돌곶이로9가길
성북구,돌곶이로9길
성북구,돌곶이로9길
성북구,돌곶이로9나길
성북구,돌곶이로9나길
성북구,동망산길
성북구,동망산길
성북구,동소문로10길
성북구,동소문로10길
성북구,동소문로10길
성북구,동소문로11길
성북구,동소문로11길
성북구,동소문로13가길
성북구,동소문로13가길
성북구,동소문로13길
성북구,동소문로13길
성북구,동소문로13길
성북구,동소문로13나길
성북구,동소문로13나길
성북구,동소문로13나길
성북구,동소문로15길
성북구,동소문로15길
성북구,동소문로15길
성북구,동소문로17길
성북구,동소문로17길
성북구,동소문로18길
성북구,동소문로18길
성북구,동소문로20가길
성북구,동소문로20가길
성북구,동소문로20길
성북구,동소문로20길
성북구,동소문로20길
성북구,동소문로20나길
성북구,동소문로20나길
성북구,동소문로20다길
성북구,동소문로20다길
성북구,동소문로22길
성북구,동소문로22길
성북구,동소문로22길
성북구,동소문로23길
성북구,동소문로23길
성북구,동소문로23길
성북구,동소문로24가길
성북구,동소문로24가길
성북구,동소문로24가길
성북구,동소문로24길
성북구,동소문로24길
성북구,동소문로25가길
성북구,동소문로25가길
성북구,동소문로25길
성북구,동소문로25길
성북구,동소문로25길
성북구,동소문로26가길
성북구,동소문로26가길
성북구,동소문로26가길
성북구,동소문로26길
성북구,동소문로26길
성북구,동소문로26길
성북구,동소문로26나길
성북구,동소문로26나길
성북구,동소문로26나길
성북구,동소문로26다길
성북구,동소문로26다길
성북구,동소문로26라길
성북구,동소문로26라길
성북구,동소문로26마길
성북구,동소문로26마길
성북구,동소문로26마길
성북구,동소문로27길
성북구,동소문로27길
성북구,동소문로28길
성북구,동소문로28길
성북구,동소문로29길
성북구,동소문로29길
성북구,동소문로29길
성북구,동소문로29길
성북구,동소문로2길
성북구,동소문로2길
성북구,동소문로2길
성북구,동소문로31길
성북구,동소문로31길
성북구,동소문로31길
성북구,동소문로32길
성북구,동소문로32길
성북구,동소문로32길
성북구,동소문로34길
성북구,동소문로34길
성북구,동소문로35가길
성북구,동소문로35가길
성북구,동소문로35가길
성북구,동소문로35길
성북구,동소문로35길
성북구,동소문로35길
성북구,동소문로3길
성북구,동소문로3길
성북구,동소문로3길
성북구,동소문로40길
성북구,동소문로40길
성북구,동소문로41길
성북구,동소문로41길
성북구,동소문로42가길
성북구,동소문로42가길
성북구,동소문로42길
성북구,동소문로42길
성북구,동소문로42나길
성북구,동소문로42나길
성북구,동소문로42다길
성북구,동소문로42다길
성북구,동소문로43가길
성북구,동소문로43가길
성북구,동소문로43길
성북구,동소문로43길
성북구,동소문로44길
성북구,동소문로44길
성북구,동소문로46길
성북구,동소문로46길
성북구,동소문로47가길
성북구,동소문로47가길
성북구,동소문로47길
성북구,동소문로47길
성북구,동소문로47나길
성북구,동소문로47나길
성북구,동소문로5길
성북구,동소문로5길
성북구,동소문로6길
성북구,동소문로6길
성북구,동소문로7길
성북구,동소문로7길
성북구,동소문로7길
성북구,동소문로8길
성북구,동소문로8길
성북구,동소문로8길
성북구,동소문로8길
성북구,동소문로8길
성북구,보국문로10길
성북구,보국문로10길
성북구,보국문로11가길
성북구,보국문로11가길
성북구,보국문로11길
성북구,보국문로11길
성북구,보국문로12길
성북구,보국문로12길
성북구,보국문로14길
성북구,보국문로14길
성북구,보국문로16가길
성북구,보국문로16가길
성북구,보국문로16길
성북구,보국문로16길
성북구,보국문로16나길
성북구,보국문로16나길
성북구,보국문로16다길
성북구,보국문로16다길
성북구,보국문로16라길
성북구,보국문로16라길
성북구,보국문로17길
성북구,보국문로17길
성북구,보국문로18가길
성북구,보국문로18가길
성북구,보국문로18길
성북구,보국문로18길
성북구,보국문로20길
성북구,보국문로20길
성북구,보국문로22길
성북구,보국문로22길
성북구,보국문로24길
성북구,보국문로24길
성북구,보국문로25가길
성북구,보국문로25가길
성북구,보국문로25길
성북구,보국문로25길
성북구,보국문로27길
성북구,보국문로27길
성북구,보국문로28길
성북구,보국문로28길
성북구,보국문로29가길
성북구,보국문로29가길
성북구,보국문로29길
성북구,보국문로29길
성북구,보국문로29나길
성북구,보국문로29나길
성북구,보국문로29다길
성북구,보국문로29다길
성북구,보국문로29라길
성북구,보국문로29라길
성북구,보국문로29마길
성북구,보국문로29마길
성북구,보국문로29바길
성북구,보국문로29바길
성북구,보국문로2길
성북구,보국문로2길
성북구,보국문로30가길
성북구,보국문로30가길
성북구,보국문로30길
성북구,보국문로30길
성북구,보국문로30나길
성북구,보국문로30나길
성북구,보국문로32가길
성북구,보국문로32가길
성북구,보국문로32길
성북구,보국문로32길
성북구,보국문로32나길
성북구,보국문로32나길
성북구,보국문로34길
성북구,보국문로34길
성북구,보국문로35가길
성북구,보국문로35가길
성북구,보국문로35길
성북구,보국문로35길
성북구,보국문로36길
성북구,보국문로36길
성북구,보국문로37길
성북구,보국문로37길
성북구,보국문로38길
성북구,보국문로38길
성북구,보국문로40길
성북구,보국문로40길
성북구,보국문로4길
성북구,보국문로4길
성북구,보국문로6길
성북구,보국문로6길
성북구,보국문로8가길
성북구,보국문로8가길
성북구,보국문로8길
성북구,보국문로8길
성북구,보국문로8나길
성북구,보국문로8나길
성북구,보국문로8다길
성북구,보국문로8다길
성북구,보문로13가길
성북구,보문로13가길
성북구,보문로13가길
성북구,보문로13길
성북구,보문로13길
성북구,보문로13길
성북구,보문로13나길
성북구,보문로13나길
성북구,보문로13나길
성북구,보문로13다길
성북구,보문로13다길
성북구,보문로13다길
성북구,보문로13다길
성북구,보문로13라길
성북구,보문로13라길
성북구,보문로13라길
성북구,보문로13마길
성북구,보문로13마길
성북구,보문로13바길
성북구,보문로13바길
성북구,보문로14길
성북구,보문로14길
성북구,보문로14길
성북구,보문로15길
성북구,보문로15길
성북구,보문로15길
성북구,보문로15길
성북구,보문로17길
성북구,보문로17길
성북구,보문로17길
성북구,보문로18길
성북구,보문로18길
성북구,보문로18길
성북구,보문로19길
성북구,보문로19길
성북구,보문로19길
성북구,보문로21가길
성북구,보문로21가길
성북구,보문로21길
성북구,보문로21길
성북구,보문로21길
성북구,보문로22길
성북구,보문로22길
성북구,보문로22길
성북구,보문로23길
성북구,보문로23길
성북구,보문로23길
성북구,보문로23길
성북구,보문로23길
성북구,보문로25길
성북구,보문로25길
성북구,보문로26길
성북구,보문로26길
성북구,보문로26길
성북구,보문로26길
성북구,보문로27길
성북구,보문로27길
성북구,보문로28길
성북구,보문로28길
성북구,보문로29가길
성북구,보문로29가길
성북구,보문로29길
성북구,보문로29길
성북구,보문로29길
성북구,보문로29길
성북구,보문로29길
성북구,보문로29나길
성북구,보문로29나길
성북구,보문로29다길
성북구,보문로29다길
성북구,보문로29다길
성북구,보문로30가길
성북구,보문로30가길
성북구,보문로30가길
성북구,보문로30길
성북구,보문로30길
성북구,보문로30길
성북구,보문로30길
성북구,보문로30길
성북구,보문로30나길
성북구,보문로30나길
성북구,보문로30다길
성북구,보문로30다길
성북구,보문로30라길
성북구,보문로30라길
성북구,보문로31길
성북구,보문로31길
성북구,보문로31길
성북구,보문로32길
성북구,보문로32길
성북구,보문로32길
성북구,보문로34가길
성북구,보문로34가길
성북구,보문로34길
성북구,보문로34길
성북구,보문로34길
성북구,보문로34길
성북구,보문로34길
성북구,보문로34나길
성북구,보문로34나길
성북구,보문로34다길
성북구,보문로34다길
성북구,보문로34다길
성북구,보문로35길
성북구,보문로35길
성북구,보문로36길
성북구,보문로36길
성북구,보문로37길
성북구,보문로37길
성북구,보문로38길
성북구,보문로38길
성북구,보문로39길
성북구,보문로39길
성북구,보문로40길
성북구,보문로40길
성북구,보문로9길
성북구,보문로9길
성북구,보문로9길
성북구,북악산로15길
성북구,북악산로15길
성북구,북악산로15길
성북구,북악산로17길
성북구,북악산로17길
성북구,북악산로1가길
성북구,북악산로1가길
성북구,북악산로1길
성북구,북악산로1길
성북구,북악산로1길
성북구,북악산로1길
성북구,북악산로1나길
성북구,북악산로1나길
성북구,북악산로1다길
성북구,북악산로1다길
성북구,북악산로1라길
성북구,북악산로1라길
성북구,북악산로22길
성북구,북악산로22길
성북구,북악산로27길
성북구,북악산로27길
성북구,북악산로29길
성북구,북악산로29길
성북구,북악산로31길
성북구,북악산로31길
성북구,북악산로3길
성북구,북악산로3길
성북구,북악산로5길
성북구,북악산로5길
성북구,삼선교로10가길
성북구,삼선교로10가길
성북구,삼선교로10길
성북구,삼선교로10길
성북구,삼선교로10길
성북구,삼선교로10나길
성북구,삼선교로10나길
성북구,삼선교로10다길
성북구,삼선교로10다길
성북구,삼선교로10라길
성북구,삼선교로10라길
성북구,삼선교로10마길
성북구,삼선교로10마길
성북구,삼선교로10바길
성북구,삼선교로10바길
성북구,삼선교로10바길
성북구,삼선교로11길
성북구,삼선교로11길
성북구,삼선교로11길
성북구,삼선교로12길
성북구,삼선교로12길
성북구,삼선교로14길
성북구,삼선교로14길
성북구,삼선교로16가길
성북구,삼선교로16가길
성북구,삼선교로16가길
성북구,삼선교로16길
성북구,삼선교로16길
성북구,삼선교로16길
성북구,삼선교로16나길
성북구,삼선교로16나길
성북구,삼선교로18가길
성북구,삼선교로18가길
성북구,삼선교로18길
성북구,삼선교로18길
성북구,삼선교로18길
성북구,삼선교로18나길
성북구,삼선교로18나길
성북구,삼선교로20길
성북구,삼선교로20길
성북구,삼선교로20길
성북구,삼선교로22길
성북구,삼선교로22길
성북구,삼선교로23가길
성북구,삼선교로23가길
성북구,삼선교로23길
성북구,삼선교로23길
성북구,삼선교로24길
성북구,삼선교로24길
성북구,삼선교로2가길
성북구,삼선교로2가길
성북구,삼선교로2길
성북구,삼선교로2길
성북구,삼선교로4가길
성북구,삼선교로4가길
성북구,삼선교로4길
성북구,삼선교로4길
성북구,삼선교로4나길
성북구,삼선교로4나길
성북구,삼선교로4다길
성북구,삼선교로4다길
성북구,삼선교로4라길
성북구,삼선교로4라길
성북구,삼선교로4마길
성북구,삼선교로4마길
성북구,삼선교로6길
성북구,삼선교로6길
성북구,삼선교로8길
성북구,삼선교로8길
성북구,삼양로12길
성북구,삼양로12길
성북구,삼양로13길
성북구,삼양로13길
성북구,삼양로15길
성북구,삼양로15길
성북구,삼양로2길
성북구,삼양로2길
성북구,삼양로4길
성북구,삼양로4길
성북구,삼양로6길
성북구,삼양로6길
성북구,삼양로8가길
성북구,삼양로8가길
성북구,삼양로8길
성북구,삼양로8길
성북구,삼양로9가길
성북구,삼양로9가길
성북구,삼양로9길
성북구,삼양로9길
성북구,서경로11길
성북구,서경로11길
성북구,서경로13길
성북구,서경로13길
성북구,서경로15길
성북구,서경로15길
성북구,서경로18길
성북구,서경로18길
성북구,서경로20길
성북구,서경로20길
성북구,서경로21가길
성북구,서경로21가길
성북구,서경로21길
성북구,서경로21길
성북구,서경로21나길
성북구,서경로21나길
성북구,서경로2길
성북구,서경로2길
성북구,서경로3길
성북구,서경로3길
성북구,서경로5길
성북구,서경로5길
성북구,서경로6길
성북구,서경로6길
성북구,서경로6길
성북구,서경로9가길
성북구,서경로9가길
성북구,서경로9길
성북구,서경로9길
성북구,선잠로2가길
성북구,선잠로2가길
성북구,선잠로2길
성북구,선잠로2길
성북구,선잠로2나길
성북구,선잠로2나길
성북구,선잠로2다길
성북구,선잠로2다길
성북구,선잠로2라길
성북구,선잠로2라길
성북구,선잠로3가길
성북구,선잠로3가길
성북구,선잠로3길
성북구,선잠로3길
성북구,선잠로5가길
성북구,선잠로5가길
성북구,선잠로5길
성북구,선잠로5길
성북구,선잠로5나길
성북구,선잠로5나길
성북구,선잠로5다길
성북구,선잠로5다길
성북구,선잠로5라길
성북구,선잠로5라길
성북구,선잠로5마길
성북구,선잠로5마길
성북구,선잠로7길
성북구,선잠로7길
성북구,선잠로8길
성북구,선잠로8길
성북구,성북로10가길
성북구,성북로10가길
성북구,성북로10길
성북구,성북로10길
성북구,성북로10나길
성북구,성북로10나길
성북구,성북로10다길
성북구,성북로10다길
성북구,성북로12길
성북구,성북로12길
성북구,성북로13길
성북구,성북로13길
성북구,성북로14가길
성북구,성북로14가길
성북구,성북로14길
성북구,성북로14길
성북구,성북로14나길
성북구,성북로14나길
성북구,성북로14다길
성북구,성북로14다길
성북구,성북로14라길
성북구,성북로14라길
성북구,성북로15길
성북구,성북로15길
성북구,성북로16가길
성북구,성북로16가길
성북구,성북로16길
성북구,성북로16길
성북구,성북로18길
성북구,성북로18길
성북구,성북로19길
성북구,성북로19길
성북구,성북로21길
성북구,성북로21길
성북구,성북로23가길
성북구,성북로23가길
성북구,성북로23길
성북구,성북로23길
성북구,성북로23나길
성북구,성북로23나길
성북구,성북로23다길
성북구,성북로23다길
성북구,성북로23라길
성북구,성북로23라길
성북구,성북로23마길
성북구,성북로23마길
성북구,성북로23바길
성북구,성북로23바길
성북구,성북로24가길
성북구,성북로24가길
성북구,성북로24길
성북구,성북로24길
성북구,성북로26가길
성북구,성북로26가길
성북구,성북로26길
성북구,성북로26길
성북구,성북로27길
성북구,성북로27길
성북구,성북로28가길
성북구,성북로28가길
성북구,성북로28길
성북구,성북로28길
성북구,성북로29길
성북구,성북로29길
성북구,성북로2길
성북구,성북로2길
성북구,성북로31가길
성북구,성북로31가길
성북구,성북로31길
성북구,성북로31길
성북구,성북로4길
성북구,성북로4길
성북구,성북로4길
성북구,성북로4길
성북구,성북로5길
성북구,성북로5길
성북구,성북로6가길
성북구,성북로6가길
성북구,성북로6가길
성북구,성북로6길
성북구,성북로6길
성북구,성북로6길
성북구,성북로7길
성북구,성북로7길
성북구,성북로8가길
성북구,성북로8가길
성북구,성북로8길
성북구,성북로8길
성북구,성북로8나길
성북구,성북로8나길
성북구,성북로8다길
성북구,성북로8다길
성북구,성북로8라길
성북구,성북로8라길
성북구,성북로9길
성북구,성북로9길
성북구,성북로9길
성북구,솔샘로11길
성북구,솔샘로11길
성북구,솔샘로12길
성북구,솔샘로12길
성북구,솔샘로14가길
성북구,솔샘로14가길
성북구,솔샘로14길
성북구,솔샘로14길
성북구,솔샘로15가길
성북구,솔샘로15가길
성북구,솔샘로15길
성북구,솔샘로15길
성북구,솔샘로15나길
성북구,솔샘로15나길
성북구,솔샘로15다길
성북구,솔샘로15다길
성북구,솔샘로15라길
성북구,솔샘로15라길
성북구,솔샘로16길
성북구,솔샘로16길
성북구,솔샘로17가길
성북구,솔샘로17가길
성북구,솔샘로17길
성북구,솔샘로17길
성북구,솔샘로18길
성북구,솔샘로18길
성북구,솔샘로1길
성북구,솔샘로1길
성북구,솔샘로20길
성북구,솔샘로20길
성북구,솔샘로24길
성북구,솔샘로24길
성북구,솔샘로25가길
성북구,솔샘로25가길
성북구,솔샘로25길
성북구,솔샘로25길
성북구,솔샘로3길
성북구,솔샘로3길
성북구,솔샘로4길
성북구,솔샘로4길
성북구,솔샘로5가길
성북구,솔샘로5가길
성북구,솔샘로5길
성북구,솔샘로5길
성북구,솔샘로6가길
성북구,솔샘로6가길
성북구,솔샘로6길
성북구,솔샘로6길
성북구,솔샘로6나길
성북구,솔샘로6나길
성북구,솔샘로6다길
성북구,솔샘로6다길
성북구,솔샘로6라길
성북구,솔샘로6라길
성북구,솔샘로6마길
성북구,솔샘로6마길
성북구,솔샘로7길
성북구,솔샘로7길
성북구,솔샘로9길
성북구,솔샘로9길
성북구,숭인로16가길
성북구,숭인로16가길
성북구,숭인로16길
성북구,숭인로16길
성북구,숭인로2길
성북구,숭인로2길
성북구,숭인로8길
성북구,숭인로8길
성북구,아리랑로12길
성북구,아리랑로12길
성북구,아리랑로16길
성북구,아리랑로16길
성북구,아리랑로16길
성북구,아리랑로18길
성북구,아리랑로18길
성북구,아리랑로19가길
성북구,아리랑로19가길
성북구,아리랑로19길
성북구,아리랑로19길
성북구,아리랑로19나길
성북구,아리랑로19나길
성북구,아리랑로19다길
성북구,아리랑로19다길
성북구,아리랑로19다길
성북구,아리랑로2길
성북구,아리랑로2길
성북구,아리랑로3길
성북구,아리랑로3길
성북구,아리랑로4가길
성북구,아리랑로4가길
성북구,아리랑로4길
성북구,아리랑로4길
성북구,아리랑로4길
성북구,아리랑로5길
성북구,아리랑로5길
성북구,아리랑로5길
성북구,아리랑로5길
성북구,아리랑로5다길
성북구,아리랑로5다길
성북구,아리랑로6가길
성북구,아리랑로6가길
성북구,아리랑로6가길
성북구,아리랑로6길
성북구,아리랑로6길
성북구,아리랑로6나길
성북구,아리랑로6나길
성북구,아리랑로6다길
성북구,아리랑로6다길
성북구,아리랑로6다길
성북구,아리랑로7길
성북구,아리랑로7길
성북구,아리랑로7길
성북구,안암로1길
성북구,안암로1길
성북구,안암로1길
성북구,안암로3길
성북구,안암로3길
성북구,안암로3길
성북구,안암로5길
성북구,안암로5길
성북구,안암로5길
성북구,안암로7길
성북구,안암로7길
성북구,안암로7길
성북구,안암로9가길
성북구,안암로9가길
성북구,안암로9가길
성북구,안암로9길
성북구,안암로9길
성북구,안암로9길
성북구,안암로9나길
성북구,안암로9나길
성북구,오패산로10길
성북구,오패산로10길
성북구,오패산로13길
성북구,오패산로13길
성북구,오패산로15길
성북구,오패산로15길
성북구,오패산로16길
성북구,오패산로16길
성북구,오패산로17길
성북구,오패산로17길
성북구,오패산로19길
성북구,오패산로19길
성북구,오패산로1가길
성북구,오패산로1가길
성북구,오패산로1길
성북구,오패산로1길
성북구,오패산로21길
성북구,오패산로21길
성북구,오패산로3가길
성북구,오패산로3가길
성북구,오패산로3길
성북구,오패산로3길
성북구,오패산로4길
성북구,오패산로4길
성북구,오패산로5길
성북구,오패산로5길
성북구,오패산로6길
성북구,오패산로6길
성북구,오패산로8길
성북구,오패산로8길
성북구,월계로10길
성북구,월계로10길
성북구,월계로12길
성북구,월계로12길
성북구,월계로22길
성북구,월계로22길
성북구,월계로32길
성북구,월계로32길
성북구,월계로36길
성북구,월계로36길
성북구,월계로38길
성북구,월계로38길
성북구,월계로40길
성북구,월계로40길
성북구,월계로8길
성북구,월계로8길
성북구,월곡로10길
성북구,월곡로10길
성북구,월곡로11길
성북구,월곡로11길
성북구,월곡로13길
성북구,월곡로13길
성북구,월곡로14길
성북구,월곡로14길
성북구,월곡로16길
성북구,월곡로16길
성북구,월곡로18가길
성북구,월곡로18가길
성북구,월곡로18길
성북구,월곡로18길
성북구,월곡로18나길
성북구,월곡로18나길
성북구,월곡로2길
성북구,월곡로2길
성북구,월곡로4길
성북구,월곡로4길
성북구,월곡로5가길
성북구,월곡로5가길
성북구,월곡로5길
성북구,월곡로5길
성북구,월곡로5나길
성북구,월곡로5나길
성북구,월곡로5나길
성북구,월곡로6길
성북구,월곡로6길
성북구,월곡로7길
성북구,월곡로7길
성북구,월곡로8길
성북구,월곡로8길
성북구,이문로51길
성북구,이문로51길
성북구,이문로54길
성북구,이문로54길
성북구,개운사1길
성북구,개운사1길
성북구,개운사길
성북구,개운사길
성북구,개운사2길
성북구,개운사2길
성북구,장월로10길
성북구,장월로10길
성북구,장월로11길
성북구,장월로11길
성북구,장월로12길
성북구,장월로12길
성북구,장월로14길
성북구,장월로14길
성북구,장월로16길
성북구,장월로16길
성북구,장월로17길
성북구,장월로17길
성북구,장월로18길
성북구,장월로18길
성북구,장월로1가길
성북구,장월로1가길
성북구,장월로1길
성북구,장월로1길
성북구,장월로1길
성북구,장월로1나길
성북구,장월로1나길
성북구,장월로1다길
성북구,장월로1다길
성북구,장월로1라길
성북구,장월로1라길
성북구,장월로1마길
성북구,장월로1마길
성북구,장월로1마길
성북구,장월로20길
성북구,장월로20길
성북구,장월로21길
성북구,장월로21길
성북구,장월로23길
성북구,장월로23길
성북구,장월로24길
성북구,장월로24길
성북구,장월로26길
성북구,장월로26길
성북구,장월로28길
성북구,장월로28길
성북구,장월로29길
성북구,장월로29길
성북구,장월로2길
성북구,장월로2길
성북구,장월로2길
성북구,장월로32길
성북구,장월로32길
성북구,장월로37길
성북구,장월로37길
성북구,장월로38가길
성북구,장월로38가길
성북구,장월로38길
성북구,장월로38길
성북구,장월로3길
성북구,장월로3길
성북구,장월로3길
성북구,장월로41길
성북구,장월로41길
성북구,장월로4길
성북구,장월로4길
성북구,장월로5길
성북구,장월로5길
성북구,장월로6길
성북구,장월로6길
성북구,장월로8가길
성북구,장월로8가길
성북구,장월로8길
성북구,장월로8길
성북구,장월로9가길
성북구,장월로9가길
성북구,장월로9길
성북구,장월로9길
성북구,장월로9나길
성북구,장월로9나길
성북구,장위로10길
성북구,장위로10길
성북구,장위로11가길
성북구,장위로11가길
성북구,장위로11길
성북구,장위로11길
성북구,장위로13길
성북구,장위로13길
성북구,장위로15길
성북구,장위로15길
성북구,장위로16길
성북구,장위로16길
성북구,장위로17길
성북구,장위로17길
성북구,장위로19길
성북구,장위로19길
성북구,장위로20길
성북구,장위로20길
성북구,장위로21가길
성북구,장위로21가길
성북구,장위로21길
성북구,장위로21길
성북구,장위로21나길
성북구,장위로21나길
성북구,장위로21다길
성북구,장위로21다길
성북구,장위로21라길
성북구,장위로21라길
성북구,장위로22길
성북구,장위로22길
성북구,장위로24길
성북구,장위로24길
성북구,장위로26길
성북구,장위로26길
성북구,장위로28길
성북구,장위로28길
성북구,장위로29길
성북구,장위로29길
성북구,장위로30길
성북구,장위로30길
성북구,장위로31길
성북구,장위로31길
성북구,장위로32길
성북구,장위로32길
성북구,장위로33길
성북구,장위로33길
성북구,장위로35길
성북구,장위로35길
성북구,장위로37길
성북구,장위로37길
성북구,장위로38길
성북구,장위로38길
성북구,장위로39길
성북구,장위로39길
성북구,장위로40가길
성북구,장위로40가길
성북구,장위로40길
성북구,장위로40길
성북구,장위로40나길
성북구,장위로40나길
성북구,장위로40다길
성북구,장위로40다길
성북구,장위로40라길
성북구,장위로40라길
성북구,장위로40마길
성북구,장위로40마길
성북구,장위로41길
성북구,장위로41길
성북구,장위로42길
성북구,장위로42길
성북구,장위로43길
성북구,장위로43길
성북구,장위로44길
성북구,장위로44길
성북구,장위로45가길
성북구,장위로45가길
성북구,장위로45길
성북구,장위로45길
성북구,장위로46길
성북구,장위로46길
성북구,장위로48길
성북구,장위로48길
성북구,장위로49길
성북구,장위로49길
성북구,장위로4길
성북구,장위로4길
성북구,장위로4길
성북구,장위로50길
성북구,장위로50길
성북구,장위로51길
성북구,장위로51길
성북구,장위로6길
성북구,장위로6길
성북구,장위로8길
성북구,장위로8길
성북구,정릉로10가길
성북구,정릉로10가길
성북구,정릉로10길
성북구,정릉로10길
성북구,정릉로10나길
성북구,정릉로10나길
성북구,정릉로10다길
성북구,정릉로10다길
성북구,정릉로10라길
성북구,정릉로10라길
성북구,정릉로12길
성북구,정릉로12길
성북구,정릉로15길
성북구,정릉로15길
성북구,정릉로16길
성북구,정릉로16길
성북구,정릉로17길
성북구,정릉로17길
성북구,정릉로19길
성북구,정릉로19길
성북구,정릉로21가길
성북구,정릉로21가길
성북구,정릉로21길
성북구,정릉로21길
성북구,정릉로23길
성북구,정릉로23길
성북구,정릉로24가길
성북구,정릉로24가길
성북구,정릉로24길
성북구,정릉로24길
성북구,정릉로26가길
성북구,정릉로26가길
성북구,정릉로26길
성북구,정릉로26길
성북구,정릉로27가길
성북구,정릉로27가길
성북구,정릉로27길
성북구,정릉로27길
성북구,정릉로27나길
성북구,정릉로27나길
성북구,정릉로27다길
성북구,정릉로27다길
성북구,정릉로29길
성북구,정릉로29길
성북구,정릉로31가길
성북구,정릉로31가길
성북구,정릉로31길
성북구,정릉로31길
성북구,정릉로31나길
성북구,정릉로31나길
성북구,정릉로32가길
성북구,정릉로32가길
성북구,정릉로32길
성북구,정릉로32길
성북구,정릉로34길
성북구,정릉로34길
성북구,정릉로36길
성북구,정릉로36길
성북구,정릉로38가길
성북구,정릉로38가길
성북구,정릉로38길
성북구,정릉로38길
성북구,정릉로38나길
성북구,정릉로38나길
성북구,정릉로38다길
성북구,정릉로38다길
성북구,정릉로38라길
성북구,정릉로38라길
성북구,정릉로38마길
성북구,정릉로38마길
성북구,정릉로38바길
성북구,정릉로38바길
성북구,정릉로40길
성북구,정릉로40길
성북구,정릉로42길
성북구,정릉로42길
성북구,정릉로44길
성북구,정릉로44길
성북구,정릉로46길
성북구,정릉로46길
성북구,정릉로48길
성북구,정릉로48길
성북구,정릉로52길
성북구,정릉로52길
성북구,정릉로52길
성북구,정릉로6가길
성북구,정릉로6가길
성북구,정릉로6길
성북구,정릉로6길
성북구,정릉로8가길
성북구,정릉로8가길
성북구,정릉로8길
성북구,정릉로8길
성북구,정릉로8나길
성북구,정릉로8나길
성북구,정릉로8다길
성북구,정릉로8다길
성북구,정릉로9가길
성북구,정릉로9가길
성북구,정릉로9길
성북구,정릉로9길
성북구,정릉로9나길
성북구,정릉로9나길
성북구,정릉로9다길
성북구,정릉로9다길
성북구,정릉로9라길
성북구,정릉로9라길
성북구,종암로10길
성북구,종암로10길
성북구,종암로11길
성북구,종암로11길
성북구,종암로13가길
성북구,종암로13가길
성북구,종암로13길
성북구,종암로13길
성북구,종암로14길
성북구,종암로14길
성북구,종암로15길
성북구,종암로15길
성북구,종암로16길
성북구,종암로16길
성북구,종암로18길
성북구,종암로18길
성북구,종암로19가길
성북구,종암로19가길
성북구,종암로19길
성북구,종암로19길
성북구,종암로19나길
성북구,종암로19나길
성북구,종암로19다길
성북구,종암로19다길
성북구,종암로19라길
성북구,종암로19라길
성북구,종암로21가길
성북구,종암로21가길
성북구,종암로21길
성북구,종암로21길
성북구,종암로22길
성북구,종암로22길
성북구,종암로23길
성북구,종암로23길
성북구,종암로24가길
성북구,종암로24가길
성북구,종암로24길
성북구,종암로24길
성북구,종암로25길
성북구,종암로25길
성북구,종암로27길
성북구,종암로27길
성북구,종암로28길
성북구,종암로28길
성북구,종암로30길
성북구,종암로30길
성북구,종암로32길
성북구,종암로32길
성북구,종암로34길
성북구,종암로34길
성북구,종암로36가길
성북구,종암로36가길
성북구,종암로36길
성북구,종암로36길
성북구,종암로36나길
성북구,종암로36나길
성북구,종암로38길
성북구,종암로38길
성북구,종암로3길
성북구,종암로3길
성북구,종암로40길
성북구,종암로40길
성북구,종암로5길
성북구,종암로5길
성북구,종암로6길
성북구,종암로6길
성북구,종암로8길
성북구,종암로8길
성북구,종암로9가길
성북구,종암로9가길
성북구,종암로9길
성북구,종암로9길
성북구,종암로9나길
성북구,종암로9나길
성북구,종암로9다길
성북구,종암로9다길
성북구,지봉로20길
성북구,지봉로20길
성북구,지봉로20길
성북구,지봉로20길
성북구,지봉로20길
성북구,지봉로21길
성북구,지봉로21길
성북구,지봉로21길
성북구,지봉로23길
성북구,지봉로23길
성북구,지봉로24길
성북구,지봉로24길
성북구,지봉로24길
성북구,창경궁로35길
성북구,창경궁로35길
성북구,창경궁로35다길
성북구,창경궁로35다길
성북구,창경궁로35다길
성북구,창경궁로43길
성북구,창경궁로43길
성북구,한천로101가길
성북구,한천로101가길
성북구,한천로101길
성북구,한천로101길
성북구,한천로58길
성북구,한천로58길
성북구,한천로66길
성북구,한천로66길
성북구,한천로67길
성북구,한천로67길
성북구,한천로68길
성북구,한천로68길
성북구,한천로69길
성북구,한천로69길
성북구,한천로70길
성북구,한천로70길
성북구,한천로71길
성북구,한천로71길
성북구,한천로72길
성북구,한천로72길
성북구,한천로73길
성북구,한천로73길
성북구,한천로74길
성북구,한천로74길
성북구,한천로76가길
성북구,한천로76가길
성북구,한천로76길
성북구,한천로76길
성북구,한천로76나길
성북구,한천로76나길
성북구,한천로76다길
성북구,한천로76다길
성북구,한천로78길
성북구,한천로78길
성북구,한천로79길
성북구,한천로79길
성북구,한천로80길
성북구,한천로80길
성북구,한천로81길
성북구,한천로81길
성북구,한천로82길
성북구,한천로82길
성북구,한천로83가길
성북구,한천로83가길
성북구,한천로83길
성북구,한천로83길
성북구,한천로84가길
성북구,한천로84가길
성북구,한천로84길
성북구,한천로84길
성북구,한천로86가길
성북구,한천로86가길
성북구,한천로86길
성북구,한천로86길
성북구,한천로88길
성북구,한천로88길
성북구,한천로89가길
성북구,한천로89가길
성북구,한천로89길
성북구,한천로89길
성북구,한천로90길
성북구,한천로90길
성북구,한천로92길
성북구,한천로92길
성북구,한천로94길
성북구,한천로94길
성북구,한천로96길
성북구,한천로96길
성북구,한천로99가길
성북구,한천로99가길
성북구,한천로99길
성북구,한천로99길
성북구,한천로99라길
성북구,한천로99라길
성북구,한천로99마길
성북구,한천로99마길
성북구,화랑로11길
성북구,화랑로11길
성북구,화랑로13가길
성북구,화랑로13가길
성북구,화랑로13길
성북구,화랑로13길
성북구,화랑로13길
성북구,화랑로14길
성북구,화랑로14길
성북구,화랑로15가길
성북구,화랑로15가길
성북구,화랑로15길
성북구,화랑로15길
성북구,화랑로15길
성북구,화랑로17길
성북구,화랑로17길
성북구,화랑로18가길
성북구,화랑로18가길
성북구,화랑로18길
성북구,화랑로18길
성북구,화랑로18길
성북구,화랑로18나길
성북구,화랑로18나길
성북구,화랑로18다길
성북구,화랑로18다길
성북구,화랑로18다길
성북구,화랑로18라길
성북구,화랑로18라길
성북구,화랑로18라길
성북구,화랑로18마길
성북구,화랑로18마길
성북구,화랑로18바길
성북구,화랑로18바길
성북구,화랑로18바길
성북구,화랑로18아길
성북구,화랑로18아길
성북구,화랑로18자길
성북구,화랑로18자길
성북구,화랑로19가길
성북구,화랑로19가길
성북구,화랑로19길
성북구,화랑로19길
성북구,화랑로19길
성북구,화랑로1길
성북구,화랑로1길
성북구,화랑로21가길
성북구,화랑로21가길
성북구,화랑로21길
성북구,화랑로21길
성북구,화랑로21길
성북구,화랑로22가길
성북구,화랑로22가길
성북구,화랑로22길
성북구,화랑로22길
성북구,화랑로22나길
성북구,화랑로22나길
성북구,화랑로22다길
성북구,화랑로22다길
성북구,화랑로23길
성북구,화랑로23길
성북구,화랑로24길
성북구,화랑로24길
성북구,화랑로25길
성북구,화랑로25길
성북구,화랑로25길
성북구,화랑로27길
성북구,화랑로27길
성북구,화랑로30길
성북구,화랑로30길
성북구,화랑로32가길
성북구,화랑로32가길
성북구,화랑로32길
성북구,화랑로32길
성북구,화랑로32나길
성북구,화랑로32나길
성북구,화랑로32다길
성북구,화랑로32다길
성북구,화랑로32라길
성북구,화랑로32라길
성북구,화랑로33가길
성북구,화랑로33가길
성북구,화랑로33길
성북구,화랑로33길
성북구,화랑로35길
성북구,화랑로35길
성북구,화랑로37가길
성북구,화랑로37가길
성북구,화랑로37길
성북구,화랑로37길
성북구,화랑로38길
성북구,화랑로38길
성북구,화랑로39길
성북구,화랑로39길
성북구,화랑로40길
성북구,화랑로40길
성북구,화랑로41길
성북구,화랑로41길
성북구,화랑로42길
성북구,화랑로42길
성북구,화랑로43길
성북구,화랑로43길
성북구,화랑로48길
성북구,화랑로48길
성북구,화랑로5가길
성북구,화랑로5가길
성북구,화랑로5길
성북구,화랑로5길
성북구,화랑로7길
성북구,화랑로7길
성북구,화랑로9길
성북구,화랑로9길
성북구,회기로5길
성북구,회기로5길
성북구,삼양로10길
성북구,회기로3가길
성북구,회기로3가길
성북구,회기로3길
성북구,회기로3길
성북구,보문사길
성북구,보문사길
성북구,보문사길
성북구,흥천사길
성북구,흥천사길
성북구,오패산로16가길
성북구,오패산로16가길
성북구,고려대로1길
성북구,고려대로1길
성북구,고려대로1길
성북구,고려대로2길
성북구,고려대로2길
성북구,고려대로2길
성북구,고려대로5길
성북구,고려대로5길
성북구,고려대로5길
성북구,고려대로6길
성북구,고려대로6길
성북구,고려대로6길
성북구,고려대로7가길
성북구,고려대로7가길
성북구,고려대로7나길
성북구,고려대로7나길
성북구,고려대로7다길
성북구,고려대로7다길
성북구,고려대로7라길
성북구,고려대로7라길
성북구,고려대로7마길
성북구,고려대로7마길
성북구,고려대로10길
성북구,고려대로10길
성북구,고려대로10길
성북구,고려대로12길
성북구,고려대로12길
성북구,고려대로12길
성북구,고려대로14길
성북구,고려대로14길
성북구,고려대로14길
성북구,고려대로13길
성북구,고려대로13길
성북구,고려대로13길
성북구,고려대로16길
성북구,고려대로16길
성북구,고려대로17길
성북구,고려대로17길
성북구,고려대로17가길
성북구,고려대로17가길
성북구,고려대로17가길
성북구,고려대로22길
성북구,고려대로22길
성북구,고려대로24길
성북구,고려대로24길
성북구,고려대로24가길
성북구,고려대로24가길
성북구,고려대로26길
성북구,고려대로26길
성북구,고려대로27길
성북구,고려대로27길
성북구,고려대로28길
성북구,고려대로28길
성북구,고려대로30길
성북구,고려대로30길
성북구,고려대로11길
성북구,고려대로11길
성북구,고려대로11길
성북구,고려대로7길
성북구,고려대로7길
성북구,고려대로7길
성북구,고려대로7길
성북구,고려대로8길
성북구,고려대로8길
성북구,고려대로8길
성북구,성북천자전거길
성북구,정릉천자전거길
성북구,중랑천서자전거길
성북구,우이천서자전거길