﻿송파구,수도권제1순환고속도로
송파구,성남대로
송파구,성남대로
송파구,양재대로
송파구,양재대로
송파구,양재대로
송파구,양재대로
송파구,천호대로
송파구,천호대로
송파구,위례대로
송파구,위례대로
송파구,송파대로
송파구,송파대로
송파구,송파대로
송파구,송파대로
송파구,송파대로
송파구,송파대로
송파구,송파대로
송파구,송파대로
송파구,올림픽대로
송파구,강동대로
송파구,강동대로
송파구,강동대로
송파구,위례성대로
송파구,위례성대로
송파구,위례성대로
송파구,헌릉로
송파구,헌릉로
송파구,동남로
송파구,동남로
송파구,동남로
송파구,동남로
송파구,동남로
송파구,위례중앙로
송파구,위례중앙로
송파구,위례서로
송파구,위례서로
송파구,위례서로
송파구,위례광장로
송파구,위례광장로
송파구,위례광장로
송파구,위례순환로
송파구,위례순환로
송파구,도곡로
송파구,도곡로
송파구,가락로
송파구,가락로
송파구,가락로
송파구,가락로
송파구,감이남로
송파구,감이남로
송파구,거마로
송파구,거마로
송파구,거마로
송파구,마천로
송파구,마천로
송파구,마천로
송파구,마천로
송파구,마천로
송파구,문정로
송파구,문정로
송파구,문정로
송파구,문정로
송파구,문정로
송파구,문정로
송파구,백제고분로
송파구,백제고분로
송파구,백제고분로
송파구,백제고분로
송파구,백제고분로
송파구,백제고분로
송파구,삼전로
송파구,삼전로
송파구,삼전로
송파구,삼학사로
송파구,삼학사로
송파구,삼학사로
송파구,삼학사로
송파구,석촌호수로
송파구,석촌호수로
송파구,석촌호수로
송파구,석촌호수로
송파구,석촌호수로
송파구,성내천로
송파구,성내천로
송파구,성내천로
송파구,성내천로
송파구,송이로
송파구,송이로
송파구,송이로
송파구,송이로
송파구,오금로
송파구,오금로
송파구,오금로
송파구,오금로
송파구,오금로
송파구,오금로
송파구,오금로
송파구,잠실로
송파구,잠실로
송파구,잠실로
송파구,중대로
송파구,중대로
송파구,중대로
송파구,중대로
송파구,충민로
송파구,충민로
송파구,충민로
송파구,토성로
송파구,토성로
송파구,한가람로
송파구,한가람로
송파구,한가람로
송파구,새말로
송파구,새말로
송파구,양산로
송파구,양산로
송파구,올림픽로
송파구,올림픽로
송파구,올림픽로
송파구,올림픽로
송파구,올림픽로
송파구,풍성로
송파구,풍성로
송파구,탄천동로
송파구,탄천동로
송파구,탄천동로
송파구,탄천동로
송파구,분당수서로
송파구,감일남로
송파구,위례창곡천로
송파구,정의로
송파구,정의로
송파구,법원로
송파구,법원로
송파구,위례송파로
송파구,위례송파로
송파구,위례북로
송파구,위례북로
송파구,위례서이로
송파구,위례서이로
송파구,가락로11길
송파구,가락로11길
송파구,가락로12길
송파구,가락로12길
송파구,가락로13길
송파구,가락로13길
송파구,가락로15길
송파구,가락로15길
송파구,가락로16길
송파구,가락로16길
송파구,가락로17길
송파구,가락로17길
송파구,가락로18길
송파구,가락로18길
송파구,가락로19길
송파구,가락로19길
송파구,가락로21길
송파구,가락로21길
송파구,가락로23길
송파구,가락로23길
송파구,가락로28길
송파구,가락로28길
송파구,가락로2길
송파구,가락로2길
송파구,가락로30길
송파구,가락로30길
송파구,가락로31길
송파구,가락로31길
송파구,가락로33길
송파구,가락로33길
송파구,가락로34길
송파구,가락로34길
송파구,가락로36길
송파구,가락로36길
송파구,가락로37길
송파구,가락로37길
송파구,가락로38길
송파구,가락로38길
송파구,가락로39길
송파구,가락로39길
송파구,가락로3길
송파구,가락로3길
송파구,가락로40길
송파구,가락로40길
송파구,가락로42길
송파구,가락로42길
송파구,가락로5길
송파구,가락로5길
송파구,가락로6길
송파구,가락로6길
송파구,가락로7길
송파구,가락로7길
송파구,가락로9길
송파구,가락로9길
송파구,강동대로2길
송파구,강동대로2길
송파구,강동대로3길
송파구,강동대로3길
송파구,강동대로5길
송파구,강동대로5길
송파구,강동대로7길
송파구,강동대로7길
송파구,강동대로9길
송파구,강동대로9길
송파구,거마로10길
송파구,거마로10길
송파구,거마로13길
송파구,거마로13길
송파구,거마로15길
송파구,거마로15길
송파구,거마로17길
송파구,거마로17길
송파구,거마로20길
송파구,거마로20길
송파구,거마로22길
송파구,거마로22길
송파구,거마로24길
송파구,거마로24길
송파구,거마로27길
송파구,거마로27길
송파구,거마로2길
송파구,거마로2길
송파구,거마로3길
송파구,거마로3길
송파구,거마로5길
송파구,거마로5길
송파구,거마로7길
송파구,거마로7길
송파구,거마로8길
송파구,거마로8길
송파구,거마로9길
송파구,거마로9길
송파구,도곡로62길
송파구,도곡로62길
송파구,도곡로64길
송파구,도곡로64길
송파구,동남로11길
송파구,동남로11길
송파구,동남로13길
송파구,동남로13길
송파구,동남로14길
송파구,동남로14길
송파구,동남로16길
송파구,동남로16길
송파구,동남로17길
송파구,동남로17길
송파구,동남로18길
송파구,동남로18길
송파구,동남로20길
송파구,동남로20길
송파구,동남로24길
송파구,동남로24길
송파구,동남로26길
송파구,동남로26길
송파구,동남로28길
송파구,동남로28길
송파구,동남로29길
송파구,동남로29길
송파구,동남로2길
송파구,동남로2길
송파구,동남로30길
송파구,동남로30길
송파구,동남로3길
송파구,동남로3길
송파구,동남로4길
송파구,동남로4길
송파구,동남로6가길
송파구,동남로6가길
송파구,동남로6길
송파구,동남로6길
송파구,동남로6나길
송파구,동남로6나길
송파구,동남로8길
송파구,동남로8길
송파구,동남로9길
송파구,동남로9길
송파구,마천로10길
송파구,마천로10길
송파구,마천로11길
송파구,마천로11길
송파구,마천로13길
송파구,마천로13길
송파구,마천로15길
송파구,마천로15길
송파구,마천로17길
송파구,마천로17길
송파구,마천로1길
송파구,마천로1길
송파구,마천로21길
송파구,마천로21길
송파구,마천로23길
송파구,마천로23길
송파구,마천로25길
송파구,마천로25길
송파구,마천로26길
송파구,마천로26길
송파구,마천로27길
송파구,마천로27길
송파구,마천로28길
송파구,마천로28길
송파구,마천로30길
송파구,마천로30길
송파구,마천로31길
송파구,마천로31길
송파구,마천로33길
송파구,마천로33길
송파구,마천로35길
송파구,마천로35길
송파구,마천로37길
송파구,마천로37길
송파구,마천로39길
송파구,마천로39길
송파구,마천로41길
송파구,마천로41길
송파구,마천로43길
송파구,마천로43길
송파구,마천로45길
송파구,마천로45길
송파구,오금로31가길
송파구,오금로31가길
송파구,마천로51가길
송파구,마천로51가길
송파구,마천로51길
송파구,마천로51길
송파구,마천로52길
송파구,마천로52길
송파구,마천로57길
송파구,마천로57길
송파구,마천로59길
송파구,마천로59길
송파구,마천로5길
송파구,마천로5길
송파구,마천로61가길
송파구,마천로61가길
송파구,마천로61길
송파구,마천로61길
송파구,마천로61나길
송파구,마천로61나길
송파구,마천로61다길
송파구,마천로61다길
송파구,마천로61라길
송파구,마천로61라길
송파구,마천로61마길
송파구,마천로61마길
송파구,마천로61바길
송파구,마천로61바길
송파구,마천로63길
송파구,마천로63길
송파구,마천로65길
송파구,마천로65길
송파구,마천로7가길
송파구,마천로7가길
송파구,마천로7길
송파구,마천로7길
송파구,마천로8길
송파구,마천로8길
송파구,문정로11길
송파구,문정로11길
송파구,문정로13길
송파구,문정로13길
송파구,문정로17길
송파구,문정로17길
송파구,문정로19길
송파구,문정로19길
송파구,문정로1길
송파구,문정로1길
송파구,문정로23길
송파구,문정로23길
송파구,문정로25길
송파구,문정로25길
송파구,문정로4길
송파구,문정로4길
송파구,문정로5길
송파구,문정로5길
송파구,바람드리10길
송파구,바람드리10길
송파구,바람드리12길
송파구,바람드리12길
송파구,바람드리13길
송파구,바람드리13길
송파구,바람드리14길
송파구,바람드리14길
송파구,바람드리15길
송파구,바람드리15길
송파구,바람드리16길
송파구,바람드리16길
송파구,바람드리17길
송파구,바람드리17길
송파구,바람드리18길
송파구,바람드리18길
송파구,바람드리1길
송파구,바람드리1길
송파구,바람드리20길
송파구,바람드리20길
송파구,바람드리22길
송파구,바람드리22길
송파구,바람드리23길
송파구,바람드리23길
송파구,바람드리24길
송파구,바람드리24길
송파구,바람드리25길
송파구,바람드리25길
송파구,바람드리26길
송파구,바람드리26길
송파구,바람드리28길
송파구,바람드리28길
송파구,바람드리2길
송파구,바람드리2길
송파구,바람드리4길
송파구,바람드리4길
송파구,바람드리5길
송파구,바람드리5길
송파구,바람드리6길
송파구,바람드리6길
송파구,바람드리8길
송파구,바람드리8길
송파구,바람드리9길
송파구,바람드리9길
송파구,바람드리길
송파구,바람드리길
송파구,백제고분로11길
송파구,백제고분로11길
송파구,백제고분로12길
송파구,백제고분로12길
송파구,백제고분로13길
송파구,백제고분로13길
송파구,백제고분로14길
송파구,백제고분로14길
송파구,백제고분로15길
송파구,백제고분로15길
송파구,백제고분로17길
송파구,백제고분로17길
송파구,백제고분로18길
송파구,백제고분로18길
송파구,백제고분로19길
송파구,백제고분로19길
송파구,백제고분로20길
송파구,백제고분로20길
송파구,백제고분로21길
송파구,백제고분로21길
송파구,백제고분로22길
송파구,백제고분로22길
송파구,백제고분로23길
송파구,백제고분로23길
송파구,백제고분로24길
송파구,백제고분로24길
송파구,백제고분로25길
송파구,백제고분로25길
송파구,백제고분로27길
송파구,백제고분로27길
송파구,백제고분로28길
송파구,백제고분로28길
송파구,백제고분로29길
송파구,백제고분로29길
송파구,백제고분로31길
송파구,백제고분로31길
송파구,백제고분로32길
송파구,백제고분로32길
송파구,백제고분로33길
송파구,백제고분로33길
송파구,백제고분로34길
송파구,백제고분로34길
송파구,백제고분로36가길
송파구,백제고분로36가길
송파구,백제고분로36길
송파구,백제고분로36길
송파구,백제고분로36나길
송파구,백제고분로36나길
송파구,백제고분로37가길
송파구,백제고분로37가길
송파구,백제고분로37길
송파구,백제고분로37길
송파구,백제고분로37나길
송파구,백제고분로37나길
송파구,백제고분로39길
송파구,백제고분로39길
송파구,백제고분로40길
송파구,백제고분로40길
송파구,백제고분로41길
송파구,백제고분로41길
송파구,백제고분로42길
송파구,백제고분로42길
송파구,백제고분로43길
송파구,백제고분로43길
송파구,백제고분로44길
송파구,백제고분로44길
송파구,백제고분로45길
송파구,백제고분로45길
송파구,백제고분로46길
송파구,백제고분로46길
송파구,백제고분로48가길
송파구,백제고분로48가길
송파구,백제고분로48길
송파구,백제고분로48길
송파구,백제고분로48나길
송파구,백제고분로48나길
송파구,백제고분로50길
송파구,백제고분로50길
송파구,백제고분로51길
송파구,백제고분로51길
송파구,백제고분로7길
송파구,백제고분로7길
송파구,백제고분로9길
송파구,백제고분로9길
송파구,삼전로10길
송파구,삼전로10길
송파구,삼전로12길
송파구,삼전로12길
송파구,삼전로13길
송파구,삼전로13길
송파구,삼전로1길
송파구,삼전로1길
송파구,삼전로2길
송파구,삼전로2길
송파구,삼전로3길
송파구,삼전로3길
송파구,삼전로4길
송파구,삼전로4길
송파구,삼전로6길
송파구,삼전로6길
송파구,삼전로7길
송파구,삼전로7길
송파구,삼전로8길
송파구,삼전로8길
송파구,삼전로9길
송파구,삼전로9길
송파구,삼학사로10길
송파구,삼학사로10길
송파구,삼학사로11길
송파구,삼학사로11길
송파구,삼학사로12길
송파구,삼학사로12길
송파구,삼학사로13길
송파구,삼학사로13길
송파구,삼학사로14길
송파구,삼학사로14길
송파구,삼학사로16길
송파구,삼학사로16길
송파구,삼학사로18길
송파구,삼학사로18길
송파구,삼학사로19길
송파구,삼학사로19길
송파구,삼학사로1길
송파구,삼학사로1길
송파구,삼학사로2길
송파구,삼학사로2길
송파구,삼학사로2길
송파구,삼학사로3길
송파구,삼학사로3길
송파구,삼학사로4길
송파구,삼학사로4길
송파구,삼학사로6길
송파구,삼학사로6길
송파구,삼학사로8길
송파구,삼학사로8길
송파구,삼학사로9길
송파구,삼학사로9길
송파구,새말로10길
송파구,새말로10길
송파구,새말로11길
송파구,새말로11길
송파구,새말로12길
송파구,새말로12길
송파구,새말로12길
송파구,새말로13길
송파구,새말로13길
송파구,새말로15길
송파구,새말로15길
송파구,새말로17길
송파구,새말로17길
송파구,새말로19길
송파구,새말로19길
송파구,새말로5길
송파구,새말로5길
송파구,새말로6길
송파구,새말로6길
송파구,새말로8길
송파구,새말로8길
송파구,석촌호수로12길
송파구,석촌호수로12길
송파구,석촌호수로18길
송파구,석촌호수로18길
송파구,석촌호수로20길
송파구,석촌호수로20길
송파구,성내천로10길
송파구,성내천로10길
송파구,성내천로12길
송파구,성내천로12길
송파구,성내천로14길
송파구,성내천로14길
송파구,성내천로16길
송파구,성내천로16길
송파구,성내천로18길
송파구,성내천로18길
송파구,성내천로20길
송파구,성내천로20길
송파구,성내천로21길
송파구,성내천로21길
송파구,성내천로22길
송파구,성내천로22길
송파구,성내천로23가길
송파구,성내천로23가길
송파구,성내천로23길
송파구,성내천로23길
송파구,성내천로24길
송파구,성내천로24길
송파구,성내천로25길
송파구,성내천로25길
송파구,성내천로27길
송파구,성내천로27길
송파구,성내천로29가길
송파구,성내천로29가길
송파구,성내천로29길
송파구,성내천로29길
송파구,성내천로29나길
송파구,성내천로29나길
송파구,성내천로29다길
송파구,성내천로29다길
송파구,성내천로30길
송파구,성내천로30길
송파구,성내천로32가길
송파구,성내천로32가길
송파구,성내천로32길
송파구,성내천로32길
송파구,성내천로32나길
송파구,성내천로32나길
송파구,성내천로33가길
송파구,성내천로33가길
송파구,성내천로33길
송파구,성내천로33길
송파구,성내천로33나길
송파구,성내천로33나길
송파구,성내천로33다길
송파구,성내천로33다길
송파구,성내천로34가길
송파구,성내천로34가길
송파구,성내천로34길
송파구,성내천로34길
송파구,성내천로38길
송파구,성내천로38길
송파구,성내천로39길
송파구,성내천로39길
송파구,성내천로41길
송파구,성내천로41길
송파구,성내천로42길
송파구,성내천로42길
송파구,성내천로43가길
송파구,성내천로43가길
송파구,성내천로43길
송파구,성내천로43길
송파구,성내천로43나길
송파구,성내천로43나길
송파구,성내천로43다길
송파구,성내천로43다길
송파구,성내천로43라길
송파구,성내천로43라길
송파구,성내천로43마길
송파구,성내천로43마길
송파구,성내천로43바길
송파구,성내천로43바길
송파구,성내천로44길
송파구,성내천로44길
송파구,성내천로46길
송파구,성내천로46길
송파구,성내천로47길
송파구,성내천로47길
송파구,성내천로49길
송파구,성내천로49길
송파구,성내천로51길
송파구,성내천로51길
송파구,성내천로53길
송파구,성내천로53길
송파구,성내천로55길
송파구,성내천로55길
송파구,성내천로57길
송파구,성내천로57길
송파구,성내천로59길
송파구,성내천로59길
송파구,성내천로63길
송파구,성내천로63길
송파구,성내천로63길
송파구,성내천로6길
송파구,성내천로6길
송파구,성내천로8길
송파구,성내천로8길
송파구,송이로10길
송파구,송이로10길
송파구,송이로12길
송파구,송이로12길
송파구,송이로14길
송파구,송이로14길
송파구,송이로15길
송파구,송이로15길
송파구,송이로17길
송파구,송이로17길
송파구,송이로19길
송파구,송이로19길
송파구,송이로20길
송파구,송이로20길
송파구,송이로21길
송파구,송이로21길
송파구,송이로23길
송파구,송이로23길
송파구,송이로24길
송파구,송이로24길
송파구,송이로26길
송파구,송이로26길
송파구,송이로27길
송파구,송이로27길
송파구,송이로28길
송파구,송이로28길
송파구,송이로2길
송파구,송이로2길
송파구,송이로30길
송파구,송이로30길
송파구,송이로31길
송파구,송이로31길
송파구,송이로32길
송파구,송이로32길
송파구,송이로33길
송파구,송이로33길
송파구,송이로34길
송파구,송이로34길
송파구,송이로36길
송파구,송이로36길
송파구,송이로37가길
송파구,송이로37가길
송파구,송이로37길
송파구,송이로37길
송파구,송이로38길
송파구,송이로38길
송파구,송이로4길
송파구,송이로4길
송파구,송이로6길
송파구,송이로6길
송파구,송이로8길
송파구,송이로8길
송파구,송파대로14길
송파구,송파대로14길
송파구,송파대로16길
송파구,송파대로16길
송파구,송파대로18길
송파구,송파대로18길
송파구,송파대로20길
송파구,송파대로20길
송파구,송파대로22길
송파구,송파대로22길
송파구,송파대로24길
송파구,송파대로24길
송파구,송파대로26길
송파구,송파대로26길
송파구,송파대로27길
송파구,송파대로27길
송파구,송파대로28길
송파구,송파대로28길
송파구,송파대로30길
송파구,송파대로30길
송파구,송파대로32길
송파구,송파대로32길
송파구,송파대로34가길
송파구,송파대로34가길
송파구,송파대로34길
송파구,송파대로34길
송파구,송파대로36가길
송파구,송파대로36가길
송파구,송파대로36길
송파구,송파대로36길
송파구,송파대로37길
송파구,송파대로37길
송파구,송파대로37길
송파구,송파대로38길
송파구,송파대로38길
송파구,송파대로39길
송파구,송파대로39길
송파구,송파대로40길
송파구,송파대로40길
송파구,송파대로42길
송파구,송파대로42길
송파구,송파대로43길
송파구,송파대로43길
송파구,송파대로44길
송파구,송파대로44길
송파구,송파대로45길
송파구,송파대로45길
송파구,송파대로46길
송파구,송파대로46길
송파구,송파대로47길
송파구,송파대로47길
송파구,송파대로48길
송파구,송파대로48길
송파구,송파대로49길
송파구,송파대로49길
송파구,송파대로8길
송파구,송파대로8길
송파구,양산로10길
송파구,양산로10길
송파구,양산로2길
송파구,양산로2길
송파구,양산로4길
송파구,양산로4길
송파구,양산로7길
송파구,양산로7길
송파구,양산로8길
송파구,양산로8길
송파구,양재대로60길
송파구,양재대로60길
송파구,양재대로62길
송파구,양재대로62길
송파구,양재대로64길
송파구,양재대로64길
송파구,양재대로66길
송파구,양재대로66길
송파구,양재대로68길
송파구,양재대로68길
송파구,양재대로71길
송파구,양재대로71길
송파구,양재대로72길
송파구,양재대로72길
송파구,오금로11길
송파구,오금로11길
송파구,오금로13길
송파구,오금로13길
송파구,오금로15길
송파구,오금로15길
송파구,오금로16길
송파구,오금로16길
송파구,오금로17길
송파구,오금로17길
송파구,오금로18길
송파구,오금로18길
송파구,오금로19길
송파구,오금로19길
송파구,오금로20길
송파구,오금로20길
송파구,오금로21길
송파구,오금로21길
송파구,오금로22길
송파구,오금로22길
송파구,오금로23길
송파구,오금로23길
송파구,오금로24길
송파구,오금로24길
송파구,오금로25길
송파구,오금로25길
송파구,오금로27길
송파구,오금로27길
송파구,오금로29길
송파구,오금로29길
송파구,오금로31길
송파구,오금로31길
송파구,오금로32길
송파구,오금로32길
송파구,오금로34길
송파구,오금로34길
송파구,오금로35길
송파구,오금로35길
송파구,오금로36길
송파구,오금로36길
송파구,오금로38가길
송파구,오금로38가길
송파구,오금로38길
송파구,오금로38길
송파구,오금로40길
송파구,오금로40길
송파구,오금로42길
송파구,오금로42길
송파구,오금로44가길
송파구,오금로44가길
송파구,오금로44길
송파구,오금로44길
송파구,오금로44나길
송파구,오금로44나길
송파구,오금로46길
송파구,오금로46길
송파구,오금로48길
송파구,오금로48길
송파구,오금로49길
송파구,오금로49길
송파구,오금로50길
송파구,오금로50길
송파구,오금로51길
송파구,오금로51길
송파구,오금로51길
송파구,오금로53길
송파구,오금로53길
송파구,오금로54길
송파구,오금로54길
송파구,오금로56길
송파구,오금로56길
송파구,오금로57길
송파구,오금로57길
송파구,오금로59길
송파구,오금로59길
송파구,오금로61길
송파구,오금로61길
송파구,오금로62길
송파구,오금로62길
송파구,오금로64가길
송파구,오금로64가길
송파구,오금로64길
송파구,오금로64길
송파구,오금로64나길
송파구,오금로64나길
송파구,오금로64다길
송파구,오금로64다길
송파구,오금로64라길
송파구,오금로64라길
송파구,오금로64마길
송파구,오금로64마길
송파구,오금로66길
송파구,오금로66길
송파구,오금로68길
송파구,오금로68길
송파구,올림픽로10길
송파구,올림픽로10길
송파구,올림픽로12길
송파구,올림픽로12길
송파구,올림픽로30길
송파구,올림픽로30길
송파구,올림픽로32길
송파구,올림픽로32길
송파구,올림픽로33길
송파구,올림픽로33길
송파구,올림픽로34길
송파구,올림픽로34길
송파구,올림픽로43길
송파구,올림픽로43길
송파구,올림픽로45길
송파구,올림픽로45길
송파구,올림픽로47길
송파구,올림픽로47길
송파구,올림픽로49길
송파구,올림픽로49길
송파구,올림픽로4길
송파구,올림픽로4길
송파구,올림픽로51길
송파구,올림픽로51길
송파구,올림픽로53길
송파구,올림픽로53길
송파구,올림픽로55길
송파구,올림픽로55길
송파구,올림픽로57길
송파구,올림픽로57길
송파구,올림픽로59길
송파구,올림픽로59길
송파구,올림픽로8길
송파구,올림픽로8길
송파구,위례성대로10길
송파구,위례성대로10길
송파구,위례성대로12길
송파구,위례성대로12길
송파구,위례성대로14길
송파구,위례성대로14길
송파구,위례성대로16길
송파구,위례성대로16길
송파구,위례성대로18길
송파구,위례성대로18길
송파구,위례성대로20길
송파구,위례성대로20길
송파구,위례성대로22가길
송파구,위례성대로22가길
송파구,위례성대로22길
송파구,위례성대로22길
송파구,위례성대로22나길
송파구,위례성대로22나길
송파구,위례성대로2길
송파구,위례성대로2길
송파구,위례성대로4길
송파구,위례성대로4길
송파구,위례성대로6길
송파구,위례성대로6길
송파구,위례성대로8길
송파구,위례성대로8길
송파구,중대로10길
송파구,중대로10길
송파구,중대로12길
송파구,중대로12길
송파구,중대로14길
송파구,중대로14길
송파구,중대로16길
송파구,중대로16길
송파구,중대로18길
송파구,중대로18길
송파구,중대로20길
송파구,중대로20길
송파구,중대로22길
송파구,중대로22길
송파구,중대로23길
송파구,중대로23길
송파구,중대로25길
송파구,중대로25길
송파구,중대로27길
송파구,중대로27길
송파구,중대로29길
송파구,중대로29길
송파구,중대로31가길
송파구,중대로31가길
송파구,중대로31길
송파구,중대로31길
송파구,중대로33길
송파구,중대로33길
송파구,중대로34길
송파구,중대로34길
송파구,중대로35길
송파구,중대로35길
송파구,중대로36길
송파구,중대로36길
송파구,중대로38길
송파구,중대로38길
송파구,중대로40길
송파구,중대로40길
송파구,중대로4길
송파구,중대로4길
송파구,중대로8길
송파구,중대로8길
송파구,중대로9길
송파구,중대로9길
송파구,천호대로152길
송파구,천호대로152길
송파구,충민로2길
송파구,충민로2길
송파구,충민로4길
송파구,충민로4길
송파구,충민로6길
송파구,충민로6길
송파구,토성로15길
송파구,토성로15길
송파구,토성로17길
송파구,토성로17길
송파구,토성로19길
송파구,토성로19길
송파구,토성로3길
송파구,토성로3길
송파구,토성로4길
송파구,토성로4길
송파구,토성로5길
송파구,토성로5길
송파구,토성로6길
송파구,토성로6길
송파구,토성로7길
송파구,토성로7길
송파구,풍성로10길
송파구,풍성로10길
송파구,풍성로12길
송파구,풍성로12길
송파구,풍성로14길
송파구,풍성로14길
송파구,풍성로15길
송파구,풍성로15길
송파구,풍성로16길
송파구,풍성로16길
송파구,풍성로18길
송파구,풍성로18길
송파구,풍성로20길
송파구,풍성로20길
송파구,풍성로21길
송파구,풍성로21길
송파구,풍성로22길
송파구,풍성로22길
송파구,풍성로23길
송파구,풍성로23길
송파구,풍성로24길
송파구,풍성로24길
송파구,풍성로25가길
송파구,풍성로25가길
송파구,풍성로25길
송파구,풍성로25길
송파구,풍성로25나길
송파구,풍성로25나길
송파구,풍성로25다길
송파구,풍성로25다길
송파구,풍성로26길
송파구,풍성로26길
송파구,풍성로27길
송파구,풍성로27길
송파구,풍성로29길
송파구,풍성로29길
송파구,풍성로2길
송파구,풍성로2길
송파구,풍성로31길
송파구,풍성로31길
송파구,풍성로4길
송파구,풍성로4길
송파구,풍성로5길
송파구,풍성로5길
송파구,풍성로6가길
송파구,풍성로6가길
송파구,풍성로6길
송파구,풍성로6길
송파구,풍성로7길
송파구,풍성로7길
송파구,풍성로8길
송파구,풍성로8길
송파구,한가람로10길
송파구,한가람로10길
송파구,한가람로12길
송파구,한가람로12길
송파구,한가람로14길
송파구,한가람로14길
송파구,한가람로16길
송파구,한가람로16길
송파구,한가람로18길
송파구,한가람로18길
송파구,한가람로20길
송파구,한가람로20길
송파구,도곡로61길
송파구,동남로12길
송파구,동남로22길
송파구,송파대로10길
송파구,송파대로10길
송파구,송파대로60길
송파구,송파대로6길
송파구,송파대로6길
송파구,오금로2길
송파구,오금로2길
송파구,올림픽로37길
송파구,올림픽로37길
송파구,올림픽로39길
송파구,올림픽로39길
송파구,올림픽로41길
송파구,올림픽로41길
송파구,올림픽로61길
송파구,중대로15길
송파구,중대로2길
송파구,중대로2길
송파구,동남로23길
송파구,동남로23길
송파구,동남로23가길
송파구,동남로23가길
송파구,동남로23나길
송파구,동남로23나길
송파구,동남로23다길
송파구,동남로23다길
송파구,성내천로8가길
송파구,성내천로8가길
송파구,성내천로37길
송파구,성내천로37길
송파구,성내천로35길
송파구,성내천로35길
송파구,올림픽로35가길
송파구,올림픽로35가길
송파구,올림픽로35나길
송파구,올림픽로35나길
송파구,올림픽로35다길
송파구,올림픽로35다길
송파구,올림픽로35길
송파구,올림픽로35길
송파구,위례대로4길
송파구,위례대로2길
송파구,위례광장로2길
송파구,법원로4길
송파구,법원로4길
송파구,법원로5길
송파구,법원로5길
송파구,법원로6길
송파구,법원로6길
송파구,법원로8길
송파구,법원로8길
송파구,법원로9길
송파구,법원로9길
송파구,법원로11길
송파구,법원로11길
송파구,법원로12길
송파구,정의로3길
송파구,정의로3길
송파구,정의로5길
송파구,정의로7길
송파구,정의로7길
송파구,정의로8길
송파구,정의로8길
송파구,위례중앙로2길
송파구,위례순환로2길
송파구,중대로1길
송파구,유통단지길
송파구,송파나루길
송파구,송파나루길
송파구,송파나루길
송파구,위례송파로3길
송파구,위례송파로3길
송파구,위례송파로5길
송파구,위례송파로5길
송파구,위례북로4길
송파구,위례북로4길
송파구,위례북로6길
송파구,위례송파로1길
송파구,위례송파로2길
송파구,성내천자전거길
송파구,감이천자전거길
송파구,성내천자전거1길
송파구,성내천자전거2길
송파구,성내천자전거3길
송파구,장지천자전거2길
송파구,장지천자전거1길
송파구,한강남자전거길
송파구,탄천자전거길
송파구,창곡천자전거길
송파구,송파둘레길
송파구,위례북로2길
송파구,위례북로2길
송파구,잠실역9번출구선
송파구,잠실역9번출구선
송파구,잠실역8호선통로
송파구,잠실역8호선통로
송파구,잠실역2호선내선
송파구,잠실역2호선내선
송파구,잠실역2호선외선
송파구,잠실역2호선외선
송파구,잠실역환승통로
송파구,잠실역환승통로
송파구,잠실역중앙통로
송파구,잠실역중앙통로
송파구,잠실역1ㆍ2번출구선
송파구,잠실역1ㆍ2번출구선
송파구,잠실역광장
송파구,잠실역광장
송파구,잠실역3번출구선
송파구,잠실역3번출구선
송파구,잠실역5번출구선
송파구,잠실역5번출구선
송파구,잠실역8번출구선
송파구,잠실역8번출구선
송파구,잠실역6번출구선
송파구,잠실역6번출구선
송파구,잠실역7번출구선
송파구,잠실역7번출구선
송파구,잠실역상가
송파구,잠실역상가
송파구,잠실역8호선상행선
송파구,잠실역8호선상행선
송파구,잠실역8호선하행선
송파구,잠실역8호선하행선
송파구,잠실역환승센터
송파구,잠실역환승센터
송파구,잠실역1주차장
송파구,잠실역1주차장
송파구,잠실역2주차장