﻿양천구,경인고속도로
양천구,수원문산고속도로
양천구,남부순환로
양천구,남부순환로
양천구,남부순환로
양천구,공항대로
양천구,공항대로
양천구,국회대로
양천구,국회대로
양천구,국회대로
양천구,국회대로
양천구,가로공원로
양천구,가로공원로
양천구,안양천로
양천구,안양천로
양천구,안양천로
양천구,곰달래로
양천구,곰달래로
양천구,등촌로
양천구,등촌로
양천구,목동남로
양천구,목동남로
양천구,신정로
양천구,신정로
양천구,월정로
양천구,월정로
양천구,중앙로
양천구,중앙로
양천구,중앙로
양천구,화곡로
양천구,화곡로
양천구,목동동로
양천구,목동동로
양천구,목동동로
양천구,목동로
양천구,목동로
양천구,목동로
양천구,목동서로
양천구,목동서로
양천구,목동서로
양천구,목동중앙남로
양천구,목동중앙남로
양천구,목동중앙로
양천구,목동중앙로
양천구,목동중앙본로
양천구,목동중앙본로
양천구,목동중앙북로
양천구,목동중앙북로
양천구,목동중앙서로
양천구,목동중앙서로
양천구,신목로
양천구,신목로
양천구,신목로
양천구,신월로
양천구,신월로
양천구,신월로
양천구,신정중앙로
양천구,신정중앙로
양천구,은행정로
양천구,은행정로
양천구,지양로
양천구,지양로
양천구,오목로
양천구,오목로
양천구,오목로
양천구,오목로
양천구,신정이펜1로
양천구,신정이펜1로
양천구,신정이펜1로
양천구,신정이펜2로
양천구,신정이펜2로
양천구,도림천로
양천구,서부간선지하도로
양천구,가로공원로55길
양천구,가로공원로55길
양천구,가로공원로56길
양천구,가로공원로56길
양천구,가로공원로58길
양천구,가로공원로58길
양천구,가로공원로60가길
양천구,가로공원로60가길
양천구,가로공원로60길
양천구,가로공원로60길
양천구,가로공원로61길
양천구,가로공원로61길
양천구,가로공원로64길
양천구,가로공원로64길
양천구,가로공원로66길
양천구,가로공원로66길
양천구,가로공원로67길
양천구,가로공원로67길
양천구,가로공원로69길
양천구,가로공원로69길
양천구,가로공원로70길
양천구,가로공원로70길
양천구,가로공원로71길
양천구,가로공원로71길
양천구,곰달래로10길
양천구,곰달래로10길
양천구,곰달래로11길
양천구,곰달래로11길
양천구,곰달래로13길
양천구,곰달래로13길
양천구,곰달래로14길
양천구,곰달래로14길
양천구,곰달래로1길
양천구,곰달래로1길
양천구,곰달래로2길
양천구,곰달래로2길
양천구,곰달래로3길
양천구,곰달래로3길
양천구,곰달래로5길
양천구,곰달래로5길
양천구,곰달래로6길
양천구,곰달래로6길
양천구,곰달래로7길
양천구,곰달래로7길
양천구,곰달래로9길
양천구,곰달래로9길
양천구,국회대로10길
양천구,국회대로10길
양천구,국회대로8길
양천구,국회대로8길
양천구,남부순환로27길
양천구,남부순환로27길
양천구,남부순환로29길
양천구,남부순환로29길
양천구,남부순환로30길
양천구,남부순환로30길
양천구,남부순환로31길
양천구,남부순환로31길
양천구,남부순환로33길
양천구,남부순환로33길
양천구,남부순환로35길
양천구,남부순환로35길
양천구,남부순환로36길
양천구,남부순환로36길
양천구,남부순환로38길
양천구,남부순환로38길
양천구,남부순환로40가길
양천구,남부순환로40가길
양천구,남부순환로40길
양천구,남부순환로40길
양천구,남부순환로42길
양천구,남부순환로42길
양천구,남부순환로46길
양천구,남부순환로46길
양천구,남부순환로48길
양천구,남부순환로48길
양천구,남부순환로50길
양천구,남부순환로50길
양천구,남부순환로52길
양천구,남부순환로52길
양천구,남부순환로53길
양천구,남부순환로53길
양천구,남부순환로54길
양천구,남부순환로54길
양천구,남부순환로55길
양천구,남부순환로55길
양천구,남부순환로56가길
양천구,남부순환로56가길
양천구,남부순환로56길
양천구,남부순환로56길
양천구,남부순환로57길
양천구,남부순환로57길
양천구,남부순환로58길
양천구,남부순환로58길
양천구,남부순환로59길
양천구,남부순환로59길
양천구,남부순환로60길
양천구,남부순환로60길
양천구,남부순환로61길
양천구,남부순환로61길
양천구,남부순환로62길
양천구,남부순환로62길
양천구,남부순환로63길
양천구,남부순환로63길
양천구,남부순환로64길
양천구,남부순환로64길
양천구,남부순환로65길
양천구,남부순환로65길
양천구,남부순환로66길
양천구,남부순환로66길
양천구,남부순환로67길
양천구,남부순환로67길
양천구,남부순환로69길
양천구,남부순환로69길
양천구,남부순환로70길
양천구,남부순환로70길
양천구,남부순환로71길
양천구,남부순환로71길
양천구,남부순환로72길
양천구,남부순환로72길
양천구,남부순환로73길
양천구,남부순환로73길
양천구,남부순환로74길
양천구,남부순환로74길
양천구,남부순환로75길
양천구,남부순환로75길
양천구,남부순환로77길
양천구,남부순환로77길
양천구,남부순환로79길
양천구,남부순환로79길
양천구,남부순환로80길
양천구,남부순환로80길
양천구,남부순환로82길
양천구,남부순환로82길
양천구,남부순환로83길
양천구,남부순환로83길
양천구,남부순환로85길
양천구,남부순환로85길
양천구,남부순환로86길
양천구,남부순환로86길
양천구,남부순환로86길
양천구,남부순환로88길
양천구,남부순환로88길
양천구,목동남로2길
양천구,목동남로2길
양천구,목동남로4길
양천구,목동남로4길
양천구,목동동로10길
양천구,목동동로10길
양천구,목동동로12길
양천구,목동동로12길
양천구,목동동로12길
양천구,목동동로14길
양천구,목동동로14길
양천구,목동동로1길
양천구,목동동로1길
양천구,목동동로2길
양천구,목동동로2길
양천구,목동동로8길
양천구,목동동로8길
양천구,목동로11길
양천구,목동로11길
양천구,목동로13길
양천구,목동로13길
양천구,목동로15길
양천구,목동로15길
양천구,목동로17길
양천구,목동로17길
양천구,목동로19길
양천구,목동로19길
양천구,목동로1길
양천구,목동로1길
양천구,목동로21길
양천구,목동로21길
양천구,목동로23길
양천구,목동로23길
양천구,목동로25길
양천구,목동로25길
양천구,목동로27길
양천구,목동로27길
양천구,목동로29길
양천구,목동로29길
양천구,목동로3길
양천구,목동로3길
양천구,목동로8길
양천구,목동로8길
양천구,목동로9길
양천구,목동로9길
양천구,목동서로10길
양천구,목동서로10길
양천구,목동서로2길
양천구,목동서로2길
양천구,목동서로8길
양천구,목동서로8길
양천구,목동중앙남로10길
양천구,목동중앙남로10길
양천구,목동중앙남로11길
양천구,목동중앙남로11길
양천구,목동중앙남로13길
양천구,목동중앙남로13길
양천구,목동중앙남로14가길
양천구,목동중앙남로14가길
양천구,목동중앙남로14길
양천구,목동중앙남로14길
양천구,목동중앙남로16가길
양천구,목동중앙남로16가길
양천구,목동중앙남로16길
양천구,목동중앙남로16길
양천구,목동중앙남로16나길
양천구,목동중앙남로16나길
양천구,목동중앙남로16다길
양천구,목동중앙남로16다길
양천구,목동중앙남로16라길
양천구,목동중앙남로16라길
양천구,목동중앙남로16마길
양천구,목동중앙남로16마길
양천구,목동중앙남로1길
양천구,목동중앙남로1길
양천구,목동중앙남로2길
양천구,목동중앙남로2길
양천구,목동중앙남로3가길
양천구,목동중앙남로3가길
양천구,목동중앙남로3길
양천구,목동중앙남로3길
양천구,목동중앙남로4길
양천구,목동중앙남로4길
양천구,목동중앙남로5길
양천구,목동중앙남로5길
양천구,목동중앙남로7길
양천구,목동중앙남로7길
양천구,목동중앙남로9가길
양천구,목동중앙남로9가길
양천구,목동중앙남로9길
양천구,목동중앙남로9길
양천구,목동중앙로13가길
양천구,목동중앙로13가길
양천구,목동중앙로13길
양천구,목동중앙로13길
양천구,목동중앙로13나길
양천구,목동중앙로13나길
양천구,목동중앙로13다길
양천구,목동중앙로13다길
양천구,목동중앙로1길
양천구,목동중앙로1길
양천구,목동중앙로3길
양천구,목동중앙로3길
양천구,목동중앙로5가길
양천구,목동중앙로5가길
양천구,목동중앙로5길
양천구,목동중앙로5길
양천구,목동중앙로7길
양천구,목동중앙로7길
양천구,목동중앙로9길
양천구,목동중앙로9길
양천구,목동중앙본로11길
양천구,목동중앙본로11길
양천구,목동중앙본로13길
양천구,목동중앙본로13길
양천구,목동중앙본로15길
양천구,목동중앙본로15길
양천구,목동중앙본로17길
양천구,목동중앙본로17길
양천구,목동중앙본로18가길
양천구,목동중앙본로18가길
양천구,목동중앙본로18길
양천구,목동중앙본로18길
양천구,목동중앙본로19길
양천구,목동중앙본로19길
양천구,목동중앙본로1길
양천구,목동중앙본로1길
양천구,목동중앙본로20길
양천구,목동중앙본로20길
양천구,목동중앙본로22길
양천구,목동중앙본로22길
양천구,목동중앙본로24길
양천구,목동중앙본로24길
양천구,목동중앙본로26길
양천구,목동중앙본로26길
양천구,목동중앙본로27길
양천구,목동중앙본로27길
양천구,목동중앙본로28길
양천구,목동중앙본로28길
양천구,목동중앙본로29길
양천구,목동중앙본로29길
양천구,목동중앙본로2길
양천구,목동중앙본로2길
양천구,목동중앙본로30가길
양천구,목동중앙본로30가길
양천구,목동중앙본로30길
양천구,목동중앙본로30길
양천구,목동중앙본로31길
양천구,목동중앙본로31길
양천구,목동중앙본로32길
양천구,목동중앙본로32길
양천구,목동중앙본로3길
양천구,목동중앙본로3길
양천구,목동중앙본로5길
양천구,목동중앙본로5길
양천구,목동중앙본로7가길
양천구,목동중앙본로7가길
양천구,목동중앙본로7길
양천구,목동중앙본로7길
양천구,목동중앙본로9길
양천구,목동중앙본로9길
양천구,목동중앙북로10길
양천구,목동중앙북로10길
양천구,목동중앙북로12길
양천구,목동중앙북로12길
양천구,목동중앙북로14길
양천구,목동중앙북로14길
양천구,목동중앙북로16가길
양천구,목동중앙북로16가길
양천구,목동중앙북로16길
양천구,목동중앙북로16길
양천구,목동중앙북로18길
양천구,목동중앙북로18길
양천구,목동중앙북로1길
양천구,목동중앙북로1길
양천구,목동중앙북로20길
양천구,목동중앙북로20길
양천구,목동중앙북로22길
양천구,목동중앙북로22길
양천구,목동중앙북로24길
양천구,목동중앙북로24길
양천구,목동중앙북로2길
양천구,목동중앙북로2길
양천구,목동중앙북로4길
양천구,목동중앙북로4길
양천구,목동중앙북로5길
양천구,목동중앙북로5길
양천구,목동중앙북로6길
양천구,목동중앙북로6길
양천구,목동중앙북로7가길
양천구,목동중앙북로7가길
양천구,목동중앙북로7길
양천구,목동중앙북로7길
양천구,목동중앙북로7나길
양천구,목동중앙북로7나길
양천구,목동중앙북로8가길
양천구,목동중앙북로8가길
양천구,목동중앙북로8길
양천구,목동중앙북로8길
양천구,목동중앙북로8나길
양천구,목동중앙북로8나길
양천구,목동중앙북로8다길
양천구,목동중앙북로8다길
양천구,목동중앙북로8라길
양천구,목동중앙북로8라길
양천구,목동중앙서로10길
양천구,목동중앙서로10길
양천구,목동중앙서로11길
양천구,목동중앙서로11길
양천구,목동중앙서로1길
양천구,목동중앙서로1길
양천구,목동중앙서로2길
양천구,목동중앙서로2길
양천구,목동중앙서로3길
양천구,목동중앙서로3길
양천구,목동중앙서로4길
양천구,목동중앙서로4길
양천구,목동중앙서로6길
양천구,목동중앙서로6길
양천구,목동중앙서로7가길
양천구,목동중앙서로7가길
양천구,목동중앙서로7길
양천구,목동중앙서로7길
양천구,목동중앙서로7나길
양천구,목동중앙서로7나길
양천구,목동중앙서로7다길
양천구,목동중앙서로7다길
양천구,목동중앙서로8가길
양천구,목동중앙서로8가길
양천구,목동중앙서로8길
양천구,목동중앙서로8길
양천구,목동중앙서로9길
양천구,목동중앙서로9길
양천구,신목로10길
양천구,신목로10길
양천구,신목로12길
양천구,신목로12길
양천구,신목로14길
양천구,신목로14길
양천구,신목로2길
양천구,신목로2길
양천구,신목로2길
양천구,신목로4길
양천구,신목로4길
양천구,신목로5길
양천구,신목로5길
양천구,신목로5길
양천구,신목로6길
양천구,신목로6길
양천구,신목로7길
양천구,신목로7길
양천구,신월로10길
양천구,신월로10길
양천구,신월로11길
양천구,신월로11길
양천구,신월로12길
양천구,신월로12길
양천구,신월로13길
양천구,신월로13길
양천구,신월로15길
양천구,신월로15길
양천구,신월로16길
양천구,신월로16길
양천구,신월로17길
양천구,신월로17길
양천구,신월로19길
양천구,신월로19길
양천구,신월로20길
양천구,신월로20길
양천구,신월로22길
양천구,신월로22길
양천구,신월로24길
양천구,신월로24길
양천구,신월로27길
양천구,신월로27길
양천구,신월로35길
양천구,신월로35길
양천구,신월로36길
양천구,신월로36길
양천구,신월로38길
양천구,신월로38길
양천구,신월로5길
양천구,신월로5길
양천구,신월로7길
양천구,신월로7길
양천구,신월로9길
양천구,신월로9길
양천구,신정로11길
양천구,신정로11길
양천구,신정로13가길
양천구,신정로13가길
양천구,신정로13길
양천구,신정로13길
양천구,신정로13길
양천구,신정로14길
양천구,신정로14길
양천구,신정로5길
양천구,신정로5길
양천구,신정로6길
양천구,신정로6길
양천구,신정로7길
양천구,신정로7길
양천구,신정중앙로10길
양천구,신정중앙로10길
양천구,신정중앙로12길
양천구,신정중앙로12길
양천구,신정중앙로14길
양천구,신정중앙로14길
양천구,신정중앙로15길
양천구,신정중앙로15길
양천구,신정중앙로16길
양천구,신정중앙로16길
양천구,신정중앙로17길
양천구,신정중앙로17길
양천구,신정중앙로19길
양천구,신정중앙로19길
양천구,신정중앙로21길
양천구,신정중앙로21길
양천구,신정중앙로23길
양천구,신정중앙로23길
양천구,신정중앙로2길
양천구,신정중앙로2길
양천구,신정중앙로4길
양천구,신정중앙로4길
양천구,신정중앙로6길
양천구,신정중앙로6길
양천구,신정중앙로8길
양천구,신정중앙로8길
양천구,안양천로539길
양천구,안양천로539길
양천구,오목로10길
양천구,오목로10길
양천구,오목로11길
양천구,오목로11길
양천구,오목로13길
양천구,오목로13길
양천구,오목로15길
양천구,오목로15길
양천구,오목로17길
양천구,오목로17길
양천구,오목로19길
양천구,오목로19길
양천구,오목로1길
양천구,오목로1길
양천구,오목로23길
양천구,오목로23길
양천구,오목로24길
양천구,오목로24길
양천구,오목로25길
양천구,오목로25길
양천구,오목로26길
양천구,오목로26길
양천구,오목로27길
양천구,오목로27길
양천구,오목로29길
양천구,오목로29길
양천구,오목로30길
양천구,오목로30길
양천구,오목로32길
양천구,오목로32길
양천구,오목로34길
양천구,오목로34길
양천구,오목로35길
양천구,오목로35길
양천구,오목로37길
양천구,오목로37길
양천구,오목로38길
양천구,오목로38길
양천구,오목로3길
양천구,오목로3길
양천구,오목로40길
양천구,오목로40길
양천구,오목로41길
양천구,오목로41길
양천구,오목로42길
양천구,오목로42길
양천구,오목로46길
양천구,오목로46길
양천구,오목로48길
양천구,오목로48길
양천구,오목로4길
양천구,오목로4길
양천구,오목로50길
양천구,오목로50길
양천구,오목로52길
양천구,오목로52길
양천구,오목로54길
양천구,오목로54길
양천구,오목로56길
양천구,오목로56길
양천구,오목로5길
양천구,오목로5길
양천구,오목로7길
양천구,오목로7길
양천구,오목로9길
양천구,오목로9길
양천구,월정로11길
양천구,월정로11길
양천구,월정로13길
양천구,월정로13길
양천구,월정로15길
양천구,월정로15길
양천구,월정로17길
양천구,월정로17길
양천구,월정로19길
양천구,월정로19길
양천구,월정로25길
양천구,월정로25길
양천구,월정로27길
양천구,월정로27길
양천구,월정로29길
양천구,월정로29길
양천구,월정로31길
양천구,월정로31길
양천구,월정로33길
양천구,월정로33길
양천구,월정로36길
양천구,월정로36길
양천구,월정로38길
양천구,월정로38길
양천구,월정로40길
양천구,월정로40길
양천구,월정로42길
양천구,월정로42길
양천구,월정로46길
양천구,월정로46길
양천구,월정로48길
양천구,월정로48길
양천구,월정로50길
양천구,월정로50길
양천구,월정로5길
양천구,월정로5길
양천구,월정로6길
양천구,월정로6길
양천구,월정로7길
양천구,월정로7길
양천구,월정로8길
양천구,월정로8길
양천구,월정로9길
양천구,월정로9길
양천구,은행정로11가길
양천구,은행정로11가길
양천구,은행정로11길
양천구,은행정로11길
양천구,은행정로11나길
양천구,은행정로11나길
양천구,은행정로13길
양천구,은행정로13길
양천구,은행정로15길
양천구,은행정로15길
양천구,은행정로17길
양천구,은행정로17길
양천구,은행정로18길
양천구,은행정로18길
양천구,은행정로19가길
양천구,은행정로19가길
양천구,은행정로19길
양천구,은행정로19길
양천구,은행정로1길
양천구,은행정로1길
양천구,은행정로20길
양천구,은행정로20길
양천구,은행정로2길
양천구,은행정로2길
양천구,은행정로3길
양천구,은행정로3길
양천구,은행정로4길
양천구,은행정로4길
양천구,은행정로5길
양천구,은행정로5길
양천구,은행정로6길
양천구,은행정로6길
양천구,은행정로7길
양천구,은행정로7길
양천구,중앙로14나길
양천구,중앙로14나길
양천구,중앙로23길
양천구,중앙로23길
양천구,중앙로25길
양천구,중앙로25길
양천구,중앙로27길
양천구,중앙로27길
양천구,중앙로29가길
양천구,중앙로29가길
양천구,중앙로29길
양천구,중앙로29길
양천구,중앙로29길
양천구,중앙로29나길
양천구,중앙로29나길
양천구,중앙로30길
양천구,중앙로30길
양천구,중앙로32길
양천구,중앙로32길
양천구,중앙로33길
양천구,중앙로33길
양천구,중앙로34가길
양천구,중앙로34가길
양천구,중앙로34길
양천구,중앙로34길
양천구,중앙로36길
양천구,중앙로36길
양천구,중앙로39길
양천구,중앙로39길
양천구,중앙로43길
양천구,중앙로43길
양천구,중앙로45길
양천구,중앙로45길
양천구,중앙로46길
양천구,중앙로46길
양천구,중앙로47길
양천구,중앙로47길
양천구,중앙로48길
양천구,중앙로48길
양천구,중앙로49길
양천구,중앙로49길
양천구,중앙로51가길
양천구,중앙로51가길
양천구,중앙로51길
양천구,중앙로51길
양천구,중앙로52길
양천구,중앙로52길
양천구,중앙로53길
양천구,중앙로53길
양천구,중앙로54길
양천구,중앙로54길
양천구,중앙로55길
양천구,중앙로55길
양천구,중앙로57길
양천구,중앙로57길
양천구,지양로10길
양천구,지양로10길
양천구,지양로11길
양천구,지양로11길
양천구,지양로13길
양천구,지양로13길
양천구,지양로14길
양천구,지양로14길
양천구,지양로15길
양천구,지양로15길
양천구,지양로16길
양천구,지양로16길
양천구,지양로17길
양천구,지양로17길
양천구,지양로2길
양천구,지양로2길
양천구,지양로3길
양천구,지양로3길
양천구,지양로5길
양천구,지양로5길
양천구,지양로7길
양천구,지양로7길
양천구,지양로9길
양천구,지양로9길
양천구,화곡로10길
양천구,화곡로10길
양천구,화곡로12길
양천구,화곡로12길
양천구,화곡로13길
양천구,화곡로13길
양천구,화곡로14길
양천구,화곡로14길
양천구,화곡로3가길
양천구,화곡로3가길
양천구,화곡로3길
양천구,화곡로3길
양천구,화곡로4길
양천구,화곡로4길
양천구,화곡로5길
양천구,화곡로5길
양천구,화곡로6길
양천구,화곡로6길
양천구,화곡로8길
양천구,화곡로8길
양천구,목동동로16길
양천구,목동동로18길
양천구,목동동로4길
양천구,목동동로6길
양천구,목동서로12길
양천구,목동서로4길
양천구,목동서로6길
양천구,용왕정길
양천구,용왕정길
양천구,중앙로17길
양천구,중앙로17길
양천구,중앙로21길
양천구,중앙로14길
양천구,안양천서자전거길