﻿영등포구,국회대로
영등포구,국회대로
영등포구,국회대로
영등포구,국회대로
영등포구,국회대로
영등포구,국회대로
영등포구,국회대로
영등포구,국회대로
영등포구,시흥대로
영등포구,시흥대로
영등포구,여의대로
영등포구,여의대로
영등포구,의사당대로
영등포구,의사당대로
영등포구,올림픽대로
영등포구,가마산로
영등포구,가마산로
영등포구,가마산로
영등포구,디지털로
영등포구,디지털로
영등포구,경인로
영등포구,경인로
영등포구,경인로
영등포구,경인로
영등포구,경인로
영등포구,경인로
영등포구,경인로
영등포구,경인로
영등포구,선유로
영등포구,선유로
영등포구,선유로
영등포구,선유로
영등포구,선유로
영등포구,선유로
영등포구,선유로
영등포구,선유로
영등포구,선유로
영등포구,오목로
영등포구,오목로
영등포구,도림로
영등포구,도림로
영등포구,도림로
영등포구,도림로
영등포구,도림로
영등포구,도림로
영등포구,도림로
영등포구,도림천로
영등포구,도림천로
영등포구,도림천로
영등포구,도림천로
영등포구,63로
영등포구,63로
영등포구,국제금융로
영등포구,국제금융로
영등포구,당산로
영등포구,당산로
영등포구,당산로
영등포구,당산로
영등포구,당산로
영등포구,당산로
영등포구,당산로
영등포구,당산로
영등포구,대방천로
영등포구,대방천로
영등포구,대방천로
영등포구,대방천로
영등포구,도신로
영등포구,도신로
영등포구,도신로
영등포구,도신로
영등포구,도영로
영등포구,도영로
영등포구,도영로
영등포구,도영로
영등포구,문래로
영등포구,문래로
영등포구,문래로
영등포구,문래로
영등포구,문래로
영등포구,문래북로
영등포구,문래북로
영등포구,문래북로
영등포구,문래북로
영등포구,문래북로
영등포구,버드나루로
영등포구,버드나루로
영등포구,버드나루로
영등포구,버드나루로
영등포구,버드나루로
영등포구,선유동1로
영등포구,선유동1로
영등포구,선유동1로
영등포구,선유동1로
영등포구,선유동1로
영등포구,선유동2로
영등포구,선유동2로
영등포구,선유동2로
영등포구,선유동2로
영등포구,선유동2로
영등포구,선유서로
영등포구,선유서로
영등포구,선유서로
영등포구,선유서로
영등포구,선유서로
영등포구,선유서로
영등포구,신길로
영등포구,신길로
영등포구,신길로
영등포구,신길로
영등포구,신길로
영등포구,신길로
영등포구,신길로
영등포구,신길로
영등포구,신길로
영등포구,신풍로
영등포구,신풍로
영등포구,양산로
영등포구,양산로
영등포구,양산로
영등포구,양산로
영등포구,양산로
영등포구,양산로
영등포구,양산로
영등포구,양산로
영등포구,양산로
영등포구,양산로
영등포구,양산로
영등포구,양평로
영등포구,양평로
영등포구,양평로
영등포구,양평로
영등포구,양평로
영등포구,양평로
영등포구,여의공원로
영등포구,여의공원로
영등포구,여의나루로
영등포구,여의나루로
영등포구,여의동로
영등포구,여의동로
영등포구,여의서로
영등포구,여의서로
영등포구,영등포로
영등포구,영등포로
영등포구,영등포로
영등포구,영등포로
영등포구,영등포로
영등포구,영등포로
영등포구,영등포로
영등포구,영등포로
영등포구,영등포로
영등포구,영등포로
영등포구,영등포로
영등포구,영등포로
영등포구,영신로
영등포구,영신로
영등포구,영신로
영등포구,영신로
영등포구,영신로
영등포구,영신로
영등포구,영신로
영등포구,영신로
영등포구,영신로
영등포구,영신로
영등포구,영신로
영등포구,영신로
영등포구,영중로
영등포구,영중로
영등포구,영중로
영등포구,영중로
영등포구,영중로
영등포구,영중로
영등포구,영중로
영등포구,은행로
영등포구,은행로
영등포구,노들로
영등포구,노들로
영등포구,노들로
영등포구,대림로
영등포구,대림로
영등포구,여의대방로
영등포구,여의대방로
영등포구,여의대방로
영등포구,노량진로
영등포구,노량진로
영등포구,서부간선지하도로
영등포구,가마산로31길
영등포구,가마산로31길
영등포구,가마산로32가길
영등포구,가마산로32가길
영등포구,가마산로32길
영등포구,가마산로32길
영등포구,가마산로34길
영등포구,가마산로34길
영등포구,가마산로41길
영등포구,가마산로41길
영등포구,가마산로45길
영등포구,가마산로45길
영등포구,가마산로46가길
영등포구,가마산로46가길
영등포구,가마산로46길
영등포구,가마산로46길
영등포구,가마산로47길
영등포구,가마산로47길
영등포구,가마산로48길
영등포구,가마산로48길
영등포구,가마산로48길
영등포구,가마산로49길
영등포구,가마산로49길
영등포구,가마산로50길
영등포구,가마산로50길
영등포구,가마산로51길
영등포구,가마산로51길
영등포구,가마산로54길
영등포구,가마산로54길
영등포구,가마산로56길
영등포구,가마산로56길
영등포구,가마산로61가길
영등포구,가마산로61가길
영등포구,가마산로61길
영등포구,가마산로61길
영등포구,가마산로61나길
영등포구,가마산로61나길
영등포구,가마산로61다길
영등포구,가마산로61다길
영등포구,가마산로61라길
영등포구,가마산로61라길
영등포구,가마산로63길
영등포구,가마산로63길
영등포구,가마산로65길
영등포구,가마산로65길
영등포구,가마산로67길
영등포구,가마산로67길
영등포구,가마산로69가길
영등포구,가마산로69가길
영등포구,가마산로69길
영등포구,가마산로69길
영등포구,가마산로71길
영등포구,가마산로71길
영등포구,가마산로77길
영등포구,가마산로77길
영등포구,가마산로79가길
영등포구,가마산로79가길
영등포구,가마산로79길
영등포구,가마산로79길
영등포구,가마산로88길
영등포구,가마산로88길
영등포구,가마산로89길
영등포구,가마산로89길
영등포구,가마산로90길
영등포구,가마산로90길
영등포구,경인로100길
영등포구,경인로100길
영등포구,경인로102길
영등포구,경인로102길
영등포구,경인로108길
영등포구,경인로108길
영등포구,경인로112길
영등포구,경인로112길
영등포구,경인로114가길
영등포구,경인로114가길
영등포구,경인로114길
영등포구,경인로114길
영등포구,경인로114길
영등포구,경인로114나길
영등포구,경인로114나길
영등포구,경인로71길
영등포구,경인로71길
영등포구,경인로71길
영등포구,경인로71길
영등포구,경인로72길
영등포구,경인로72길
영등포구,경인로72길
영등포구,경인로74길
영등포구,경인로74길
영등포구,경인로75길
영등포구,경인로75길
영등포구,경인로76길
영등포구,경인로76길
영등포구,경인로77가길
영등포구,경인로77가길
영등포구,경인로77길
영등포구,경인로77길
영등포구,경인로77길
영등포구,경인로78길
영등포구,경인로78길
영등포구,경인로79길
영등포구,경인로79길
영등포구,경인로80길
영등포구,경인로80길
영등포구,경인로82길
영등포구,경인로82길
영등포구,경인로88길
영등포구,경인로88길
영등포구,경인로88길
영등포구,경인로89길
영등포구,경인로89길
영등포구,경인로90길
영등포구,경인로90길
영등포구,경인로90길
영등포구,경인로92길
영등포구,경인로92길
영등포구,경인로93길
영등포구,경인로93길
영등포구,경인로94길
영등포구,경인로94길
영등포구,경인로96길
영등포구,경인로96길
영등포구,경인로96길
영등포구,국제금융로2길
영등포구,국제금융로2길
영등포구,국제금융로6길
영등포구,국제금융로6길
영등포구,국제금융로7길
영등포구,국제금융로7길
영등포구,국제금융로8길
영등포구,국제금융로8길
영등포구,국회대로22길
영등포구,국회대로22길
영등포구,국회대로28길
영등포구,국회대로28길
영등포구,국회대로29길
영등포구,국회대로29길
영등포구,국회대로30길
영등포구,국회대로30길
영등포구,국회대로34길
영등포구,국회대로34길
영등포구,국회대로36길
영등포구,국회대로36길
영등포구,국회대로37길
영등포구,국회대로37길
영등포구,국회대로38길
영등포구,국회대로38길
영등포구,국회대로39길
영등포구,국회대로39길
영등포구,국회대로44길
영등포구,국회대로44길
영등포구,국회대로46길
영등포구,국회대로46길
영등포구,국회대로50길
영등포구,국회대로50길
영등포구,국회대로52길
영등포구,국회대로52길
영등포구,국회대로53길
영등포구,국회대로53길
영등포구,국회대로53길
영등포구,국회대로53길
영등포구,국회대로54길
영등포구,국회대로54길
영등포구,국회대로54길
영등포구,국회대로55길
영등포구,국회대로55길
영등포구,국회대로55길
영등포구,국회대로56길
영등포구,국회대로56길
영등포구,국회대로56길
영등포구,국회대로62길
영등포구,국회대로62길
영등포구,국회대로66길
영등포구,국회대로66길
영등포구,국회대로68길
영등포구,국회대로68길
영등포구,국회대로70길
영등포구,국회대로70길
영등포구,국회대로72길
영등포구,국회대로72길
영등포구,국회대로74길
영등포구,국회대로74길
영등포구,국회대로76가길
영등포구,국회대로76가길
영등포구,국회대로76길
영등포구,국회대로76길
영등포구,당산로10길
영등포구,당산로10길
영등포구,당산로12길
영등포구,당산로12길
영등포구,당산로14길
영등포구,당산로14길
영등포구,당산로16길
영등포구,당산로16길
영등포구,당산로18길
영등포구,당산로18길
영등포구,당산로20길
영등포구,당산로20길
영등포구,당산로24길
영등포구,당산로24길
영등포구,당산로26길
영등포구,당산로26길
영등포구,당산로27길
영등포구,당산로27길
영등포구,당산로28길
영등포구,당산로28길
영등포구,당산로29길
영등포구,당산로29길
영등포구,당산로2길
영등포구,당산로2길
영등포구,당산로30길
영등포구,당산로30길
영등포구,당산로30길
영등포구,당산로31길
영등포구,당산로31길
영등포구,당산로32길
영등포구,당산로32길
영등포구,당산로33길
영등포구,당산로33길
영등포구,당산로35길
영등포구,당산로35길
영등포구,당산로36길
영등포구,당산로36길
영등포구,당산로37길
영등포구,당산로37길
영등포구,당산로38길
영등포구,당산로38길
영등포구,당산로40길
영등포구,당산로40길
영등포구,당산로41가길
영등포구,당산로41가길
영등포구,당산로41길
영등포구,당산로41길
영등포구,당산로41길
영등포구,당산로41나길
영등포구,당산로41나길
영등포구,당산로42길
영등포구,당산로42길
영등포구,당산로42길
영등포구,당산로44길
영등포구,당산로44길
영등포구,당산로45길
영등포구,당산로45길
영등포구,당산로46가길
영등포구,당산로46가길
영등포구,당산로46길
영등포구,당산로46길
영등포구,당산로47길
영등포구,당산로47길
영등포구,당산로48길
영등포구,당산로48길
영등포구,당산로49길
영등포구,당산로49길
영등포구,당산로4길
영등포구,당산로4길
영등포구,당산로50가길
영등포구,당산로50가길
영등포구,당산로50길
영등포구,당산로50길
영등포구,당산로51길
영등포구,당산로51길
영등포구,당산로52길
영등포구,당산로52길
영등포구,당산로54길
영등포구,당산로54길
영등포구,당산로54길
영등포구,대림로10길
영등포구,대림로10길
영등포구,대림로12가길
영등포구,대림로12가길
영등포구,대림로12길
영등포구,대림로12길
영등포구,대림로12나길
영등포구,대림로12나길
영등포구,대림로12다길
영등포구,대림로12다길
영등포구,대림로16길
영등포구,대림로16길
영등포구,대림로17길
영등포구,대림로17길
영등포구,대림로19길
영등포구,대림로19길
영등포구,대림로21길
영등포구,대림로21길
영등포구,대림로22가길
영등포구,대림로22가길
영등포구,대림로22길
영등포구,대림로22길
영등포구,대림로22나길
영등포구,대림로22나길
영등포구,대림로22다길
영등포구,대림로22다길
영등포구,대림로22라길
영등포구,대림로22라길
영등포구,대림로23가길
영등포구,대림로23가길
영등포구,대림로23길
영등포구,대림로23길
영등포구,대림로23나길
영등포구,대림로23나길
영등포구,대림로27가길
영등포구,대림로27가길
영등포구,대림로27길
영등포구,대림로27길
영등포구,대림로27나길
영등포구,대림로27나길
영등포구,대림로29가길
영등포구,대림로29가길
영등포구,대림로29길
영등포구,대림로29길
영등포구,대림로29나길
영등포구,대림로29나길
영등포구,대림로29다길
영등포구,대림로29다길
영등포구,대림로29라길
영등포구,대림로29라길
영등포구,대림로31가길
영등포구,대림로31가길
영등포구,대림로31길
영등포구,대림로31길
영등포구,대림로31나길
영등포구,대림로31나길
영등포구,대림로31다길
영등포구,대림로31다길
영등포구,대림로33길
영등포구,대림로33길
영등포구,대림로34가길
영등포구,대림로34가길
영등포구,대림로34길
영등포구,대림로34길
영등포구,대림로34길
영등포구,대림로34나길
영등포구,대림로34나길
영등포구,대림로34다길
영등포구,대림로34다길
영등포구,대림로34라길
영등포구,대림로34라길
영등포구,대림로34마길
영등포구,대림로34마길
영등포구,대림로34바길
영등포구,대림로34바길
영등포구,대림로34사길
영등포구,대림로34사길
영등포구,대림로34아길
영등포구,대림로34아길
영등포구,대림로34자길
영등포구,대림로34자길
영등포구,대림로34차길
영등포구,대림로34차길
영등포구,대림로35가길
영등포구,대림로35가길
영등포구,대림로35길
영등포구,대림로35길
영등포구,대림로35나길
영등포구,대림로35나길
영등포구,대림로39길
영등포구,대림로39길
영등포구,대림로40가길
영등포구,대림로40가길
영등포구,대림로40길
영등포구,대림로40길
영등포구,대림로40나길
영등포구,대림로40나길
영등포구,대림로40다길
영등포구,대림로40다길
영등포구,대림로41길
영등포구,대림로41길
영등포구,대림로43길
영등포구,대림로43길
영등포구,대림로44길
영등포구,대림로44길
영등포구,대림로46길
영등포구,대림로46길
영등포구,대림로7가길
영등포구,대림로7가길
영등포구,대림로7길
영등포구,대림로7길
영등포구,대림로7나길
영등포구,대림로7나길
영등포구,대림로7다길
영등포구,대림로7다길
영등포구,대림로8가길
영등포구,대림로8가길
영등포구,대림로8길
영등포구,대림로8길
영등포구,대림로8나길
영등포구,대림로8나길
영등포구,대방천로10길
영등포구,대방천로10길
영등포구,대방천로12길
영등포구,대방천로12길
영등포구,대방천로14길
영등포구,대방천로14길
영등포구,대방천로16길
영등포구,대방천로16길
영등포구,대방천로6가길
영등포구,대방천로6가길
영등포구,대방천로6길
영등포구,대방천로6길
영등포구,대방천로6나길
영등포구,대방천로6나길
영등포구,대방천로6다길
영등포구,대방천로6다길
영등포구,대방천로8길
영등포구,대방천로8길
영등포구,도림로100길
영등포구,도림로100길
영등포구,도림로102길
영등포구,도림로102길
영등포구,도림로104길
영등포구,도림로104길
영등포구,도림로108가길
영등포구,도림로108가길
영등포구,도림로108길
영등포구,도림로108길
영등포구,도림로108나길
영등포구,도림로108나길
영등포구,도림로108다길
영등포구,도림로108다길
영등포구,도림로110길
영등포구,도림로110길
영등포구,도림로112가길
영등포구,도림로112가길
영등포구,도림로112길
영등포구,도림로112길
영등포구,도림로112길
영등포구,도림로112나길
영등포구,도림로112나길
영등포구,도림로112나길
영등포구,도림로112다길
영등포구,도림로112다길
영등포구,도림로113가길
영등포구,도림로113가길
영등포구,도림로113길
영등포구,도림로113길
영등포구,도림로113나길
영등포구,도림로113나길
영등포구,도림로115길
영등포구,도림로115길
영등포구,도림로125가길
영등포구,도림로125가길
영등포구,도림로125길
영등포구,도림로125길
영등포구,도림로126길
영등포구,도림로126길
영등포구,도림로128가길
영등포구,도림로128가길
영등포구,도림로128길
영등포구,도림로128길
영등포구,도림로129길
영등포구,도림로129길
영등포구,도림로131길
영등포구,도림로131길
영등포구,도림로133길
영등포구,도림로133길
영등포구,도림로135길
영등포구,도림로135길
영등포구,도림로137길
영등포구,도림로137길
영등포구,도림로139가길
영등포구,도림로139가길
영등포구,도림로139길
영등포구,도림로139길
영등포구,도림로141가길
영등포구,도림로141가길
영등포구,도림로141길
영등포구,도림로141길
영등포구,도림로141길
영등포구,도림로141나길
영등포구,도림로141나길
영등포구,도림로141다길
영등포구,도림로141다길
영등포구,도림로141라길
영등포구,도림로141라길
영등포구,도림로143길
영등포구,도림로143길
영등포구,도림로145길
영등포구,도림로145길
영등포구,도림로147길
영등포구,도림로147길
영등포구,도림로31길
영등포구,도림로31길
영등포구,도림로33길
영등포구,도림로33길
영등포구,도림로36길
영등포구,도림로36길
영등포구,도림로37길
영등포구,도림로37길
영등포구,도림로38길
영등포구,도림로38길
영등포구,도림로39길
영등포구,도림로39길
영등포구,도림로40길
영등포구,도림로40길
영등포구,도림로41길
영등포구,도림로41길
영등포구,도림로47가길
영등포구,도림로47가길
영등포구,도림로47길
영등포구,도림로47길
영등포구,도림로47나길
영등포구,도림로47나길
영등포구,도림로48길
영등포구,도림로48길
영등포구,도림로50길
영등포구,도림로50길
영등포구,도림로52길
영등포구,도림로52길
영등포구,도림로53길
영등포구,도림로53길
영등포구,도림로54길
영등포구,도림로54길
영등포구,도림로55길
영등포구,도림로55길
영등포구,도림로57길
영등포구,도림로57길
영등포구,도림로58길
영등포구,도림로58길
영등포구,도림로59길
영등포구,도림로59길
영등포구,도림로61가길
영등포구,도림로61가길
영등포구,도림로61가길
영등포구,도림로61길
영등포구,도림로61길
영등포구,도림로61길
영등포구,도림로61나길
영등포구,도림로61나길
영등포구,도림로62가길
영등포구,도림로62가길
영등포구,도림로62길
영등포구,도림로62길
영등포구,도림로62나길
영등포구,도림로62나길
영등포구,도림로63가길
영등포구,도림로63가길
영등포구,도림로63길
영등포구,도림로63길
영등포구,도림로63나길
영등포구,도림로63나길
영등포구,도림로63다길
영등포구,도림로63다길
영등포구,도림로63라길
영등포구,도림로63라길
영등포구,도림로64가길
영등포구,도림로64가길
영등포구,도림로64길
영등포구,도림로64길
영등포구,도림로64길
영등포구,도림로65길
영등포구,도림로65길
영등포구,도림로69길
영등포구,도림로69길
영등포구,도림로73길
영등포구,도림로73길
영등포구,도림로75길
영등포구,도림로75길
영등포구,도림로77길
영등포구,도림로77길
영등포구,도림로80가길
영등포구,도림로80가길
영등포구,도림로80길
영등포구,도림로80길
영등포구,도림로81길
영등포구,도림로81길
영등포구,도림로83길
영등포구,도림로83길
영등포구,도림로85길
영등포구,도림로85길
영등포구,도림로86길
영등포구,도림로86길
영등포구,도림로87길
영등포구,도림로87길
영등포구,도림로89길
영등포구,도림로89길
영등포구,도림로91길
영등포구,도림로91길
영등포구,도림로96길
영등포구,도림로96길
영등포구,도림로98길
영등포구,도림로98길
영등포구,도림천로11길
영등포구,도림천로11길
영등포구,도림천로13길
영등포구,도림천로13길
영등포구,도림천로15길
영등포구,도림천로15길
영등포구,도림천로19길
영등포구,도림천로19길
영등포구,도림천로21길
영등포구,도림천로21길
영등포구,도신로10가길
영등포구,도신로10가길
영등포구,도신로10길
영등포구,도신로10길
영등포구,도신로12길
영등포구,도신로12길
영등포구,도신로15가길
영등포구,도신로15가길
영등포구,도신로15길
영등포구,도신로15길
영등포구,도신로15나길
영등포구,도신로15나길
영등포구,도신로15다길
영등포구,도신로15다길
영등포구,도신로15라길
영등포구,도신로15라길
영등포구,도신로17길
영등포구,도신로17길
영등포구,도신로19가길
영등포구,도신로19가길
영등포구,도신로19길
영등포구,도신로19길
영등포구,도신로24길
영등포구,도신로24길
영등포구,도신로25길
영등포구,도신로25길
영등포구,도신로27길
영등포구,도신로27길
영등포구,도신로29가길
영등포구,도신로29가길
영등포구,도신로29길
영등포구,도신로29길
영등포구,도신로29길
영등포구,도신로29나길
영등포구,도신로29나길
영등포구,도신로29다길
영등포구,도신로29다길
영등포구,도신로29라길
영등포구,도신로29라길
영등포구,도신로29마길
영등포구,도신로29마길
영등포구,도신로29바길
영등포구,도신로29바길
영등포구,도신로29사길
영등포구,도신로29사길
영등포구,도신로29사길
영등포구,도신로33가길
영등포구,도신로33가길
영등포구,도신로33길
영등포구,도신로33길
영등포구,도신로35길
영등포구,도신로35길
영등포구,도신로36길
영등포구,도신로36길
영등포구,도신로39가길
영등포구,도신로39가길
영등포구,도신로39가길
영등포구,도신로39길
영등포구,도신로39길
영등포구,도신로39길
영등포구,도신로40길
영등포구,도신로40길
영등포구,도신로43길
영등포구,도신로43길
영등포구,도신로47가길
영등포구,도신로47가길
영등포구,도신로47길
영등포구,도신로47길
영등포구,도신로48길
영등포구,도신로48길
영등포구,도신로49길
영등포구,도신로49길
영등포구,도신로4길
영등포구,도신로4길
영등포구,도신로51길
영등포구,도신로51길
영등포구,도신로52길
영등포구,도신로52길
영등포구,도신로53길
영등포구,도신로53길
영등포구,도신로54길
영등포구,도신로54길
영등포구,도신로56가길
영등포구,도신로56가길
영등포구,도신로56길
영등포구,도신로56길
영등포구,도신로56나길
영등포구,도신로56나길
영등포구,도신로58길
영등포구,도신로58길
영등포구,도신로60길
영등포구,도신로60길
영등포구,도신로62길
영등포구,도신로62길
영등포구,도신로64가길
영등포구,도신로64가길
영등포구,도신로64길
영등포구,도신로64길
영등포구,도신로65길
영등포구,도신로65길
영등포구,도신로68길
영등포구,도신로68길
영등포구,도신로6길
영등포구,도신로6길
영등포구,도신로8가길
영등포구,도신로8가길
영등포구,도신로8길
영등포구,도신로8길
영등포구,도신로9길
영등포구,도신로9길
영등포구,도영로11길
영등포구,도영로11길
영등포구,도영로7가길
영등포구,도영로7가길
영등포구,도영로7길
영등포구,도영로7길
영등포구,디지털로37가길
영등포구,디지털로37가길
영등포구,디지털로37길
영등포구,디지털로37길
영등포구,디지털로37나길
영등포구,디지털로37나길
영등포구,디지털로37다길
영등포구,디지털로37다길
영등포구,디지털로37라길
영등포구,디지털로37라길
영등포구,디지털로38길
영등포구,디지털로38길
영등포구,디지털로40길
영등포구,디지털로40길
영등포구,디지털로41길
영등포구,디지털로41길
영등포구,디지털로43길
영등포구,디지털로43길
영등포구,디지털로45길
영등포구,디지털로45길
영등포구,디지털로47길
영등포구,디지털로47길
영등포구,디지털로48가길
영등포구,디지털로48가길
영등포구,디지털로48길
영등포구,디지털로48길
영등포구,디지털로48나길
영등포구,디지털로48나길
영등포구,디지털로49길
영등포구,디지털로49길
영등포구,디지털로51길
영등포구,디지털로51길
영등포구,디지털로52길
영등포구,디지털로52길
영등포구,디지털로53가길
영등포구,디지털로53가길
영등포구,디지털로53길
영등포구,디지털로53길
영등포구,디지털로54가길
영등포구,디지털로54가길
영등포구,디지털로54길
영등포구,디지털로54길
영등포구,디지털로56길
영등포구,디지털로56길
영등포구,디지털로57길
영등포구,디지털로57길
영등포구,디지털로61길
영등포구,디지털로61길
영등포구,디지털로64가길
영등포구,디지털로64가길
영등포구,디지털로64길
영등포구,디지털로64길
영등포구,디지털로66길
영등포구,디지털로66길
영등포구,디지털로67길
영등포구,디지털로67길
영등포구,디지털로69가길
영등포구,디지털로69가길
영등포구,디지털로69길
영등포구,디지털로69길
영등포구,디지털로69나길
영등포구,디지털로69나길
영등포구,디지털로70길
영등포구,디지털로70길
영등포구,디지털로71길
영등포구,디지털로71길
영등포구,디지털로73길
영등포구,디지털로73길
영등포구,디지털로75길
영등포구,디지털로75길
영등포구,디지털로77길
영등포구,디지털로77길
영등포구,디지털로79길
영등포구,디지털로79길
영등포구,디지털로81길
영등포구,디지털로81길
영등포구,문래로10길
영등포구,문래로10길
영등포구,문래로10길
영등포구,문래로20길
영등포구,문래로20길
영등포구,문래로26길
영등포구,문래로26길
영등포구,문래로28길
영등포구,문래로28길
영등포구,문래로30길
영등포구,문래로30길
영등포구,문래로4길
영등포구,문래로4길
영등포구,문래로8길
영등포구,문래로8길
영등포구,버드나루로10길
영등포구,버드나루로10길
영등포구,버드나루로11길
영등포구,버드나루로11길
영등포구,버드나루로12가길
영등포구,버드나루로12가길
영등포구,버드나루로12가길
영등포구,버드나루로12길
영등포구,버드나루로12길
영등포구,버드나루로12나길
영등포구,버드나루로12나길
영등포구,버드나루로14가길
영등포구,버드나루로14가길
영등포구,버드나루로14가길
영등포구,버드나루로14길
영등포구,버드나루로14길
영등포구,버드나루로14길
영등포구,버드나루로15길
영등포구,버드나루로15길
영등포구,버드나루로15길
영등포구,버드나루로16길
영등포구,버드나루로16길
영등포구,버드나루로17길
영등포구,버드나루로17길
영등포구,버드나루로18길
영등포구,버드나루로18길
영등포구,버드나루로19길
영등포구,버드나루로19길
영등포구,버드나루로20길
영등포구,버드나루로20길
영등포구,버드나루로22길
영등포구,버드나루로22길
영등포구,버드나루로23길
영등포구,버드나루로23길
영등포구,버드나루로2길
영등포구,버드나루로2길
영등포구,버드나루로3길
영등포구,버드나루로3길
영등포구,버드나루로4길
영등포구,버드나루로4길
영등포구,버드나루로5길
영등포구,버드나루로5길
영등포구,버드나루로6길
영등포구,버드나루로6길
영등포구,버드나루로7길
영등포구,버드나루로7길
영등포구,버드나루로7길
영등포구,버드나루로8길
영등포구,버드나루로8길
영등포구,버드나루로8길
영등포구,선유동1로2길
영등포구,선유동1로2길
영등포구,선유로11길
영등포구,선유로11길
영등포구,선유로13길
영등포구,선유로13길
영등포구,선유로17길
영등포구,선유로17길
영등포구,선유로22길
영등포구,선유로22길
영등포구,선유로23길
영등포구,선유로23길
영등포구,선유로24길
영등포구,선유로24길
영등포구,선유로25길
영등포구,선유로25길
영등포구,선유로27길
영등포구,선유로27길
영등포구,선유로28길
영등포구,선유로28길
영등포구,선유로33길
영등포구,선유로33길
영등포구,선유로35길
영등포구,선유로35길
영등포구,선유로3길
영등포구,선유로3길
영등포구,선유로40길
영등포구,선유로40길
영등포구,선유로42길
영등포구,선유로42길
영등포구,선유로43가길
영등포구,선유로43가길
영등포구,선유로43길
영등포구,선유로43길
영등포구,선유로43길
영등포구,선유로43나길
영등포구,선유로43나길
영등포구,선유로44길
영등포구,선유로44길
영등포구,선유로45길
영등포구,선유로45길
영등포구,선유로47길
영등포구,선유로47길
영등포구,선유로49길
영등포구,선유로49길
영등포구,선유로51길
영등포구,선유로51길
영등포구,선유로52길
영등포구,선유로52길
영등포구,선유로52길
영등포구,선유로53길
영등포구,선유로53길
영등포구,선유로54길
영등포구,선유로54길
영등포구,선유로54길
영등포구,선유로55길
영등포구,선유로55길
영등포구,선유로5길
영등포구,선유로5길
영등포구,선유로9가길
영등포구,선유로9가길
영등포구,선유로9길
영등포구,선유로9길
영등포구,선유로9길
영등포구,선유로9나길
영등포구,선유로9나길
영등포구,선유로9다길
영등포구,선유로9다길
영등포구,선유서로13길
영등포구,선유서로13길
영등포구,선유서로21길
영등포구,선유서로21길
영등포구,선유서로24길
영등포구,선유서로24길
영등포구,선유서로25길
영등포구,선유서로25길
영등포구,선유서로26길
영등포구,선유서로26길
영등포구,선유서로28길
영등포구,선유서로28길
영등포구,선유서로30길
영등포구,선유서로30길
영등포구,선유서로31길
영등포구,선유서로31길
영등포구,선유서로32길
영등포구,선유서로32길
영등포구,선유서로34길
영등포구,선유서로34길
영등포구,선유서로35길
영등포구,선유서로35길
영등포구,선유서로9길
영등포구,선유서로9길
영등포구,선유서로9길
영등포구,시흥대로173길
영등포구,시흥대로173길
영등포구,시흥대로175가길
영등포구,시흥대로175가길
영등포구,시흥대로175길
영등포구,시흥대로175길
영등포구,시흥대로177길
영등포구,시흥대로177길
영등포구,시흥대로181길
영등포구,시흥대로181길
영등포구,시흥대로183길
영등포구,시흥대로183길
영등포구,시흥대로185길
영등포구,시흥대로185길
영등포구,시흥대로187길
영등포구,시흥대로187길
영등포구,신길로10길
영등포구,신길로10길
영등포구,신길로13가길
영등포구,신길로13가길
영등포구,신길로13길
영등포구,신길로13길
영등포구,신길로13길
영등포구,신길로15가길
영등포구,신길로15가길
영등포구,신길로15길
영등포구,신길로15길
영등포구,신길로15길
영등포구,신길로15나길
영등포구,신길로15나길
영등포구,신길로15다길
영등포구,신길로15다길
영등포구,신길로16길
영등포구,신길로16길
영등포구,신길로17길
영등포구,신길로17길
영등포구,신길로1길
영등포구,신길로1길
영등포구,신길로23가길
영등포구,신길로23가길
영등포구,신길로23길
영등포구,신길로23길
영등포구,신길로23다길
영등포구,신길로23다길
영등포구,신길로25길
영등포구,신길로25길
영등포구,신길로28길
영등포구,신길로28길
영등포구,신길로29가길
영등포구,신길로29가길
영등포구,신길로29길
영등포구,신길로29길
영등포구,신길로33길
영등포구,신길로33길
영등포구,신길로34길
영등포구,신길로34길
영등포구,신길로37길
영등포구,신길로37길
영등포구,신길로38가길
영등포구,신길로38가길
영등포구,신길로38길
영등포구,신길로38길
영등포구,신길로38나길
영등포구,신길로38나길
영등포구,신길로39길
영등포구,신길로39길
영등포구,신길로40길
영등포구,신길로40길
영등포구,신길로41가길
영등포구,신길로41가길
영등포구,신길로41길
영등포구,신길로41길
영등포구,신길로41나길
영등포구,신길로41나길
영등포구,신길로41다길
영등포구,신길로41다길
영등포구,신길로41라길
영등포구,신길로41라길
영등포구,신길로42가길
영등포구,신길로42가길
영등포구,신길로42길
영등포구,신길로42길
영등포구,신길로42나길
영등포구,신길로42나길
영등포구,신길로42다길
영등포구,신길로42다길
영등포구,신길로42라길
영등포구,신길로42라길
영등포구,신길로43길
영등포구,신길로43길
영등포구,신길로45길
영등포구,신길로45길
영등포구,신길로47길
영등포구,신길로47길
영등포구,신길로52길
영등포구,신길로52길
영등포구,신길로54길
영등포구,신길로54길
영등포구,신길로56길
영등포구,신길로56길
영등포구,신길로58길
영등포구,신길로58길
영등포구,신길로58길
영등포구,신길로5길
영등포구,신길로5길
영등포구,신길로60가길
영등포구,신길로60가길
영등포구,신길로60길
영등포구,신길로60길
영등포구,신길로60길
영등포구,신길로60나길
영등포구,신길로60나길
영등포구,신길로60나길
영등포구,신길로60다길
영등포구,신길로60다길
영등포구,신길로60라길
영등포구,신길로60라길
영등포구,신길로60마길
영등포구,신길로60마길
영등포구,신길로60바길
영등포구,신길로60바길
영등포구,신길로61길
영등포구,신길로61길
영등포구,신길로62가길
영등포구,신길로62가길
영등포구,신길로62길
영등포구,신길로62길
영등포구,신길로62길
영등포구,신길로62나길
영등포구,신길로62나길
영등포구,신길로7길
영등포구,신길로7길
영등포구,신길로8길
영등포구,신길로8길
영등포구,신길로9길
영등포구,신길로9길
영등포구,신풍로10길
영등포구,신풍로10길
영등포구,신풍로11길
영등포구,신풍로11길
영등포구,신풍로12가길
영등포구,신풍로12가길
영등포구,신풍로12길
영등포구,신풍로12길
영등포구,신풍로12나길
영등포구,신풍로12나길
영등포구,신풍로14길
영등포구,신풍로14길
영등포구,신풍로16길
영등포구,신풍로16길
영등포구,신풍로17길
영등포구,신풍로17길
영등포구,신풍로18길
영등포구,신풍로18길
영등포구,신풍로19가길
영등포구,신풍로19가길
영등포구,신풍로19길
영등포구,신풍로19길
영등포구,신풍로20길
영등포구,신풍로20길
영등포구,신풍로22길
영등포구,신풍로22길
영등포구,신풍로23길
영등포구,신풍로23길
영등포구,신풍로24길
영등포구,신풍로24길
영등포구,신풍로25가길
영등포구,신풍로25가길
영등포구,신풍로25길
영등포구,신풍로25길
영등포구,신풍로26길
영등포구,신풍로26길
영등포구,신풍로2길
영등포구,신풍로2길
영등포구,신풍로6길
영등포구,신풍로6길
영등포구,신풍로7길
영등포구,신풍로7길
영등포구,신풍로8길
영등포구,신풍로8길
영등포구,양산로17길
영등포구,양산로17길
영등포구,양산로19길
영등포구,양산로19길
영등포구,양산로1길
영등포구,양산로1길
영등포구,양산로23길
영등포구,양산로23길
영등포구,양산로25길
영등포구,양산로25길
영등포구,양산로31길
영등포구,양산로31길
영등포구,양산로39길
영등포구,양산로39길
영등포구,양산로3길
영등포구,양산로3길
영등포구,양산로7길
영등포구,양산로7길
영등포구,양산로9길
영등포구,양산로9길
영등포구,양평로12가길
영등포구,양평로12가길
영등포구,양평로12가길
영등포구,양평로12길
영등포구,양평로12길
영등포구,양평로14길
영등포구,양평로14길
영등포구,양평로14길
영등포구,양평로17길
영등포구,양평로17길
영등포구,양평로18길
영등포구,양평로18길
영등포구,양평로19길
영등포구,양평로19길
영등포구,양평로20길
영등포구,양평로20길
영등포구,양평로21가길
영등포구,양평로21가길
영등포구,양평로21길
영등포구,양평로21길
영등포구,양평로21길
영등포구,양평로21나길
영등포구,양평로21나길
영등포구,양평로21다길
영등포구,양평로21다길
영등포구,양평로22가길
영등포구,양평로22가길
영등포구,양평로22길
영등포구,양평로22길
영등포구,양평로22길
영등포구,양평로22길
영등포구,양평로22나길
영등포구,양평로22나길
영등포구,양평로22다길
영등포구,양평로22다길
영등포구,양평로22라길
영등포구,양평로22라길
영등포구,양평로22마길
영등포구,양평로22마길
영등포구,양평로22바길
영등포구,양평로22바길
영등포구,양평로22사길
영등포구,양평로22사길
영등포구,양평로23길
영등포구,양평로23길
영등포구,양평로24길
영등포구,양평로24길
영등포구,양평로27길
영등포구,양평로27길
영등포구,양평로28가길
영등포구,양평로28가길
영등포구,양평로28길
영등포구,양평로28길
영등포구,양평로28길
영등포구,양평로28나길
영등포구,양평로28나길
영등포구,양평로28다길
영등포구,양평로28다길
영등포구,양평로28마길
영등포구,양평로28마길
영등포구,양평로28바길
영등포구,양평로28바길
영등포구,양평로28사길
영등포구,양평로28사길
영등포구,양평로28아길
영등포구,양평로28아길
영등포구,양평로30가길
영등포구,양평로30가길
영등포구,양평로30길
영등포구,양평로30길
영등포구,양평로30나길
영등포구,양평로30나길
영등포구,여의나루로2길
영등포구,여의나루로2길
영등포구,여의나루로4길
영등포구,여의나루로4길
영등포구,여의대로6길
영등포구,여의대로6길
영등포구,여의대방로13길
영등포구,여의대방로13길
영등포구,여의대방로15길
영등포구,여의대방로15길
영등포구,여의대방로17길
영등포구,여의대방로17길
영등포구,여의대방로19길
영등포구,여의대방로19길
영등포구,여의대방로1길
영등포구,여의대방로1길
영등포구,여의대방로21길
영등포구,여의대방로21길
영등포구,여의대방로23길
영등포구,여의대방로23길
영등포구,여의대방로27길
영등포구,여의대방로27길
영등포구,여의대방로29길
영등포구,여의대방로29길
영등포구,여의대방로31길
영등포구,여의대방로31길
영등포구,여의대방로35가길
영등포구,여의대방로35가길
영등포구,여의대방로35길
영등포구,여의대방로35길
영등포구,여의대방로39길
영등포구,여의대방로39길
영등포구,여의대방로43가길
영등포구,여의대방로43가길
영등포구,여의대방로43길
영등포구,여의대방로43길
영등포구,여의대방로43나길
영등포구,여의대방로43나길
영등포구,여의대방로43다길
영등포구,여의대방로43다길
영등포구,여의대방로43라길
영등포구,여의대방로43라길
영등포구,여의대방로45길
영등포구,여의대방로45길
영등포구,여의대방로47가길
영등포구,여의대방로47가길
영등포구,여의대방로47길
영등포구,여의대방로47길
영등포구,여의대방로47나길
영등포구,여의대방로47나길
영등포구,여의대방로47다길
영등포구,여의대방로47다길
영등포구,여의대방로47라길
영등포구,여의대방로47라길
영등포구,여의대방로49길
영등포구,여의대방로49길
영등포구,여의대방로51길
영등포구,여의대방로51길
영등포구,여의대방로53가길
영등포구,여의대방로53가길
영등포구,여의대방로53길
영등포구,여의대방로53길
영등포구,여의대방로53나길
영등포구,여의대방로53나길
영등포구,여의대방로55길
영등포구,여의대방로55길
영등포구,여의대방로59가길
영등포구,여의대방로59가길
영등포구,여의대방로59길
영등포구,여의대방로59길
영등포구,여의대방로59나길
영등포구,여의대방로59나길
영등포구,여의대방로5길
영등포구,여의대방로5길
영등포구,여의대방로61길
영등포구,여의대방로61길
영등포구,여의대방로62길
영등포구,여의대방로62길
영등포구,여의대방로65길
영등포구,여의대방로65길
영등포구,여의대방로67길
영등포구,여의대방로67길
영등포구,여의대방로68길
영등포구,여의대방로68길
영등포구,여의대방로69길
영등포구,여의대방로69길
영등포구,여의대방로70길
영등포구,여의대방로70길
영등포구,국제금융로7가길
영등포구,국제금융로7가길
영등포구,여의대방로7길
영등포구,여의대방로7길
영등포구,여의대방로9가길
영등포구,여의대방로9가길
영등포구,여의대방로9길
영등포구,여의대방로9길
영등포구,여의동로3길
영등포구,여의동로3길
영등포구,영등포로11길
영등포구,영등포로11길
영등포구,영등포로12길
영등포구,영등포로12길
영등포구,영등포로13길
영등포구,영등포로13길
영등포구,영등포로18길
영등포구,영등포로18길
영등포구,영등포로19길
영등포구,영등포로19길
영등포구,영등포로20길
영등포구,영등포로20길
영등포구,영등포로22길
영등포구,영등포로22길
영등포구,영등포로25길
영등포구,영등포로25길
영등포구,영등포로27길
영등포구,영등포로27길
영등포구,영등포로28길
영등포구,영등포로28길
영등포구,영등포로28길
영등포구,영등포로29길
영등포구,영등포로29길
영등포구,영등포로30길
영등포구,영등포로30길
영등포구,영등포로30길
영등포구,영등포로33길
영등포구,영등포로33길
영등포구,영등포로34길
영등포구,영등포로34길
영등포구,영등포로35가길
영등포구,영등포로35가길
영등포구,영등포로35길
영등포구,영등포로35길
영등포구,영등포로35나길
영등포구,영등포로35나길
영등포구,영등포로36길
영등포구,영등포로36길
영등포구,영등포로37길
영등포구,영등포로37길
영등포구,영등포로3길
영등포구,영등포로3길
영등포구,영등포로41길
영등포구,영등포로41길
영등포구,영등포로42길
영등포구,영등포로42길
영등포구,영등포로43가길
영등포구,영등포로43가길
영등포구,영등포로43길
영등포구,영등포로43길
영등포구,영등포로45길
영등포구,영등포로45길
영등포구,영등포로45길
영등포구,영등포로46길
영등포구,영등포로46길
영등포구,영등포로47길
영등포구,영등포로47길
영등포구,영등포로49길
영등포구,영등포로49길
영등포구,영등포로50길
영등포구,영등포로50길
영등포구,영등포로51길
영등포구,영등포로51길
영등포구,영등포로53길
영등포구,영등포로53길
영등포구,영등포로53길
영등포구,영등포로57길
영등포구,영등포로57길
영등포구,영등포로5길
영등포구,영등포로5길
영등포구,영등포로60길
영등포구,영등포로60길
영등포구,영등포로60길
영등포구,영등포로62가길
영등포구,영등포로62가길
영등포구,영등포로62길
영등포구,영등포로62길
영등포구,영등포로62길
영등포구,영등포로62나길
영등포구,영등포로62나길
영등포구,영등포로62다길
영등포구,영등포로62다길
영등포구,영등포로62라길
영등포구,영등포로62라길
영등포구,영등포로64길
영등포구,영등포로64길
영등포구,영등포로65길
영등포구,영등포로65길
영등포구,영등포로67가길
영등포구,영등포로67가길
영등포구,영등포로67길
영등포구,영등포로67길
영등포구,영등포로6길
영등포구,영등포로6길
영등포구,영등포로72길
영등포구,영등포로72길
영등포구,영등포로74길
영등포구,영등포로74길
영등포구,영등포로76길
영등포구,영등포로76길
영등포구,영등포로78길
영등포구,영등포로78길
영등포구,영등포로79가길
영등포구,영등포로79가길
영등포구,영등포로79길
영등포구,영등포로79길
영등포구,영등포로80길
영등포구,영등포로80길
영등포구,영등포로81길
영등포구,영등포로81길
영등포구,영등포로84길
영등포구,영등포로84길
영등포구,영등포로86가길
영등포구,영등포로86가길
영등포구,영등포로86길
영등포구,영등포로86길
영등포구,영등포로9길
영등포구,영등포로9길
영등포구,영신로10길
영등포구,영신로10길
영등포구,영신로11길
영등포구,영신로11길
영등포구,영신로13길
영등포구,영신로13길
영등포구,영신로15길
영등포구,영신로15길
영등포구,영신로17길
영등포구,영신로17길
영등포구,영신로19길
영등포구,영신로19길
영등포구,영신로1가길
영등포구,영신로1가길
영등포구,영신로1길
영등포구,영신로1길
영등포구,영신로20가길
영등포구,영신로20가길
영등포구,영신로20길
영등포구,영신로20길
영등포구,영신로23길
영등포구,영신로23길
영등포구,영신로24길
영등포구,영신로24길
영등포구,영신로25길
영등포구,영신로25길
영등포구,영신로30길
영등포구,영신로30길
영등포구,영신로32길
영등포구,영신로32길
영등포구,영신로33길
영등포구,영신로33길
영등포구,영신로34길
영등포구,영신로34길
영등포구,영신로37길
영등포구,영신로37길
영등포구,영신로38길
영등포구,영신로38길
영등포구,영신로39길
영등포구,영신로39길
영등포구,영신로40길
영등포구,영신로40길
영등포구,영신로41길
영등포구,영신로41길
영등포구,영신로42길
영등포구,영신로42길
영등포구,영신로43길
영등포구,영신로43길
영등포구,영신로44길
영등포구,영신로44길
영등포구,영신로45길
영등포구,영신로45길
영등포구,영신로47길
영등포구,영신로47길
영등포구,영신로54길
영등포구,영신로54길
영등포구,영신로55길
영등포구,영신로55길
영등포구,영신로57길
영등포구,영신로57길
영등포구,영신로61길
영등포구,영신로61길
영등포구,영신로8길
영등포구,영신로8길
영등포구,영신로9가길
영등포구,영신로9가길
영등포구,영신로9길
영등포구,영신로9길
영등포구,영신로9길
영등포구,영신로9나길
영등포구,영신로9나길
영등포구,영신로9다길
영등포구,영신로9다길
영등포구,영신로9다길
영등포구,영신로9라길
영등포구,영신로9라길
영등포구,영신로9마길
영등포구,영신로9마길
영등포구,영신로9바길
영등포구,영신로9바길
영등포구,영신로9바길
영등포구,영신로9사길
영등포구,영신로9사길
영등포구,영신로9사길
영등포구,영신로9아길
영등포구,영신로9아길
영등포구,영신로9아길
영등포구,영중로10길
영등포구,영중로10길
영등포구,영중로14길
영등포구,영중로14길
영등포구,영중로14길
영등포구,영중로16길
영등포구,영중로16길
영등포구,영중로18길
영등포구,영중로18길
영등포구,영중로20길
영등포구,영중로20길
영등포구,영중로22길
영등포구,영중로22길
영등포구,영중로24길
영등포구,영중로24길
영등포구,영중로27길
영등포구,영중로27길
영등포구,영중로29길
영등포구,영중로29길
영등포구,영중로2길
영등포구,영중로2길
영등포구,영중로33길
영등포구,영중로33길
영등포구,영중로34길
영등포구,영중로34길
영등포구,영중로36길
영등포구,영중로36길
영등포구,영중로38길
영등포구,영중로38길
영등포구,영중로3길
영등포구,영중로3길
영등포구,영중로41길
영등포구,영중로41길
영등포구,영중로42길
영등포구,영중로42길
영등포구,영중로42길
영등포구,영중로4길
영등포구,영중로4길
영등포구,영중로6길
영등포구,영중로6길
영등포구,영중로8길
영등포구,영중로8길
영등포구,의사당대로1길
영등포구,의사당대로1길
영등포구,국회대로76나길
영등포구,도림로144길
영등포구,도영로20길
영등포구,버드나루로9길
영등포구,선유로39길
영등포구,선유서로11길
영등포구,양산로29길
영등포구,양평로28라길
영등포구,양평로28라길
영등포구,여의나루로6길
영등포구,여의대로2길
영등포구,여의대로4길
영등포구,여의대방로3길
영등포구,여의동로1길
영등포구,여의동로7길
영등포구,여의동로7길
영등포구,여의서로1길
영등포구,영등포로26길
영등포구,영등포로2길
영등포구,영등포로2길
영등포구,영등포로2길
영등포구,도영로22길
영등포구,도영로22길
영등포구,도영로22길
영등포구,도림로121길
영등포구,양평로25길
영등포구,양평로25길
영등포구,신길로28가길
영등포구,신길로28가길
영등포구,도림천동자전거길
영등포구,한강남자전거길
영등포구,안양천동자전거길
영등포구,안양천서자전거길