﻿용산구,녹사평대로
용산구,녹사평대로
용산구,녹사평대로
용산구,녹사평대로
용산구,녹사평대로
용산구,녹사평대로
용산구,한강대로
용산구,한강대로
용산구,한강대로
용산구,한강대로
용산구,한강대로
용산구,한강대로
용산구,한강대로
용산구,동작대로
용산구,삼일대로
용산구,강남대로
용산구,한남대로
용산구,한남대로
용산구,반포대로
용산구,독서당로
용산구,독서당로
용산구,백범로
용산구,백범로
용산구,백범로
용산구,백범로
용산구,백범로
용산구,백범로
용산구,백범로
용산구,백범로
용산구,백범로
용산구,삼개로
용산구,삼개로
용산구,새창로
용산구,새창로
용산구,새창로
용산구,새창로
용산구,새창로
용산구,새창로
용산구,새창로
용산구,효창원로
용산구,효창원로
용산구,효창원로
용산구,효창원로
용산구,효창원로
용산구,효창원로
용산구,효창원로
용산구,효창원로
용산구,효창원로
용산구,효창원로
용산구,효창원로
용산구,양녕로
용산구,양녕로
용산구,다산로
용산구,다산로
용산구,만리재로
용산구,만리재로
용산구,소월로
용산구,소월로
용산구,소월로
용산구,소월로
용산구,소월로
용산구,장충단로
용산구,청파로
용산구,청파로
용산구,청파로
용산구,청파로
용산구,청파로
용산구,청파로
용산구,청파로
용산구,청파로
용산구,청파로
용산구,청파로
용산구,청파로
용산구,청파로
용산구,후암로
용산구,후암로
용산구,후암로
용산구,대사관로
용산구,대사관로
용산구,두텁바위로
용산구,두텁바위로
용산구,두텁바위로
용산구,두텁바위로
용산구,두텁바위로
용산구,두텁바위로
용산구,보광로
용산구,보광로
용산구,보광로
용산구,서빙고로
용산구,서빙고로
용산구,서빙고로
용산구,서빙고로
용산구,서빙고로
용산구,서빙고로
용산구,서빙고로
용산구,서빙고로
용산구,서빙고로
용산구,서빙고로
용산구,신흥로
용산구,신흥로
용산구,신흥로
용산구,우사단로
용산구,우사단로
용산구,우사단로
용산구,원효로
용산구,원효로
용산구,원효로
용산구,원효로
용산구,원효로
용산구,원효로
용산구,원효로
용산구,원효로
용산구,이촌로
용산구,이촌로
용산구,이촌로
용산구,이촌로
용산구,이촌로
용산구,이태원로
용산구,이태원로
용산구,이태원로
용산구,이태원로
용산구,이태원로
용산구,이태원로
용산구,이태원로
용산구,이태원로
용산구,이태원로
용산구,이태원로
용산구,이태원로
용산구,임정로
용산구,임정로
용산구,장문로
용산구,장문로
용산구,장문로
용산구,장문로
용산구,장문로
용산구,회나무로
용산구,회나무로
용산구,여의대방로
용산구,강변북로
용산구,남산공원길
용산구,남산공원길
용산구,남산공원길
용산구,녹사평대로58길
용산구,녹사평대로11가길
용산구,녹사평대로11가길
용산구,녹사평대로11길
용산구,녹사평대로11길
용산구,녹사평대로14길
용산구,녹사평대로14길
용산구,녹사평대로14길
용산구,녹사평대로26가길
용산구,녹사평대로26가길
용산구,녹사평대로26길
용산구,녹사평대로26길
용산구,녹사평대로26나길
용산구,녹사평대로26나길
용산구,녹사평대로32길
용산구,녹사평대로32길
용산구,녹사평대로40가길
용산구,녹사평대로40가길
용산구,녹사평대로40길
용산구,녹사평대로40길
용산구,녹사평대로40나길
용산구,녹사평대로40나길
용산구,녹사평대로40다길
용산구,녹사평대로40다길
용산구,녹사평대로42길
용산구,녹사평대로42길
용산구,녹사평대로46가길
용산구,녹사평대로46가길
용산구,녹사평대로46길
용산구,녹사평대로46길
용산구,녹사평대로52길
용산구,녹사평대로52길
용산구,녹사평대로54길
용산구,녹사평대로54길
용산구,녹사평대로60길
용산구,녹사평대로60길
용산구,녹사평대로60길
용산구,대사관로11길
용산구,대사관로11길
용산구,대사관로12길
용산구,대사관로12길
용산구,대사관로15길
용산구,대사관로15길
용산구,대사관로16길
용산구,대사관로16길
용산구,대사관로19길
용산구,대사관로19길
용산구,대사관로20길
용산구,대사관로20길
용산구,대사관로24가길
용산구,대사관로24가길
용산구,대사관로24길
용산구,대사관로24길
용산구,대사관로30가길
용산구,대사관로30가길
용산구,대사관로30길
용산구,대사관로30길
용산구,대사관로30나길
용산구,대사관로30나길
용산구,대사관로31길
용산구,대사관로31길
용산구,대사관로34가길
용산구,대사관로34가길
용산구,대사관로34길
용산구,대사관로34길
용산구,대사관로34나길
용산구,대사관로34나길
용산구,대사관로34다길
용산구,대사관로34다길
용산구,대사관로5길
용산구,대사관로5길
용산구,대사관로6가길
용산구,대사관로6가길
용산구,대사관로6길
용산구,대사관로6길
용산구,대사관로7길
용산구,대사관로7길
용산구,대사관로8길
용산구,대사관로8길
용산구,독서당로11길
용산구,독서당로11길
용산구,독서당로14길
용산구,독서당로14길
용산구,독서당로20길
용산구,독서당로20길
용산구,독서당로29길
용산구,독서당로29길
용산구,독서당로34길
용산구,독서당로34길
용산구,독서당로35길
용산구,독서당로35길
용산구,독서당로37길
용산구,독서당로37길
용산구,독서당로3길
용산구,독서당로3길
용산구,독서당로5길
용산구,독서당로5길
용산구,독서당로6길
용산구,독서당로6길
용산구,독서당로8길
용산구,독서당로8길
용산구,두텁바위로13길
용산구,두텁바위로13길
용산구,두텁바위로15길
용산구,두텁바위로15길
용산구,두텁바위로1가길
용산구,두텁바위로1가길
용산구,두텁바위로1길
용산구,두텁바위로1길
용산구,두텁바위로1길
용산구,두텁바위로1나길
용산구,두텁바위로1나길
용산구,두텁바위로25길
용산구,두텁바위로25길
용산구,두텁바위로31길
용산구,두텁바위로31길
용산구,두텁바위로35길
용산구,두텁바위로35길
용산구,두텁바위로37길
용산구,두텁바위로37길
용산구,두텁바위로38가길
용산구,두텁바위로38가길
용산구,두텁바위로38길
용산구,두텁바위로38길
용산구,두텁바위로38길
용산구,두텁바위로40길
용산구,두텁바위로40길
용산구,두텁바위로46길
용산구,두텁바위로46길
용산구,두텁바위로47길
용산구,두텁바위로47길
용산구,두텁바위로53길
용산구,두텁바위로53길
용산구,두텁바위로57길
용산구,두텁바위로57길
용산구,두텁바위로58길
용산구,두텁바위로58길
용산구,두텁바위로5길
용산구,두텁바위로5길
용산구,두텁바위로60길
용산구,두텁바위로60길
용산구,두텁바위로61길
용산구,두텁바위로61길
용산구,두텁바위로69길
용산구,두텁바위로69길
용산구,두텁바위로75길
용산구,두텁바위로75길
용산구,만리재로20길
용산구,만리재로20길
용산구,만리재로24가길
용산구,만리재로24가길
용산구,만리재로24길
용산구,만리재로24길
용산구,만리재로26가길
용산구,만리재로26가길
용산구,만리재로26길
용산구,만리재로26길
용산구,만리재로28길
용산구,만리재로28길
용산구,만리재로36길
용산구,만리재로36길
용산구,만리재로40길
용산구,만리재로40길
용산구,백범로43길
용산구,백범로43길
용산구,백범로45길
용산구,백범로45길
용산구,백범로47가길
용산구,백범로47가길
용산구,백범로47길
용산구,백범로47길
용산구,백범로47나길
용산구,백범로47나길
용산구,백범로51길
용산구,백범로51길
용산구,백범로74길
용산구,백범로74길
용산구,백범로77길
용산구,백범로77길
용산구,백범로79길
용산구,백범로79길
용산구,백범로79길
용산구,백범로79길
용산구,백범로79나길
용산구,백범로79나길
용산구,백범로79다길
용산구,백범로79다길
용산구,백범로79다길
용산구,백범로81길
용산구,백범로81길
용산구,백범로87길
용산구,백범로87길
용산구,백범로90길
용산구,백범로90길
용산구,백범로90다길
용산구,백범로90다길
용산구,백범로90다길
용산구,백범로90라길
용산구,백범로90라길
용산구,백범로90라길
용산구,백범로99가길
용산구,백범로99가길
용산구,백범로99가길
용산구,백범로99길
용산구,백범로99길
용산구,백범로99길
용산구,보광로12가길
용산구,보광로12가길
용산구,보광로12길
용산구,보광로12길
용산구,보광로14길
용산구,보광로14길
용산구,보광로19길
용산구,보광로19길
용산구,보광로21길
용산구,보광로21길
용산구,보광로23길
용산구,보광로23길
용산구,보광로24길
용산구,보광로24길
용산구,보광로25길
용산구,보광로25길
용산구,보광로30가길
용산구,보광로30가길
용산구,보광로30길
용산구,보광로30길
용산구,보광로31길
용산구,보광로31길
용산구,보광로32가길
용산구,보광로32가길
용산구,보광로32길
용산구,보광로32길
용산구,보광로46길
용산구,보광로46길
용산구,보광로48길
용산구,보광로48길
용산구,보광로50길
용산구,보광로50길
용산구,보광로51길
용산구,보광로51길
용산구,보광로54길
용산구,보광로54길
용산구,보광로55길
용산구,보광로55길
용산구,보광로59길
용산구,보광로59길
용산구,보광로5길
용산구,보광로5길
용산구,보광로60길
용산구,보광로60길
용산구,보광로7길
용산구,보광로7길
용산구,보광로7길
용산구,새창로12길
용산구,새창로12길
용산구,새창로12길
용산구,새창로12길
용산구,새창로14길
용산구,새창로14길
용산구,새창로14길
용산구,새창로20가길
용산구,새창로20가길
용산구,새창로20길
용산구,새창로20길
용산구,새창로33길
용산구,새창로33길
용산구,새창로33길
용산구,새창로35길
용산구,새창로35길
용산구,새창로35길
용산구,새창로42길
용산구,새창로42길
용산구,새창로42길
용산구,새창로44길
용산구,새창로44길
용산구,새창로45가길
용산구,새창로45가길
용산구,새창로45길
용산구,새창로45길
용산구,새창로46길
용산구,새창로46길
용산구,새창로49길
용산구,새창로49길
용산구,새창로49길
용산구,새창로50길
용산구,새창로50길
용산구,새창로8길
용산구,새창로8길
용산구,새창로8길
용산구,새창로8길
용산구,서빙고로20길
용산구,서빙고로20길
용산구,서빙고로22길
용산구,서빙고로22길
용산구,서빙고로24길
용산구,서빙고로24길
용산구,서빙고로3길
용산구,서빙고로3길
용산구,서빙고로51가길
용산구,서빙고로51가길
용산구,서빙고로51길
용산구,서빙고로51길
용산구,서빙고로57길
용산구,서빙고로57길
용산구,서빙고로59길
용산구,서빙고로59길
용산구,서빙고로5길
용산구,서빙고로5길
용산구,서빙고로5길
용산구,서빙고로62길
용산구,서빙고로62길
용산구,서빙고로65길
용산구,서빙고로65길
용산구,서빙고로67길
용산구,서빙고로67길
용산구,서빙고로67길
용산구,서빙고로71길
용산구,서빙고로71길
용산구,서빙고로73길
용산구,서빙고로73길
용산구,서빙고로75가길
용산구,서빙고로75가길
용산구,서빙고로75길
용산구,서빙고로75길
용산구,서빙고로79가길
용산구,서빙고로79가길
용산구,서빙고로79가길
용산구,서빙고로79길
용산구,서빙고로79길
용산구,서빙고로79길
용산구,서빙고로91가길
용산구,서빙고로91가길
용산구,서빙고로91길
용산구,서빙고로91길
용산구,서빙고로91길
용산구,서빙고로91나길
용산구,서빙고로91나길
용산구,서빙고로91나길
용산구,서빙고로91다길
용산구,서빙고로91다길
용산구,서빙고로91다길
용산구,서빙고로91라길
용산구,서빙고로91라길
용산구,서빙고로91라길
용산구,서빙고로95길
용산구,서빙고로95길
용산구,서빙고로97길
용산구,서빙고로97길
용산구,소월로20길
용산구,소월로20길
용산구,소월로26길
용산구,소월로26길
용산구,소월로2가길
용산구,소월로2가길
용산구,소월로2길
용산구,소월로2길
용산구,소월로2나길
용산구,소월로2나길
용산구,소월로2다길
용산구,소월로2다길
용산구,소월로30길
용산구,소월로30길
용산구,소월로38가길
용산구,소월로38가길
용산구,소월로38길
용산구,소월로38길
용산구,소월로40길
용산구,소월로40길
용산구,소월로44가길
용산구,소월로44가길
용산구,소월로44길
용산구,소월로44길
용산구,신흥로11가길
용산구,신흥로11가길
용산구,신흥로11길
용산구,신흥로11길
용산구,신흥로11나길
용산구,신흥로11나길
용산구,신흥로12길
용산구,신흥로12길
용산구,신흥로14길
용산구,신흥로14길
용산구,신흥로15길
용산구,신흥로15길
용산구,신흥로16길
용산구,신흥로16길
용산구,신흥로18길
용산구,신흥로18길
용산구,신흥로20길
용산구,신흥로20길
용산구,신흥로20길
용산구,신흥로22가길
용산구,신흥로22가길
용산구,신흥로22길
용산구,신흥로22길
용산구,신흥로23길
용산구,신흥로23길
용산구,신흥로25가길
용산구,신흥로25가길
용산구,신흥로25길
용산구,신흥로25길
용산구,신흥로26길
용산구,신흥로26길
용산구,신흥로27길
용산구,신흥로27길
용산구,신흥로29가길
용산구,신흥로29가길
용산구,신흥로29길
용산구,신흥로29길
용산구,신흥로2길
용산구,신흥로2길
용산구,신흥로30길
용산구,신흥로30길
용산구,신흥로32길
용산구,신흥로32길
용산구,신흥로34길
용산구,신흥로34길
용산구,신흥로36가길
용산구,신흥로36가길
용산구,신흥로36가길
용산구,신흥로36길
용산구,신흥로36길
용산구,신흥로36길
용산구,신흥로3가길
용산구,신흥로3가길
용산구,신흥로3길
용산구,신흥로3길
용산구,신흥로3나길
용산구,신흥로3나길
용산구,신흥로5길
용산구,신흥로5길
용산구,신흥로7길
용산구,신흥로7길
용산구,신흥로9길
용산구,신흥로9길
용산구,우사단로10가길
용산구,우사단로10가길
용산구,우사단로10가길
용산구,우사단로10길
용산구,우사단로10길
용산구,우사단로10길
용산구,우사단로10길
용산구,우사단로10나길
용산구,우사단로10나길
용산구,우사단로10나길
용산구,우사단로10나길
용산구,우사단로10다길
용산구,우사단로10다길
용산구,우사단로10라길
용산구,우사단로10라길
용산구,우사단로10마길
용산구,우사단로10마길
용산구,우사단로10바길
용산구,우사단로10바길
용산구,우사단로12길
용산구,우사단로12길
용산구,우사단로14길
용산구,우사단로14길
용산구,우사단로14길
용산구,우사단로2가길
용산구,우사단로2가길
용산구,우사단로2길
용산구,우사단로2길
용산구,우사단로2나길
용산구,우사단로2나길
용산구,우사단로4가길
용산구,우사단로4가길
용산구,우사단로4길
용산구,우사단로4길
용산구,우사단로4길
용산구,우사단로4나길
용산구,우사단로4나길
용산구,우사단로4다길
용산구,우사단로4다길
용산구,우사단로4라길
용산구,우사단로4라길
용산구,우사단로6길
용산구,우사단로6길
용산구,우사단로6길
용산구,원효로19가길
용산구,원효로19가길
용산구,원효로19길
용산구,원효로19길
용산구,원효로19길
용산구,원효로19나길
용산구,원효로19나길
용산구,원효로1길
용산구,원효로1길
용산구,원효로25길
용산구,원효로25길
용산구,원효로27길
용산구,원효로27길
용산구,원효로27길
용산구,원효로31길
용산구,원효로31길
용산구,원효로35가길
용산구,원효로35가길
용산구,원효로35길
용산구,원효로35길
용산구,원효로35길
용산구,원효로35나길
용산구,원효로35나길
용산구,원효로35나길
용산구,원효로39길
용산구,원효로39길
용산구,원효로3길
용산구,원효로3길
용산구,원효로41가길
용산구,원효로41가길
용산구,원효로41가길
용산구,원효로41길
용산구,원효로41길
용산구,원효로41길
용산구,원효로41길
용산구,원효로41길
용산구,원효로48길
용산구,원효로48길
용산구,원효로48길
용산구,원효로52길
용산구,원효로52길
용산구,원효로53가길
용산구,원효로53가길
용산구,원효로53가길
용산구,원효로53길
용산구,원효로53길
용산구,원효로53길
용산구,원효로54길
용산구,원효로54길
용산구,원효로56길
용산구,원효로56길
용산구,원효로56길
용산구,원효로58길
용산구,원효로58길
용산구,원효로58길
용산구,원효로63길
용산구,원효로63길
용산구,원효로63길
용산구,원효로64길
용산구,원효로64길
용산구,원효로64길
용산구,원효로67길
용산구,원효로67길
용산구,원효로71길
용산구,원효로71길
용산구,원효로71길
용산구,원효로77가길
용산구,원효로77가길
용산구,원효로77길
용산구,원효로77길
용산구,원효로80길
용산구,원효로80길
용산구,원효로80길
용산구,원효로81길
용산구,원효로81길
용산구,원효로83길
용산구,원효로83길
용산구,원효로84길
용산구,원효로84길
용산구,원효로89길
용산구,원효로89길
용산구,원효로89길
용산구,원효로90길
용산구,원효로90길
용산구,원효로90길
용산구,원효로93길
용산구,원효로93길
용산구,원효로97길
용산구,원효로97길
용산구,원효로97길
용산구,유엔빌리지1길
용산구,유엔빌리지1길
용산구,유엔빌리지2길
용산구,유엔빌리지2길
용산구,유엔빌리지3길
용산구,유엔빌리지3길
용산구,유엔빌리지길
용산구,유엔빌리지길
용산구,이촌로14길
용산구,이촌로14길
용산구,이촌로18길
용산구,이촌로18길
용산구,이촌로22길
용산구,이촌로22길
용산구,이촌로29길
용산구,이촌로29길
용산구,이촌로2가길
용산구,이촌로2가길
용산구,이촌로2길
용산구,이촌로2길
용산구,이촌로34길
용산구,이촌로34길
용산구,이촌로37길
용산구,이촌로37길
용산구,이촌로46길
용산구,이촌로46길
용산구,이촌로54길
용산구,이촌로54길
용산구,이촌로58길
용산구,이촌로58길
용산구,이촌로62길
용산구,이촌로62길
용산구,이촌로64길
용산구,이촌로64길
용산구,이촌로65가길
용산구,이촌로65가길
용산구,이촌로65길
용산구,이촌로65길
용산구,이촌로69길
용산구,이촌로69길
용산구,이촌로71길
용산구,이촌로71길
용산구,이촌로71길
용산구,이촌로72길
용산구,이촌로72길
용산구,이촌로75길
용산구,이촌로75길
용산구,이촌로77길
용산구,이촌로77길
용산구,이촌로81길
용산구,이촌로81길
용산구,이촌로84길
용산구,이촌로84길
용산구,이촌로87길
용산구,이촌로87길
용산구,이촌로88길
용산구,이촌로88길
용산구,이촌로89길
용산구,이촌로89길
용산구,이태원로14길
용산구,이태원로14길
용산구,이태원로15길
용산구,이태원로15길
용산구,이태원로16길
용산구,이태원로16길
용산구,이태원로17길
용산구,이태원로17길
용산구,이태원로19길
용산구,이태원로19길
용산구,이태원로20가길
용산구,이태원로20가길
용산구,이태원로20길
용산구,이태원로20길
용산구,이태원로23길
용산구,이태원로23길
용산구,이태원로26길
용산구,이태원로26길
용산구,이태원로27가길
용산구,이태원로27가길
용산구,이태원로27길
용산구,이태원로27길
용산구,이태원로27길
용산구,이태원로27나길
용산구,이태원로27나길
용산구,이태원로27나길
용산구,이태원로27다길
용산구,이태원로27다길
용산구,이태원로27라길
용산구,이태원로27라길
용산구,이태원로2길
용산구,이태원로2길
용산구,이태원로36길
용산구,이태원로36길
용산구,이태원로42길
용산구,이태원로42길
용산구,이태원로45길
용산구,이태원로45길
용산구,이태원로49길
용산구,이태원로49길
용산구,이태원로4가길
용산구,이태원로4가길
용산구,이태원로4가길
용산구,이태원로4길
용산구,이태원로4길
용산구,이태원로4길
용산구,이태원로54가길
용산구,이태원로54가길
용산구,이태원로54길
용산구,이태원로54길
용산구,이태원로55가길
용산구,이태원로55가길
용산구,이태원로55길
용산구,이태원로55길
용산구,이태원로55길
용산구,이태원로55나길
용산구,이태원로55나길
용산구,이태원로55다길
용산구,이태원로55다길
용산구,이태원로55라길
용산구,이태원로55라길
용산구,임정로11길
용산구,임정로11길
용산구,임정로13길
용산구,임정로13길
용산구,임정로21길
용산구,임정로21길
용산구,임정로29길
용산구,임정로29길
용산구,장문로15가길
용산구,장문로15가길
용산구,장문로15길
용산구,장문로15길
용산구,장문로15나길
용산구,장문로15나길
용산구,장문로17길
용산구,장문로17길
용산구,장문로19길
용산구,장문로19길
용산구,장문로27길
용산구,장문로27길
용산구,장문로39길
용산구,장문로39길
용산구,장문로41가길
용산구,장문로41가길
용산구,장문로41길
용산구,장문로41길
용산구,장문로45가길
용산구,장문로45가길
용산구,장문로45가길
용산구,장문로45길
용산구,장문로45길
용산구,장문로45나길
용산구,장문로45나길
용산구,장문로45다길
용산구,장문로45다길
용산구,장문로45라길
용산구,장문로45라길
용산구,장문로45마길
용산구,장문로45마길
용산구,장문로45바길
용산구,장문로45바길
용산구,장문로49가길
용산구,장문로49가길
용산구,장문로49길
용산구,장문로49길
용산구,장문로49나길
용산구,장문로49나길
용산구,장문로51길
용산구,장문로51길
용산구,장문로6길
용산구,장문로6길
용산구,장문로6길
용산구,장문로9가길
용산구,장문로9가길
용산구,장문로9가길
용산구,장문로9길
용산구,장문로9길
용산구,청파로20길
용산구,청파로20길
용산구,청파로20길
용산구,청파로22가길
용산구,청파로22가길
용산구,청파로22길
용산구,청파로22길
용산구,청파로39길
용산구,청파로39길
용산구,청파로43가길
용산구,청파로43가길
용산구,청파로43길
용산구,청파로43길
용산구,청파로43나길
용산구,청파로43나길
용산구,청파로43다길
용산구,청파로43다길
용산구,청파로43라길
용산구,청파로43라길
용산구,청파로45길
용산구,청파로45길
용산구,청파로45길
용산구,청파로47가길
용산구,청파로47가길
용산구,청파로47가길
용산구,청파로47길
용산구,청파로47길
용산구,청파로47길
용산구,청파로47나길
용산구,청파로47나길
용산구,청파로47나길
용산구,청파로47다길
용산구,청파로47다길
용산구,청파로49길
용산구,청파로49길
용산구,청파로51길
용산구,청파로51길
용산구,청파로53길
용산구,청파로53길
용산구,청파로55길
용산구,청파로55길
용산구,청파로57가길
용산구,청파로57가길
용산구,청파로57길
용산구,청파로57길
용산구,청파로57길
용산구,청파로61길
용산구,청파로61길
용산구,청파로63가길
용산구,청파로63가길
용산구,청파로63길
용산구,청파로63길
용산구,청파로67길
용산구,청파로67길
용산구,청파로71가길
용산구,청파로71가길
용산구,청파로71가길
용산구,청파로71길
용산구,청파로71길
용산구,청파로71나길
용산구,청파로71나길
용산구,청파로71다길
용산구,청파로71다길
용산구,청파로71다길
용산구,청파로73가길
용산구,청파로73가길
용산구,청파로73길
용산구,청파로73길
용산구,청파로73길
용산구,청파로73나길
용산구,청파로73나길
용산구,청파로73나길
용산구,청파로73다길
용산구,청파로73다길
용산구,청파로75길
용산구,청파로75길
용산구,청파로77가길
용산구,청파로77가길
용산구,청파로77길
용산구,청파로77길
용산구,청파로83길
용산구,청파로83길
용산구,청파로85가길
용산구,청파로85가길
용산구,청파로85길
용산구,청파로85길
용산구,청파로89길
용산구,청파로89길
용산구,청파로93길
용산구,청파로93길
용산구,청파로95길
용산구,청파로95길
용산구,한강대로100길
용산구,한강대로100길
용산구,한강대로102가길
용산구,한강대로102가길
용산구,한강대로102가길
용산구,한강대로102길
용산구,한강대로102길
용산구,한강대로102길
용산구,한강대로102길
용산구,한강대로102나길
용산구,한강대로102나길
용산구,한강대로102나길
용산구,한강대로102나길
용산구,한강대로102다길
용산구,한강대로102다길
용산구,한강대로104가길
용산구,한강대로104가길
용산구,한강대로104길
용산구,한강대로104길
용산구,한강대로104길
용산구,한강대로104나길
용산구,한강대로104나길
용산구,한강대로104다길
용산구,한강대로104다길
용산구,한강대로104라길
용산구,한강대로104라길
용산구,한강대로104마길
용산구,한강대로104마길
용산구,한강대로104마길
용산구,한강대로10길
용산구,한강대로10길
용산구,한강대로11길
용산구,한강대로11길
용산구,한강대로14가길
용산구,한강대로14가길
용산구,한강대로14길
용산구,한강대로14길
용산구,한강대로14나길
용산구,한강대로14나길
용산구,한강대로14다길
용산구,한강대로14다길
용산구,한강대로15길
용산구,한강대로15길
용산구,한강대로17길
용산구,한강대로17길
용산구,한강대로21가길
용산구,한강대로21가길
용산구,한강대로21길
용산구,한강대로21길
용산구,한강대로21나길
용산구,한강대로21나길
용산구,한강대로23길
용산구,한강대로23길
용산구,한강대로23길
용산구,한강대로28길
용산구,한강대로28길
용산구,한강대로29길
용산구,한강대로29길
용산구,한강대로30길
용산구,한강대로30길
용산구,한강대로30길
용산구,한강대로32길
용산구,한강대로32길
용산구,한강대로32길
용산구,한강대로38가길
용산구,한강대로38가길
용산구,한강대로38길
용산구,한강대로38길
용산구,한강대로38길
용산구,한강대로38나길
용산구,한강대로38나길
용산구,한강대로39길
용산구,한강대로39길
용산구,한강대로40가길
용산구,한강대로40가길
용산구,한강대로40길
용산구,한강대로40길
용산구,한강대로40길
용산구,한강대로40길
용산구,한강대로42길
용산구,한강대로42길
용산구,한강대로43길
용산구,한강대로43길
용산구,한강대로44길
용산구,한강대로44길
용산구,한강대로46길
용산구,한강대로46길
용산구,한강대로48길
용산구,한강대로48길
용산구,한강대로49길
용산구,한강대로49길
용산구,한강대로50길
용산구,한강대로50길
용산구,한강대로50길
용산구,한강대로52길
용산구,한강대로52길
용산구,한강대로52길
용산구,한강대로52길
용산구,한강대로53길
용산구,한강대로53길
용산구,한강대로53길
용산구,한강대로54길
용산구,한강대로54길
용산구,한강대로54길
용산구,한강대로57길
용산구,한강대로57길
용산구,한강대로57길
용산구,한강대로62가길
용산구,한강대로62가길
용산구,한강대로62가길
용산구,한강대로62길
용산구,한강대로62길
용산구,한강대로62길
용산구,한강대로62나길
용산구,한강대로62나길
용산구,한강대로62나길
용산구,한강대로62다길
용산구,한강대로62다길
용산구,한강대로62다길
용산구,한강대로67길
용산구,한강대로67길
용산구,한강대로71길
용산구,한강대로71길
용산구,한강대로72길
용산구,한강대로72길
용산구,한강대로76길
용산구,한강대로76길
용산구,한강대로77길
용산구,한강대로77길
용산구,한강대로7길
용산구,한강대로7길
용산구,한강대로80길
용산구,한강대로80길
용산구,한강대로81길
용산구,한강대로81길
용산구,한강대로84길
용산구,한강대로84길
용산구,한강대로87길
용산구,한강대로87길
용산구,한강대로87길
용산구,한강대로88길
용산구,한강대로88길
용산구,한강대로92길
용산구,한강대로92길
용산구,한강대로94길
용산구,한강대로94길
용산구,한강대로96가길
용산구,한강대로96가길
용산구,한강대로96가길
용산구,한강대로96길
용산구,한강대로96길
용산구,한강대로96길
용산구,한강대로98가길
용산구,한강대로98가길
용산구,한강대로98길
용산구,한강대로98길
용산구,한강대로98길
용산구,한강대로98나길
용산구,한강대로98나길
용산구,한강대로98다길
용산구,한강대로98다길
용산구,한남대로10길
용산구,한남대로10길
용산구,한남대로11길
용산구,한남대로11길
용산구,한남대로18길
용산구,한남대로18길
용산구,한남대로20길
용산구,한남대로20길
용산구,한남대로21길
용산구,한남대로21길
용산구,한남대로27가길
용산구,한남대로27가길
용산구,한남대로27길
용산구,한남대로27길
용산구,한남대로28가길
용산구,한남대로28가길
용산구,한남대로28길
용산구,한남대로28길
용산구,한남대로28나길
용산구,한남대로28나길
용산구,한남대로36길
용산구,한남대로36길
용산구,한남대로40길
용산구,한남대로40길
용산구,한남대로42가길
용산구,한남대로42가길
용산구,한남대로42길
용산구,한남대로42길
용산구,한남대로42나길
용산구,한남대로42나길
용산구,한남대로46길
용산구,한남대로46길
용산구,한남대로8길
용산구,한남대로8길
용산구,회나무로10길
용산구,회나무로10길
용산구,회나무로12가길
용산구,회나무로12가길
용산구,회나무로12길
용산구,회나무로12길
용산구,회나무로12나길
용산구,회나무로12나길
용산구,회나무로13가길
용산구,회나무로13가길
용산구,회나무로13길
용산구,회나무로13길
용산구,회나무로13나길
용산구,회나무로13나길
용산구,회나무로21길
용산구,회나무로21길
용산구,회나무로25길
용산구,회나무로25길
용산구,회나무로26가길
용산구,회나무로26가길
용산구,회나무로26길
용산구,회나무로26길
용산구,회나무로28가길
용산구,회나무로28가길
용산구,회나무로28길
용산구,회나무로28길
용산구,회나무로32길
용산구,회나무로32길
용산구,회나무로35길
용산구,회나무로35길
용산구,회나무로39가길
용산구,회나무로39가길
용산구,회나무로39길
용산구,회나무로39길
용산구,회나무로41가길
용산구,회나무로41가길
용산구,회나무로41길
용산구,회나무로41길
용산구,회나무로42길
용산구,회나무로42길
용산구,회나무로44가길
용산구,회나무로44가길
용산구,회나무로44길
용산구,회나무로44길
용산구,회나무로44길
용산구,회나무로44나길
용산구,회나무로44나길
용산구,회나무로44다길
용산구,회나무로44다길
용산구,회나무로6길
용산구,회나무로6길
용산구,효창원로104가길
용산구,효창원로104가길
용산구,효창원로104길
용산구,효창원로104길
용산구,효창원로104길
용산구,효창원로104나길
용산구,효창원로104나길
용산구,효창원로104다길
용산구,효창원로104다길
용산구,효창원로104라길
용산구,효창원로104라길
용산구,효창원로104라길
용산구,효창원로104마길
용산구,효창원로104마길
용산구,효창원로110길
용산구,효창원로110길
용산구,효창원로12가길
용산구,효창원로12가길
용산구,효창원로12길
용산구,효창원로12길
용산구,효창원로13길
용산구,효창원로13길
용산구,효창원로15길
용산구,효창원로15길
용산구,효창원로15길
용산구,효창원로16가길
용산구,효창원로16가길
용산구,효창원로16가길
용산구,효창원로16길
용산구,효창원로16길
용산구,효창원로23가길
용산구,효창원로23가길
용산구,효창원로23길
용산구,효창원로23길
용산구,효창원로23길
용산구,효창원로23나길
용산구,효창원로23나길
용산구,효창원로25가길
용산구,효창원로25가길
용산구,효창원로25가길
용산구,효창원로25길
용산구,효창원로25길
용산구,효창원로25길
용산구,효창원로25나길
용산구,효창원로25나길
용산구,효창원로25다길
용산구,효창원로25다길
용산구,효창원로26가길
용산구,효창원로26가길
용산구,효창원로26길
용산구,효창원로26길
용산구,효창원로35길
용산구,효창원로35길
용산구,효창원로37가길
용산구,효창원로37가길
용산구,효창원로37길
용산구,효창원로37길
용산구,효창원로37나길
용산구,효창원로37나길
용산구,효창원로37다길
용산구,효창원로37다길
용산구,효창원로37라길
용산구,효창원로37라길
용산구,효창원로37마길
용산구,효창원로37마길
용산구,효창원로39길
용산구,효창원로39길
용산구,효창원로40길
용산구,효창원로40길
용산구,효창원로42길
용산구,효창원로42길
용산구,효창원로42길
용산구,효창원로42길
용산구,효창원로48길
용산구,효창원로48길
용산구,효창원로51길
용산구,효창원로51길
용산구,효창원로52길
용산구,효창원로52길
용산구,효창원로54길
용산구,효창원로54길
용산구,효창원로55길
용산구,효창원로55길
용산구,효창원로59길
용산구,효창원로59길
용산구,효창원로62가길
용산구,효창원로62가길
용산구,효창원로62길
용산구,효창원로62길
용산구,효창원로64길
용산구,효창원로64길
용산구,효창원로66길
용산구,효창원로66길
용산구,효창원로69가길
용산구,효창원로69가길
용산구,효창원로69길
용산구,효창원로69길
용산구,효창원로69나길
용산구,효창원로69나길
용산구,효창원로70길
용산구,효창원로70길
용산구,효창원로72길
용산구,효창원로72길
용산구,효창원로72길
용산구,효창원로76길
용산구,효창원로76길
용산구,효창원로76길
용산구,효창원로86가길
용산구,효창원로86가길
용산구,효창원로86가길
용산구,효창원로86길
용산구,효창원로86길
용산구,효창원로86나길
용산구,효창원로86나길
용산구,효창원로86다길
용산구,효창원로86다길
용산구,효창원로86다길
용산구,효창원로86라길
용산구,효창원로86라길
용산구,효창원로86라길
용산구,효창원로8길
용산구,효창원로8길
용산구,효창원로8길
용산구,효창원로91길
용산구,효창원로91길
용산구,효창원로93길
용산구,효창원로93길
용산구,효창원로93길
용산구,효창원로94가길
용산구,효창원로94가길
용산구,효창원로94길
용산구,효창원로94길
용산구,효창원로94나길
용산구,효창원로94나길
용산구,효창원로94다길
용산구,효창원로94다길
용산구,효창원로98길
용산구,효창원로98길
용산구,효창원로98길
용산구,후암로13가길
용산구,후암로13가길
용산구,후암로13길
용산구,후암로13길
용산구,후암로15길
용산구,후암로15길
용산구,후암로16가길
용산구,후암로16가길
용산구,후암로16길
용산구,후암로16길
용산구,후암로16나길
용산구,후암로16나길
용산구,후암로16다길
용산구,후암로16다길
용산구,후암로22길
용산구,후암로22길
용산구,후암로23길
용산구,후암로23길
용산구,후암로25길
용산구,후암로25길
용산구,후암로28가길
용산구,후암로28가길
용산구,후암로28길
용산구,후암로28길
용산구,후암로28나길
용산구,후암로28나길
용산구,후암로28다길
용산구,후암로28다길
용산구,후암로28라길
용산구,후암로28라길
용산구,후암로28마길
용산구,후암로28마길
용산구,후암로28바길
용산구,후암로28바길
용산구,후암로30길
용산구,후암로30길
용산구,후암로34가길
용산구,후암로34가길
용산구,후암로34길
용산구,후암로34길
용산구,후암로35길
용산구,후암로35길
용산구,후암로40길
용산구,후암로40길
용산구,후암로44길
용산구,후암로44길
용산구,후암로48길
용산구,후암로48길
용산구,후암로49길
용산구,후암로49길
용산구,후암로4길
용산구,후암로4길
용산구,후암로57길
용산구,후암로57길
용산구,후암로5길
용산구,후암로5길
용산구,만리재로16길
용산구,백범로90가길
용산구,백범로90가길
용산구,백범로90나길
용산구,서빙고로17길
용산구,이촌로51길
용산구,한강북자전거길